sample-id,depth-1_iter-1,depth-1_iter-2,depth-1_iter-3,depth-1_iter-4,depth-1_iter-5,depth-1_iter-6,depth-1_iter-7,depth-1_iter-8,depth-1_iter-9,depth-1_iter-10,depth-3334_iter-1,depth-3334_iter-2,depth-3334_iter-3,depth-3334_iter-4,depth-3334_iter-5,depth-3334_iter-6,depth-3334_iter-7,depth-3334_iter-8,depth-3334_iter-9,depth-3334_iter-10,depth-6667_iter-1,depth-6667_iter-2,depth-6667_iter-3,depth-6667_iter-4,depth-6667_iter-5,depth-6667_iter-6,depth-6667_iter-7,depth-6667_iter-8,depth-6667_iter-9,depth-6667_iter-10,depth-10000_iter-1,depth-10000_iter-2,depth-10000_iter-3,depth-10000_iter-4,depth-10000_iter-5,depth-10000_iter-6,depth-10000_iter-7,depth-10000_iter-8,depth-10000_iter-9,depth-10000_iter-10,depth-13333_iter-1,depth-13333_iter-2,depth-13333_iter-3,depth-13333_iter-4,depth-13333_iter-5,depth-13333_iter-6,depth-13333_iter-7,depth-13333_iter-8,depth-13333_iter-9,depth-13333_iter-10,depth-16667_iter-1,depth-16667_iter-2,depth-16667_iter-3,depth-16667_iter-4,depth-16667_iter-5,depth-16667_iter-6,depth-16667_iter-7,depth-16667_iter-8,depth-16667_iter-9,depth-16667_iter-10,depth-20000_iter-1,depth-20000_iter-2,depth-20000_iter-3,depth-20000_iter-4,depth-20000_iter-5,depth-20000_iter-6,depth-20000_iter-7,depth-20000_iter-8,depth-20000_iter-9,depth-20000_iter-10,depth-23333_iter-1,depth-23333_iter-2,depth-23333_iter-3,depth-23333_iter-4,depth-23333_iter-5,depth-23333_iter-6,depth-23333_iter-7,depth-23333_iter-8,depth-23333_iter-9,depth-23333_iter-10,depth-26666_iter-1,depth-26666_iter-2,depth-26666_iter-3,depth-26666_iter-4,depth-26666_iter-5,depth-26666_iter-6,depth-26666_iter-7,depth-26666_iter-8,depth-26666_iter-9,depth-26666_iter-10,depth-30000_iter-1,depth-30000_iter-2,depth-30000_iter-3,depth-30000_iter-4,depth-30000_iter-5,depth-30000_iter-6,depth-30000_iter-7,depth-30000_iter-8,depth-30000_iter-9,depth-30000_iter-10,Patient_ID,Stool_Consistency,Patient_Sex
EG0024,1,1,1,1,1,1,1,1,1,1,203.0,204.0,206.0,212.0,204.0,211.0,203.0,205.0,204.0,210.0,217.0,223.0,222.0,223.0,219.0,222.0,218.0,224.0,223.0,218.0,232.0,227.0,232.0,230.0,231.0,228.0,226.0,236.0,227.0,219.0,237.0,234.0,229.0,234.0,235.0,229.0,237.0,243.0,232.0,233.0,243.0,240.0,236.0,236.0,241.0,241.0,243.0,237.0,243.0,240.0,249.0,251.0,246.0,245.0,241.0,250.0,246.0,239.0,245.0,243.0,252.0,248.0,247.0,246.0,242.0,251.0,250.0,244.0,253.0,250.0,243.0,249.0,251.0,246.0,254.0,244.0,253.0,255.0,253.0,253.0,248.0,257.0,255.0,247.0,251.0,255.0,260.0,251.0,255.0,252.0,P004,formed,F
EG0031,1,1,1,1,1,1,1,1,1,1,235.0,238.0,239.0,237.0,238.0,235.0,236.0,235.0,239.0,237.0,243.0,240.0,242.0,247.0,245.0,243.0,242.0,246.0,241.0,243.0,251.0,242.0,248.0,254.0,247.0,249.0,247.0,250.0,248.0,255.0,251.0,256.0,251.0,256.0,253.0,253.0,252.0,246.0,256.0,249.0,256.0,253.0,255.0,250.0,253.0,251.0,253.0,249.0,255.0,253.0,253.0,253.0,253.0,253.0,253.0,253.0,256.0,254.0,253.0,256.0,259.0,254.0,251.0,256.0,255.0,257.0,259.0,256.0,261.0,255.0,260.0,257.0,255.0,255.0,265.0,257.0,258.0,257.0,252.0,253.0,252.0,254.0,262.0,261.0,260.0,250.0,261.0,255.0,257.0,263.0,P021,formed,M
EG0039,1,1,1,1,1,1,1,1,1,1,265.0,264.0,269.0,261.0,266.0,264.0,264.0,265.0,255.0,263.0,281.0,280.0,279.0,281.0,285.0,276.0,282.0,277.0,280.0,276.0,285.0,282.0,286.0,283.0,283.0,284.0,282.0,286.0,282.0,283.0,287.0,286.0,285.0,287.0,283.0,282.0,288.0,286.0,285.0,283.0,286.0,286.0,287.0,288.0,287.0,287.0,290.0,285.0,285.0,287.0,289.0,287.0,285.0,290.0,287.0,286.0,286.0,290.0,286.0,286.0,287.0,286.0,287.0,288.0,288.0,289.0,288.0,289.0,286.0,289.0,285.0,289.0,291.0,288.0,289.0,288.0,288.0,285.0,288.0,284.0,294.0,289.0,289.0,288.0,288.0,289.0,287.0,291.0,287.0,289.0,P073,formed,M
EG0055,1,1,1,1,1,1,1,1,1,1,150.0,149.0,143.0,152.0,143.0,145.0,140.0,155.0,144.0,146.0,170.0,168.0,167.0,166.0,177.0,156.0,170.0,165.0,171.0,182.0,183.0,185.0,183.0,179.0,193.0,181.0,175.0,166.0,180.0,186.0,185.0,187.0,190.0,194.0,191.0,190.0,192.0,186.0,185.0,198.0,187.0,204.0,189.0,199.0,201.0,184.0,194.0,199.0,188.0,199.0,201.0,198.0,203.0,200.0,206.0,203.0,196.0,197.0,204.0,201.0,214.0,209.0,206.0,210.0,209.0,211.0,206.0,206.0,205.0,206.0,209.0,214.0,212.0,217.0,206.0,213.0,206.0,216.0,208.0,211.0,220.0,217.0,215.0,212.0,220.0,221.0,218.0,211.0,220.0,215.0,P020,liquid,F
EG0057,1,1,1,1,1,1,1,1,1,1,163.0,165.0,158.0,157.0,159.0,159.0,153.0,168.0,160.0,158.0,174.0,168.0,174.0,171.0,173.0,175.0,182.0,171.0,177.0,171.0,183.0,182.0,189.0,190.0,184.0,191.0,191.0,182.0,188.0,185.0,198.0,194.0,200.0,196.0,194.0,198.0,203.0,194.0,193.0,199.0,202.0,201.0,204.0,199.0,201.0,198.0,210.0,198.0,197.0,200.0,204.0,205.0,209.0,208.0,208.0,208.0,210.0,205.0,213.0,199.0,212.0,214.0,213.0,215.0,215.0,206.0,223.0,209.0,207.0,211.0,218.0,222.0,212.0,222.0,213.0,212.0,217.0,218.0,216.0,222.0,224.0,222.0,220.0,218.0,221.0,218.0,220.0,220.0,221.0,221.0,P004,formed,F
EG0070,1,1,1,1,1,1,1,1,1,1,186.0,181.0,185.0,177.0,177.0,182.0,183.0,181.0,177.0,186.0,196.0,197.0,196.0,193.0,197.0,203.0,200.0,197.0,191.0,192.0,213.0,210.0,205.0,207.0,206.0,212.0,209.0,208.0,213.0,209.0,217.0,213.0,212.0,215.0,215.0,209.0,212.0,211.0,218.0,212.0,212.0,218.0,221.0,222.0,215.0,219.0,219.0,222.0,219.0,214.0,216.0,219.0,220.0,222.0,222.0,216.0,222.0,222.0,225.0,215.0,227.0,221.0,226.0,225.0,223.0,226.0,224.0,228.0,219.0,220.0,221.0,218.0,222.0,230.0,223.0,223.0,224.0,234.0,226.0,225.0,230.0,231.0,230.0,226.0,224.0,225.0,235.0,227.0,227.0,225.0,P062,semi-formed,F
EG0088,1,1,1,1,1,1,1,1,1,1,155.0,148.0,146.0,154.0,149.0,151.0,154.0,151.0,155.0,149.0,153.0,165.0,169.0,158.0,163.0,163.0,163.0,157.0,157.0,152.0,177.0,169.0,169.0,160.0,176.0,159.0,171.0,171.0,172.0,170.0,183.0,170.0,180.0,183.0,180.0,181.0,173.0,182.0,173.0,177.0,171.0,180.0,187.0,182.0,176.0,192.0,185.0,186.0,179.0,178.0,186.0,191.0,189.0,186.0,185.0,195.0,191.0,186.0,177.0,204.0,187.0,199.0,185.0,198.0,199.0,191.0,199.0,200.0,195.0,194.0,195.0,205.0,201.0,196.0,202.0,201.0,191.0,194.0,202.0,192.0,210.0,194.0,200.0,200.0,207.0,209.0,200.0,209.0,199.0,208.0,P020,semi-formed,F
EG0101,1,1,1,1,1,1,1,1,1,1,270.0,270.0,271.0,272.0,273.0,272.0,273.0,272.0,269.0,269.0,276.0,275.0,277.0,276.0,278.0,278.0,279.0,279.0,277.0,275.0,280.0,277.0,278.0,281.0,281.0,281.0,281.0,282.0,276.0,284.0,279.0,280.0,279.0,278.0,282.0,282.0,279.0,280.0,280.0,282.0,281.0,283.0,285.0,285.0,283.0,282.0,282.0,284.0,281.0,281.0,282.0,283.0,284.0,282.0,283.0,287.0,284.0,279.0,283.0,283.0,287.0,284.0,283.0,282.0,282.0,285.0,281.0,283.0,285.0,281.0,285.0,286.0,285.0,288.0,285.0,283.0,284.0,285.0,283.0,286.0,285.0,286.0,281.0,286.0,286.0,284.0,287.0,285.0,283.0,283.0,P054,semi-formed,F
EG0118,1,1,1,1,1,1,1,1,1,1,115.0,117.0,121.0,117.0,120.0,121.0,118.0,120.0,124.0,119.0,124.0,123.0,126.0,125.0,123.0,124.0,120.0,121.0,125.0,121.0,128.0,126.0,130.0,130.0,127.0,133.0,127.0,134.0,127.0,127.0,131.0,141.0,130.0,132.0,135.0,137.0,123.0,132.0,135.0,137.0,143.0,137.0,144.0,134.0,137.0,133.0,127.0,138.0,130.0,132.0,141.0,134.0,133.0,138.0,147.0,137.0,138.0,134.0,144.0,138.0,147.0,144.0,145.0,140.0,141.0,140.0,148.0,140.0,136.0,143.0,142.0,146.0,141.0,154.0,143.0,154.0,145.0,144.0,140.0,152.0,148.0,152.0,152.0,150.0,147.0,157.0,149.0,152.0,146.0,148.0,P062,formed,F
EG0136,1,1,1,1,1,1,1,1,1,1,212.0,213.0,217.0,218.0,219.0,209.0,211.0,208.0,215.0,222.0,238.0,232.0,242.0,239.0,240.0,228.0,236.0,241.0,241.0,231.0,247.0,247.0,248.0,239.0,246.0,240.0,249.0,252.0,243.0,251.0,254.0,251.0,256.0,259.0,255.0,244.0,249.0,252.0,254.0,255.0,260.0,260.0,267.0,265.0,266.0,271.0,261.0,258.0,258.0,264.0,271.0,266.0,265.0,266.0,272.0,262.0,269.0,274.0,271.0,268.0,266.0,275.0,273.0,274.0,271.0,271.0,265.0,271.0,270.0,270.0,279.0,275.0,272.0,277.0,277.0,271.0,279.0,282.0,270.0,278.0,279.0,275.0,279.0,277.0,282.0,274.0,274.0,282.0,278.0,277.0,P027,formed,M
EG0141,1,1,1,1,1,1,1,1,1,1,192.0,195.0,201.0,187.0,206.0,198.0,194.0,201.0,196.0,195.0,212.0,213.0,221.0,211.0,212.0,210.0,203.0,214.0,217.0,213.0,224.0,223.0,226.0,222.0,225.0,228.0,224.0,229.0,231.0,221.0,224.0,225.0,233.0,231.0,229.0,228.0,230.0,230.0,232.0,231.0,242.0,240.0,235.0,236.0,234.0,235.0,237.0,229.0,241.0,231.0,239.0,251.0,237.0,243.0,249.0,244.0,236.0,242.0,241.0,237.0,244.0,248.0,248.0,243.0,244.0,244.0,241.0,243.0,234.0,244.0,246.0,244.0,254.0,243.0,252.0,246.0,243.0,247.0,244.0,247.0,252.0,250.0,245.0,251.0,245.0,252.0,244.0,248.0,248.0,251.0,P032,liquid,F
EG0175,1,1,1,1,1,1,1,1,1,1,158.0,150.0,155.0,160.0,159.0,158.0,160.0,158.0,162.0,158.0,171.0,171.0,169.0,172.0,169.0,169.0,164.0,163.0,169.0,168.0,174.0,175.0,179.0,174.0,175.0,175.0,173.0,174.0,181.0,165.0,182.0,184.0,180.0,176.0,181.0,181.0,179.0,178.0,179.0,177.0,182.0,182.0,181.0,176.0,183.0,182.0,180.0,185.0,183.0,187.0,189.0,185.0,188.0,187.0,188.0,186.0,194.0,183.0,191.0,189.0,193.0,193.0,194.0,198.0,189.0,196.0,191.0,185.0,188.0,191.0,194.0,187.0,186.0,193.0,196.0,201.0,194.0,193.0,201.0,195.0,195.0,191.0,199.0,193.0,200.0,194.0,193.0,193.0,196.0,192.0,P032,formed,F
EG0194,1,1,1,1,1,1,1,1,1,1,201.0,201.0,207.0,206.0,210.0,204.0,204.0,203.0,200.0,199.0,227.0,220.0,225.0,229.0,226.0,227.0,222.0,224.0,228.0,228.0,237.0,234.0,242.0,240.0,242.0,235.0,240.0,239.0,229.0,237.0,247.0,242.0,241.0,244.0,248.0,244.0,251.0,250.0,239.0,244.0,252.0,248.0,242.0,248.0,256.0,248.0,245.0,251.0,246.0,251.0,252.0,250.0,249.0,253.0,250.0,249.0,249.0,252.0,251.0,251.0,256.0,254.0,251.0,254.0,254.0,251.0,253.0,258.0,257.0,255.0,253.0,257.0,256.0,248.0,258.0,255.0,251.0,255.0,253.0,257.0,257.0,259.0,258.0,258.0,256.0,260.0,256.0,259.0,256.0,260.0,P029,liquid,M
EG0196,1,1,1,1,1,1,1,1,1,1,157.0,158.0,156.0,152.0,159.0,157.0,146.0,149.0,165.0,154.0,168.0,172.0,172.0,173.0,167.0,171.0,171.0,166.0,171.0,180.0,183.0,176.0,183.0,180.0,185.0,192.0,196.0,181.0,185.0,178.0,190.0,198.0,189.0,189.0,187.0,187.0,190.0,188.0,188.0,187.0,199.0,189.0,199.0,197.0,187.0,204.0,202.0,186.0,190.0,202.0,204.0,204.0,205.0,202.0,201.0,202.0,198.0,204.0,198.0,200.0,208.0,199.0,207.0,205.0,212.0,207.0,206.0,201.0,209.0,208.0,209.0,211.0,203.0,219.0,215.0,213.0,216.0,214.0,214.0,208.0,214.0,210.0,208.0,218.0,218.0,212.0,212.0,214.0,213.0,213.0,P027,formed,M
EG0236,1,1,1,1,1,1,1,1,1,1,221.0,221.0,217.0,226.0,223.0,213.0,222.0,217.0,225.0,215.0,232.0,242.0,246.0,236.0,238.0,238.0,237.0,242.0,244.0,236.0,241.0,251.0,251.0,246.0,242.0,247.0,245.0,249.0,247.0,245.0,259.0,250.0,251.0,263.0,250.0,252.0,248.0,255.0,255.0,248.0,258.0,260.0,261.0,261.0,260.0,254.0,254.0,254.0,257.0,259.0,258.0,261.0,258.0,258.0,257.0,259.0,262.0,263.0,259.0,255.0,258.0,261.0,264.0,260.0,259.0,259.0,260.0,266.0,268.0,260.0,265.0,269.0,265.0,266.0,263.0,267.0,266.0,264.0,265.0,269.0,264.0,267.0,264.0,271.0,274.0,263.0,268.0,265.0,269.0,268.0,P033,semi-formed,M
EG0256,1,1,1,1,1,1,1,1,1,1,89.0,85.0,90.0,91.0,93.0,91.0,96.0,90.0,92.0,90.0,104.0,99.0,103.0,101.0,101.0,96.0,98.0,105.0,101.0,103.0,105.0,107.0,103.0,103.0,105.0,106.0,106.0,108.0,108.0,114.0,117.0,103.0,118.0,114.0,109.0,121.0,116.0,106.0,111.0,109.0,120.0,111.0,120.0,114.0,117.0,110.0,120.0,121.0,114.0,125.0,130.0,125.0,123.0,123.0,128.0,126.0,122.0,132.0,120.0,122.0,123.0,133.0,119.0,130.0,134.0,131.0,129.0,124.0,128.0,127.0,125.0,129.0,135.0,128.0,137.0,132.0,130.0,132.0,128.0,129.0,138.0,133.0,130.0,130.0,135.0,137.0,133.0,129.0,128.0,127.0,P057,formed,M
EG0280,1,1,1,1,1,1,1,1,1,1,191.0,192.0,189.0,189.0,187.0,191.0,183.0,188.0,193.0,190.0,199.0,196.0,201.0,198.0,195.0,198.0,196.0,197.0,195.0,198.0,203.0,199.0,200.0,202.0,202.0,206.0,203.0,203.0,200.0,198.0,205.0,205.0,207.0,204.0,205.0,203.0,205.0,204.0,203.0,203.0,207.0,211.0,208.0,205.0,209.0,207.0,205.0,210.0,205.0,204.0,210.0,208.0,209.0,211.0,209.0,213.0,208.0,206.0,209.0,205.0,207.0,212.0,210.0,210.0,211.0,207.0,211.0,209.0,210.0,212.0,210.0,210.0,210.0,209.0,209.0,207.0,210.0,212.0,209.0,211.0,209.0,212.0,209.0,211.0,208.0,213.0,208.0,211.0,209.0,208.0,P051,formed,M
EG0282,1,1,1,1,1,1,1,1,1,1,195.0,193.0,197.0,191.0,194.0,191.0,194.0,194.0,194.0,193.0,209.0,205.0,206.0,210.0,201.0,206.0,207.0,208.0,207.0,205.0,209.0,212.0,212.0,212.0,210.0,211.0,207.0,212.0,208.0,207.0,214.0,209.0,211.0,213.0,209.0,213.0,213.0,213.0,208.0,212.0,215.0,214.0,219.0,220.0,211.0,217.0,216.0,213.0,216.0,217.0,216.0,210.0,219.0,218.0,217.0,212.0,218.0,220.0,213.0,214.0,219.0,219.0,222.0,213.0,220.0,216.0,215.0,222.0,219.0,218.0,218.0,219.0,216.0,219.0,220.0,221.0,218.0,212.0,218.0,217.0,225.0,214.0,219.0,222.0,222.0,219.0,223.0,216.0,223.0,220.0,P044,liquid,F
EG0294,1,1,1,1,1,1,1,1,1,1,219.0,219.0,219.0,215.0,221.0,222.0,214.0,221.0,219.0,222.0,242.0,236.0,239.0,244.0,242.0,245.0,237.0,243.0,243.0,241.0,251.0,251.0,255.0,248.0,247.0,254.0,249.0,254.0,253.0,251.0,254.0,256.0,259.0,257.0,255.0,255.0,259.0,256.0,256.0,255.0,257.0,261.0,259.0,262.0,261.0,263.0,265.0,264.0,266.0,262.0,260.0,259.0,263.0,260.0,259.0,261.0,261.0,259.0,261.0,266.0,262.0,268.0,261.0,274.0,264.0,267.0,266.0,260.0,264.0,268.0,272.0,270.0,266.0,268.0,265.0,264.0,265.0,262.0,263.0,268.0,269.0,270.0,272.0,273.0,268.0,267.0,274.0,265.0,268.0,265.0,P051,formed,M
EG0303,1,1,1,1,1,1,1,1,1,1,208.0,213.0,207.0,214.0,211.0,213.0,218.0,203.0,209.0,209.0,229.0,241.0,246.0,243.0,232.0,241.0,237.0,231.0,231.0,234.0,253.0,253.0,253.0,252.0,252.0,257.0,264.0,256.0,256.0,248.0,261.0,267.0,266.0,262.0,260.0,263.0,267.0,265.0,259.0,259.0,265.0,272.0,269.0,274.0,273.0,269.0,267.0,272.0,263.0,270.0,276.0,270.0,274.0,273.0,271.0,280.0,268.0,274.0,275.0,283.0,274.0,276.0,279.0,270.0,283.0,271.0,275.0,274.0,278.0,278.0,280.0,281.0,284.0,285.0,278.0,279.0,277.0,285.0,281.0,281.0,277.0,276.0,281.0,280.0,280.0,276.0,282.0,284.0,283.0,279.0,P049,semi-formed,M
EG0313,1,1,1,1,1,1,1,1,1,1,160.0,159.0,165.0,150.0,165.0,152.0,158.0,152.0,159.0,166.0,177.0,183.0,185.0,188.0,181.0,182.0,189.0,188.0,185.0,190.0,205.0,205.0,198.0,197.0,202.0,201.0,195.0,197.0,216.0,208.0,214.0,204.0,206.0,214.0,209.0,213.0,210.0,203.0,209.0,206.0,229.0,223.0,216.0,217.0,218.0,226.0,217.0,218.0,224.0,213.0,215.0,221.0,228.0,234.0,226.0,224.0,233.0,225.0,220.0,230.0,229.0,227.0,224.0,228.0,228.0,225.0,221.0,229.0,224.0,231.0,231.0,222.0,227.0,235.0,232.0,232.0,234.0,236.0,237.0,226.0,228.0,231.0,235.0,234.0,229.0,233.0,232.0,224.0,230.0,232.0,P044,liquid,F
EG0341,1,1,1,1,1,1,1,1,1,1,131.0,140.0,138.0,137.0,137.0,129.0,137.0,131.0,139.0,137.0,161.0,156.0,150.0,159.0,152.0,159.0,164.0,159.0,159.0,161.0,173.0,168.0,174.0,168.0,174.0,175.0,173.0,174.0,170.0,176.0,182.0,180.0,179.0,184.0,170.0,185.0,176.0,178.0,185.0,181.0,193.0,191.0,188.0,184.0,182.0,188.0,186.0,185.0,190.0,183.0,185.0,187.0,187.0,185.0,196.0,189.0,188.0,193.0,188.0,194.0,195.0,192.0,197.0,190.0,190.0,191.0,188.0,195.0,195.0,200.0,198.0,203.0,190.0,196.0,197.0,197.0,193.0,198.0,197.0,197.0,202.0,192.0,204.0,200.0,198.0,194.0,192.0,202.0,200.0,202.0,P033,liquid,M
EG0364,1,1,1,1,1,1,1,1,1,1,169.0,166.0,176.0,172.0,178.0,175.0,179.0,174.0,178.0,174.0,184.0,185.0,190.0,190.0,197.0,195.0,188.0,190.0,191.0,187.0,202.0,199.0,194.0,199.0,197.0,195.0,201.0,197.0,197.0,203.0,206.0,214.0,203.0,209.0,206.0,208.0,212.0,208.0,209.0,206.0,210.0,222.0,212.0,208.0,220.0,216.0,210.0,220.0,215.0,212.0,214.0,218.0,217.0,220.0,216.0,217.0,211.0,219.0,216.0,217.0,222.0,223.0,217.0,219.0,219.0,215.0,223.0,221.0,218.0,224.0,225.0,226.0,221.0,224.0,218.0,221.0,221.0,221.0,225.0,218.0,222.0,221.0,229.0,226.0,217.0,227.0,228.0,216.0,228.0,224.0,P049,semi-formed,M
EG0365,1,1,1,1,1,1,1,1,1,1,111.0,107.0,106.0,104.0,105.0,113.0,107.0,112.0,104.0,102.0,124.0,118.0,118.0,115.0,120.0,113.0,118.0,117.0,117.0,114.0,132.0,130.0,120.0,137.0,133.0,124.0,123.0,126.0,120.0,129.0,138.0,139.0,135.0,138.0,130.0,138.0,129.0,139.0,142.0,135.0,147.0,148.0,145.0,148.0,150.0,140.0,143.0,140.0,138.0,152.0,151.0,145.0,155.0,148.0,154.0,156.0,144.0,143.0,145.0,150.0,159.0,158.0,154.0,155.0,147.0,153.0,151.0,148.0,149.0,149.0,154.0,144.0,159.0,158.0,160.0,162.0,157.0,156.0,159.0,167.0,154.0,167.0,163.0,157.0,159.0,156.0,165.0,162.0,165.0,164.0,P053,semi-formed,M
EG0381,1,1,1,1,1,1,1,1,1,1,218.0,221.0,224.0,216.0,220.0,227.0,223.0,217.0,217.0,212.0,241.0,240.0,242.0,243.0,237.0,235.0,237.0,248.0,233.0,240.0,235.0,247.0,243.0,249.0,239.0,245.0,245.0,252.0,246.0,254.0,260.0,256.0,255.0,255.0,257.0,251.0,259.0,257.0,249.0,260.0,265.0,254.0,259.0,263.0,261.0,255.0,260.0,259.0,258.0,258.0,272.0,262.0,260.0,263.0,262.0,268.0,265.0,259.0,262.0,269.0,270.0,270.0,270.0,269.0,263.0,264.0,272.0,270.0,270.0,261.0,270.0,267.0,273.0,268.0,268.0,267.0,272.0,265.0,271.0,270.0,268.0,272.0,267.0,277.0,273.0,269.0,272.0,273.0,274.0,268.0,P061,formed,M
EG0401,1,1,1,1,1,1,1,1,1,1,198.0,197.0,186.0,196.0,195.0,195.0,192.0,194.0,191.0,192.0,208.0,208.0,205.0,211.0,204.0,209.0,203.0,207.0,206.0,205.0,220.0,214.0,216.0,214.0,221.0,221.0,217.0,216.0,215.0,227.0,224.0,233.0,224.0,222.0,225.0,216.0,221.0,221.0,226.0,221.0,224.0,228.0,231.0,226.0,226.0,223.0,232.0,230.0,233.0,230.0,233.0,229.0,229.0,229.0,229.0,227.0,231.0,227.0,231.0,229.0,230.0,237.0,238.0,237.0,235.0,238.0,235.0,238.0,233.0,234.0,242.0,238.0,234.0,240.0,235.0,238.0,238.0,236.0,237.0,245.0,241.0,236.0,237.0,241.0,232.0,238.0,244.0,241.0,231.0,243.0,P022,liquid,F
EG0415,1,1,1,1,1,1,1,1,1,1,303.0,303.0,306.0,306.0,307.0,308.0,299.0,303.0,311.0,307.0,318.0,314.0,313.0,313.0,311.0,315.0,314.0,314.0,312.0,311.0,314.0,317.0,316.0,317.0,318.0,318.0,315.0,322.0,315.0,318.0,320.0,317.0,320.0,321.0,317.0,314.0,319.0,319.0,319.0,319.0,317.0,325.0,321.0,321.0,319.0,319.0,317.0,320.0,319.0,322.0,321.0,319.0,325.0,321.0,324.0,319.0,324.0,318.0,321.0,322.0,324.0,323.0,322.0,316.0,323.0,319.0,323.0,318.0,319.0,323.0,321.0,324.0,320.0,324.0,322.0,324.0,324.0,323.0,321.0,321.0,324.0,324.0,323.0,322.0,322.0,323.0,326.0,320.0,322.0,323.0,P067,formed,M
EG0447,1,1,1,1,1,1,1,1,1,1,111.0,114.0,108.0,121.0,112.0,117.0,118.0,116.0,115.0,114.0,134.0,125.0,133.0,139.0,133.0,134.0,136.0,126.0,128.0,127.0,146.0,146.0,148.0,150.0,146.0,147.0,131.0,152.0,141.0,142.0,151.0,152.0,151.0,152.0,154.0,159.0,159.0,163.0,146.0,147.0,153.0,156.0,164.0,164.0,163.0,163.0,160.0,159.0,167.0,153.0,172.0,172.0,169.0,167.0,175.0,167.0,161.0,155.0,167.0,170.0,169.0,168.0,170.0,170.0,171.0,168.0,171.0,175.0,176.0,167.0,180.0,174.0,180.0,178.0,174.0,181.0,180.0,166.0,174.0,174.0,182.0,180.0,182.0,178.0,177.0,175.0,180.0,185.0,177.0,183.0,P061,semi-formed,M
EG0497,1,1,1,1,1,1,1,1,1,1,253.0,263.0,262.0,268.0,261.0,265.0,266.0,261.0,266.0,254.0,281.0,282.0,284.0,285.0,279.0,283.0,280.0,276.0,282.0,284.0,296.0,291.0,292.0,287.0,296.0,295.0,290.0,290.0,296.0,293.0,303.0,297.0,298.0,301.0,298.0,300.0,299.0,302.0,294.0,294.0,303.0,301.0,299.0,308.0,299.0,301.0,300.0,298.0,303.0,305.0,305.0,307.0,312.0,304.0,314.0,307.0,303.0,311.0,307.0,305.0,309.0,312.0,301.0,311.0,307.0,303.0,313.0,314.0,303.0,312.0,317.0,304.0,312.0,305.0,309.0,312.0,317.0,317.0,316.0,311.0,316.0,313.0,310.0,313.0,316.0,312.0,314.0,315.0,317.0,314.0,P048,semi-formed,F
EG0520,1,1,1,1,1,1,1,1,1,1,200.0,203.0,192.0,187.0,196.0,195.0,193.0,196.0,196.0,191.0,209.0,206.0,203.0,198.0,207.0,201.0,201.0,205.0,214.0,209.0,222.0,216.0,209.0,212.0,216.0,212.0,215.0,209.0,213.0,214.0,219.0,218.0,216.0,226.0,212.0,219.0,216.0,218.0,222.0,224.0,227.0,217.0,226.0,220.0,224.0,221.0,230.0,224.0,229.0,222.0,231.0,227.0,225.0,221.0,235.0,229.0,225.0,225.0,223.0,227.0,232.0,225.0,235.0,235.0,225.0,228.0,232.0,228.0,222.0,234.0,236.0,240.0,240.0,238.0,231.0,231.0,235.0,234.0,233.0,235.0,237.0,241.0,236.0,238.0,237.0,231.0,242.0,236.0,237.0,236.0,P015,semi-formed,M
EG0546,1,1,1,1,1,1,1,1,1,1,162.0,170.0,164.0,164.0,163.0,166.0,154.0,160.0,162.0,162.0,177.0,183.0,181.0,177.0,177.0,173.0,175.0,181.0,181.0,176.0,187.0,189.0,186.0,192.0,182.0,189.0,189.0,188.0,194.0,186.0,198.0,197.0,194.0,198.0,191.0,201.0,199.0,200.0,192.0,198.0,199.0,198.0,203.0,196.0,196.0,198.0,202.0,200.0,205.0,201.0,204.0,201.0,201.0,199.0,204.0,206.0,202.0,206.0,205.0,208.0,201.0,216.0,195.0,209.0,207.0,209.0,210.0,209.0,209.0,203.0,211.0,209.0,206.0,200.0,204.0,212.0,208.0,210.0,207.0,212.0,212.0,210.0,215.0,210.0,211.0,215.0,210.0,206.0,209.0,213.0,P048,semi-formed,F
EG0605,1,1,1,1,1,1,1,1,1,1,207.0,200.0,198.0,202.0,204.0,198.0,207.0,206.0,208.0,205.0,209.0,214.0,220.0,223.0,218.0,210.0,221.0,212.0,213.0,223.0,226.0,225.0,227.0,223.0,223.0,221.0,219.0,231.0,223.0,224.0,234.0,229.0,221.0,227.0,226.0,236.0,227.0,228.0,235.0,233.0,237.0,232.0,240.0,233.0,234.0,236.0,243.0,239.0,229.0,233.0,243.0,245.0,238.0,242.0,237.0,235.0,241.0,244.0,245.0,232.0,241.0,246.0,250.0,245.0,240.0,244.0,249.0,234.0,242.0,239.0,245.0,246.0,244.0,253.0,245.0,245.0,252.0,246.0,250.0,248.0,250.0,246.0,257.0,257.0,251.0,242.0,252.0,252.0,250.0,247.0,P007,semi-formed,M
EG0647,1,1,1,1,1,1,1,1,1,1,228.0,225.0,222.0,225.0,220.0,221.0,224.0,219.0,219.0,224.0,232.0,231.0,228.0,229.0,236.0,230.0,232.0,231.0,229.0,230.0,234.0,240.0,229.0,236.0,238.0,235.0,234.0,233.0,232.0,235.0,239.0,236.0,238.0,235.0,237.0,236.0,237.0,235.0,232.0,236.0,239.0,238.0,236.0,234.0,242.0,242.0,238.0,245.0,233.0,241.0,239.0,241.0,241.0,243.0,241.0,242.0,238.0,241.0,234.0,243.0,242.0,243.0,241.0,239.0,244.0,240.0,247.0,239.0,243.0,240.0,239.0,244.0,242.0,241.0,243.0,244.0,240.0,241.0,246.0,242.0,246.0,245.0,249.0,246.0,252.0,250.0,240.0,243.0,243.0,241.0,P011,formed,M
EG0660,1,1,1,1,1,1,1,1,1,1,263.0,256.0,263.0,275.0,255.0,256.0,260.0,260.0,264.0,254.0,279.0,272.0,280.0,281.0,274.0,277.0,270.0,273.0,278.0,272.0,283.0,283.0,285.0,281.0,288.0,281.0,285.0,282.0,285.0,283.0,283.0,286.0,285.0,286.0,287.0,284.0,286.0,285.0,283.0,284.0,288.0,287.0,292.0,285.0,291.0,288.0,290.0,288.0,288.0,290.0,286.0,291.0,289.0,287.0,285.0,288.0,288.0,286.0,289.0,291.0,290.0,292.0,290.0,287.0,289.0,290.0,294.0,290.0,288.0,290.0,288.0,290.0,288.0,293.0,292.0,291.0,291.0,289.0,292.0,288.0,290.0,295.0,291.0,292.0,289.0,288.0,288.0,291.0,290.0,292.0,P063,formed,M
EG0732,1,1,1,1,1,1,1,1,1,1,209.0,217.0,218.0,211.0,216.0,217.0,213.0,215.0,211.0,215.0,231.0,229.0,235.0,230.0,226.0,233.0,231.0,226.0,230.0,232.0,244.0,239.0,233.0,235.0,244.0,235.0,242.0,237.0,237.0,235.0,243.0,247.0,242.0,241.0,237.0,243.0,241.0,242.0,238.0,239.0,248.0,248.0,248.0,248.0,247.0,250.0,246.0,244.0,247.0,247.0,245.0,247.0,249.0,250.0,252.0,250.0,244.0,243.0,254.0,250.0,250.0,248.0,246.0,252.0,250.0,258.0,254.0,249.0,251.0,249.0,254.0,250.0,252.0,251.0,255.0,251.0,247.0,251.0,253.0,254.0,251.0,258.0,253.0,253.0,256.0,254.0,256.0,254.0,259.0,260.0,P040,liquid,F
EG0744,1,1,1,1,1,1,1,1,1,1,220.0,226.0,219.0,218.0,216.0,221.0,218.0,222.0,220.0,217.0,237.0,237.0,236.0,239.0,237.0,237.0,238.0,235.0,241.0,238.0,240.0,240.0,240.0,242.0,242.0,241.0,244.0,243.0,246.0,240.0,248.0,244.0,244.0,248.0,247.0,245.0,249.0,243.0,243.0,248.0,249.0,249.0,247.0,251.0,254.0,247.0,250.0,247.0,254.0,253.0,255.0,252.0,253.0,251.0,252.0,249.0,248.0,252.0,251.0,248.0,254.0,254.0,252.0,253.0,255.0,249.0,255.0,250.0,249.0,255.0,251.0,256.0,258.0,259.0,258.0,255.0,258.0,248.0,255.0,258.0,253.0,256.0,260.0,263.0,259.0,258.0,258.0,259.0,250.0,256.0,P052,liquid,F
EG0767,1,1,1,1,1,1,1,1,1,1,258.0,264.0,263.0,270.0,260.0,261.0,266.0,267.0,265.0,265.0,278.0,281.0,279.0,275.0,281.0,274.0,274.0,282.0,272.0,274.0,287.0,284.0,283.0,282.0,290.0,283.0,284.0,287.0,282.0,286.0,283.0,286.0,285.0,282.0,291.0,287.0,288.0,291.0,288.0,285.0,291.0,288.0,289.0,290.0,284.0,283.0,286.0,285.0,292.0,288.0,289.0,291.0,288.0,289.0,287.0,290.0,289.0,291.0,293.0,291.0,296.0,290.0,294.0,288.0,291.0,296.0,296.0,292.0,290.0,293.0,291.0,291.0,292.0,287.0,293.0,292.0,293.0,292.0,297.0,299.0,290.0,292.0,294.0,294.0,295.0,294.0,293.0,292.0,296.0,293.0,P025,semi-formed,M
EG0778,1,1,1,1,1,1,1,1,1,1,162.0,163.0,162.0,164.0,157.0,162.0,158.0,163.0,163.0,161.0,181.0,178.0,171.0,174.0,170.0,180.0,181.0,173.0,172.0,182.0,182.0,192.0,180.0,179.0,189.0,181.0,178.0,193.0,191.0,180.0,198.0,188.0,190.0,198.0,195.0,187.0,190.0,192.0,193.0,189.0,205.0,194.0,189.0,197.0,194.0,189.0,200.0,194.0,196.0,197.0,196.0,199.0,208.0,203.0,198.0,201.0,202.0,202.0,200.0,202.0,196.0,204.0,198.0,203.0,206.0,200.0,209.0,197.0,207.0,203.0,205.0,203.0,203.0,209.0,201.0,211.0,203.0,203.0,202.0,204.0,205.0,208.0,205.0,207.0,207.0,208.0,201.0,211.0,211.0,204.0,P063,liquid,M
EG0800,1,1,1,1,1,1,1,1,1,1,244.0,244.0,242.0,242.0,238.0,235.0,242.0,242.0,244.0,245.0,256.0,257.0,259.0,253.0,251.0,258.0,255.0,265.0,253.0,257.0,267.0,264.0,261.0,266.0,265.0,267.0,260.0,261.0,261.0,262.0,271.0,266.0,269.0,266.0,274.0,271.0,268.0,263.0,269.0,267.0,271.0,273.0,275.0,276.0,271.0,273.0,271.0,276.0,268.0,273.0,281.0,274.0,276.0,278.0,277.0,280.0,279.0,281.0,280.0,275.0,284.0,282.0,280.0,284.0,284.0,278.0,284.0,288.0,276.0,278.0,279.0,284.0,281.0,281.0,287.0,276.0,281.0,286.0,281.0,281.0,284.0,282.0,277.0,280.0,285.0,287.0,283.0,281.0,280.0,281.0,P037,semi-formed,M
EG0831,1,1,1,1,1,1,1,1,1,1,278.0,285.0,274.0,272.0,276.0,274.0,278.0,280.0,273.0,277.0,288.0,295.0,298.0,294.0,292.0,293.0,290.0,297.0,290.0,291.0,300.0,301.0,302.0,302.0,300.0,305.0,302.0,300.0,304.0,298.0,305.0,307.0,306.0,308.0,305.0,309.0,305.0,304.0,308.0,310.0,311.0,310.0,310.0,309.0,307.0,309.0,309.0,309.0,310.0,304.0,311.0,306.0,314.0,310.0,308.0,309.0,314.0,309.0,316.0,307.0,313.0,315.0,315.0,314.0,315.0,315.0,308.0,314.0,314.0,311.0,315.0,318.0,314.0,312.0,312.0,313.0,312.0,314.0,316.0,316.0,313.0,314.0,314.0,317.0,317.0,317.0,318.0,316.0,315.0,315.0,P012,liquid,F
EG0850,1,1,1,1,1,1,1,1,1,1,184.0,195.0,186.0,185.0,177.0,188.0,184.0,184.0,189.0,192.0,203.0,205.0,201.0,204.0,203.0,201.0,202.0,207.0,196.0,201.0,213.0,211.0,214.0,214.0,205.0,218.0,211.0,212.0,210.0,210.0,217.0,211.0,212.0,210.0,215.0,214.0,210.0,214.0,216.0,214.0,220.0,218.0,217.0,218.0,216.0,216.0,214.0,212.0,215.0,216.0,220.0,220.0,221.0,219.0,227.0,220.0,217.0,221.0,225.0,219.0,222.0,221.0,224.0,225.0,217.0,220.0,220.0,217.0,223.0,222.0,222.0,220.0,225.0,224.0,223.0,224.0,221.0,227.0,223.0,225.0,225.0,223.0,226.0,226.0,221.0,223.0,231.0,226.0,222.0,225.0,P052,liquid,F
EG0883,1,1,1,1,1,1,1,1,1,1,260.0,263.0,257.0,263.0,260.0,254.0,255.0,261.0,259.0,257.0,281.0,281.0,278.0,282.0,277.0,278.0,279.0,274.0,281.0,279.0,290.0,283.0,288.0,288.0,290.0,290.0,287.0,284.0,293.0,287.0,296.0,291.0,293.0,303.0,292.0,294.0,292.0,301.0,295.0,297.0,297.0,298.0,302.0,301.0,301.0,305.0,296.0,300.0,297.0,309.0,302.0,301.0,300.0,309.0,298.0,308.0,302.0,299.0,307.0,308.0,300.0,306.0,306.0,308.0,308.0,303.0,310.0,307.0,302.0,306.0,305.0,309.0,308.0,302.0,307.0,308.0,315.0,309.0,309.0,302.0,309.0,312.0,313.0,307.0,311.0,304.0,306.0,305.0,310.0,307.0,P075,semi-formed,M
EG0892,1,1,1,1,1,1,1,1,1,1,211.0,219.0,220.0,211.0,216.0,216.0,211.0,215.0,212.0,210.0,229.0,225.0,226.0,225.0,224.0,235.0,231.0,227.0,225.0,229.0,234.0,238.0,234.0,240.0,225.0,235.0,240.0,234.0,236.0,235.0,242.0,241.0,240.0,235.0,240.0,241.0,244.0,245.0,239.0,239.0,243.0,248.0,244.0,242.0,243.0,240.0,249.0,245.0,239.0,241.0,249.0,246.0,250.0,248.0,243.0,246.0,248.0,248.0,248.0,243.0,251.0,247.0,248.0,249.0,252.0,252.0,251.0,246.0,247.0,253.0,251.0,247.0,253.0,251.0,249.0,253.0,249.0,253.0,252.0,251.0,256.0,248.0,259.0,255.0,251.0,258.0,254.0,253.0,252.0,249.0,P060,semi-formed,F
EG0927,1,1,1,1,1,1,1,1,1,1,254.0,254.0,257.0,255.0,252.0,256.0,257.0,251.0,251.0,249.0,260.0,261.0,259.0,258.0,261.0,259.0,258.0,265.0,263.0,262.0,264.0,265.0,268.0,266.0,263.0,262.0,264.0,264.0,265.0,267.0,266.0,268.0,264.0,269.0,264.0,270.0,265.0,269.0,266.0,267.0,270.0,268.0,268.0,274.0,269.0,266.0,270.0,265.0,268.0,269.0,269.0,270.0,275.0,267.0,273.0,272.0,272.0,270.0,270.0,267.0,270.0,273.0,269.0,274.0,270.0,270.0,273.0,271.0,270.0,271.0,269.0,272.0,273.0,274.0,273.0,268.0,270.0,271.0,269.0,273.0,271.0,274.0,272.0,274.0,272.0,272.0,270.0,273.0,272.0,274.0,P012,formed,F
EG0946,1,1,1,1,1,1,1,1,1,1,275.0,272.0,271.0,271.0,273.0,269.0,274.0,274.0,273.0,268.0,274.0,280.0,274.0,279.0,272.0,277.0,277.0,275.0,276.0,280.0,277.0,278.0,275.0,278.0,277.0,277.0,278.0,277.0,279.0,277.0,280.0,281.0,276.0,277.0,280.0,279.0,279.0,276.0,282.0,279.0,282.0,278.0,278.0,277.0,278.0,277.0,277.0,281.0,280.0,277.0,275.0,276.0,279.0,284.0,280.0,276.0,280.0,284.0,282.0,283.0,285.0,281.0,282.0,281.0,282.0,281.0,286.0,282.0,285.0,280.0,283.0,284.0,282.0,283.0,285.0,283.0,278.0,279.0,285.0,282.0,286.0,281.0,288.0,282.0,281.0,284.0,280.0,286.0,283.0,281.0,P006,semi-formed,F
EG0967,1,1,1,1,1,1,1,1,1,1,191.0,191.0,186.0,187.0,190.0,189.0,191.0,186.0,191.0,192.0,199.0,198.0,200.0,195.0,197.0,195.0,198.0,196.0,197.0,199.0,199.0,199.0,202.0,201.0,199.0,200.0,198.0,198.0,206.0,199.0,201.0,209.0,204.0,202.0,203.0,205.0,203.0,202.0,203.0,202.0,209.0,203.0,204.0,208.0,207.0,206.0,204.0,204.0,202.0,204.0,206.0,203.0,208.0,207.0,206.0,207.0,207.0,210.0,206.0,210.0,205.0,207.0,207.0,209.0,203.0,207.0,214.0,211.0,207.0,212.0,212.0,212.0,208.0,212.0,211.0,210.0,207.0,207.0,210.0,212.0,215.0,215.0,213.0,213.0,211.0,209.0,212.0,210.0,210.0,215.0,P023,formed,M
EG0968,1,1,1,1,1,1,1,1,1,1,272.0,271.0,271.0,271.0,269.0,271.0,268.0,270.0,270.0,270.0,,,,,,,,,,,,,,,,,,,,,,,,,,,,,,,,,,,,,,,,,,,,,,,,,,,,,,,,,,,,,,,,,,,,,,,,,,,,,,,,,P047,liquid,M
EG1035,1,1,1,1,1,1,1,1,1,1,202.0,201.0,200.0,197.0,201.0,193.0,196.0,201.0,194.0,192.0,216.0,211.0,211.0,223.0,209.0,210.0,217.0,214.0,208.0,213.0,230.0,226.0,227.0,230.0,230.0,230.0,231.0,230.0,228.0,225.0,231.0,231.0,234.0,243.0,231.0,238.0,235.0,238.0,238.0,231.0,230.0,241.0,244.0,238.0,240.0,242.0,235.0,240.0,244.0,245.0,244.0,245.0,250.0,249.0,247.0,250.0,241.0,247.0,247.0,246.0,252.0,247.0,246.0,254.0,248.0,248.0,248.0,257.0,249.0,256.0,255.0,251.0,256.0,252.0,257.0,252.0,249.0,257.0,251.0,253.0,259.0,260.0,251.0,257.0,257.0,256.0,254.0,249.0,261.0,266.0,P025,formed,M
EG1041,1,1,1,1,1,1,1,1,1,1,182.0,191.0,187.0,189.0,190.0,198.0,187.0,190.0,197.0,191.0,200.0,205.0,206.0,204.0,203.0,204.0,200.0,199.0,200.0,202.0,214.0,210.0,219.0,208.0,211.0,215.0,214.0,213.0,208.0,204.0,217.0,213.0,220.0,219.0,221.0,222.0,216.0,215.0,217.0,223.0,227.0,220.0,221.0,222.0,227.0,223.0,228.0,218.0,229.0,228.0,227.0,223.0,230.0,223.0,224.0,227.0,228.0,226.0,224.0,221.0,236.0,241.0,230.0,228.0,233.0,234.0,229.0,230.0,230.0,229.0,234.0,238.0,234.0,232.0,237.0,231.0,235.0,234.0,232.0,241.0,237.0,234.0,241.0,230.0,239.0,231.0,237.0,233.0,235.0,241.0,P023,liquid,M
EG1051,1,1,1,1,1,1,1,1,1,1,191.0,190.0,183.0,188.0,190.0,186.0,191.0,185.0,184.0,185.0,198.0,203.0,201.0,198.0,196.0,203.0,203.0,203.0,207.0,200.0,205.0,209.0,203.0,208.0,205.0,204.0,210.0,205.0,208.0,202.0,207.0,213.0,210.0,211.0,211.0,215.0,213.0,213.0,207.0,203.0,210.0,212.0,213.0,215.0,214.0,213.0,214.0,218.0,213.0,216.0,215.0,212.0,218.0,218.0,216.0,216.0,215.0,217.0,213.0,220.0,220.0,220.0,220.0,212.0,218.0,227.0,218.0,216.0,221.0,219.0,219.0,222.0,221.0,218.0,221.0,216.0,219.0,223.0,222.0,224.0,223.0,223.0,223.0,219.0,221.0,226.0,220.0,226.0,225.0,220.0,P028,semi-formed,F
EG1069,1,1,1,1,1,1,1,1,1,1,175.0,168.0,168.0,172.0,172.0,170.0,174.0,168.0,172.0,173.0,183.0,186.0,185.0,177.0,188.0,188.0,187.0,187.0,186.0,186.0,196.0,186.0,198.0,192.0,192.0,191.0,196.0,198.0,197.0,186.0,205.0,199.0,202.0,197.0,201.0,195.0,202.0,203.0,205.0,196.0,207.0,199.0,202.0,208.0,204.0,205.0,199.0,207.0,198.0,205.0,201.0,209.0,213.0,208.0,205.0,215.0,211.0,211.0,212.0,210.0,214.0,210.0,212.0,218.0,222.0,213.0,211.0,213.0,205.0,206.0,212.0,211.0,207.0,221.0,217.0,215.0,213.0,219.0,219.0,213.0,213.0,218.0,224.0,221.0,221.0,223.0,219.0,220.0,218.0,218.0,P016,semi-formed,F
EG1080,1,1,1,1,1,1,1,1,1,1,241.0,242.0,244.0,249.0,241.0,235.0,245.0,237.0,245.0,241.0,251.0,256.0,251.0,253.0,249.0,255.0,252.0,247.0,257.0,252.0,261.0,265.0,257.0,262.0,261.0,255.0,257.0,257.0,262.0,261.0,261.0,261.0,264.0,265.0,260.0,266.0,260.0,263.0,259.0,261.0,268.0,267.0,266.0,270.0,266.0,264.0,259.0,260.0,266.0,267.0,267.0,266.0,270.0,272.0,269.0,269.0,269.0,269.0,269.0,272.0,270.0,270.0,269.0,275.0,266.0,273.0,276.0,273.0,280.0,269.0,275.0,273.0,273.0,270.0,270.0,277.0,272.0,276.0,271.0,279.0,273.0,276.0,281.0,267.0,275.0,275.0,279.0,279.0,276.0,275.0,P036,formed,F
EG1153,1,1,1,1,1,1,1,1,1,1,207.0,209.0,209.0,205.0,201.0,208.0,204.0,206.0,203.0,205.0,219.0,220.0,217.0,219.0,218.0,220.0,216.0,218.0,219.0,219.0,,,,,,,,,,,,,,,,,,,,,,,,,,,,,,,,,,,,,,,,,,,,,,,,,,,,,,,,,,,,,,,,,,,,,,,P016,formed,F
EG1178,1,1,1,1,1,1,1,1,1,1,233.0,224.0,222.0,232.0,231.0,234.0,231.0,239.0,228.0,236.0,250.0,252.0,263.0,258.0,251.0,249.0,247.0,252.0,245.0,249.0,268.0,265.0,269.0,262.0,266.0,259.0,260.0,260.0,263.0,258.0,270.0,277.0,265.0,270.0,273.0,271.0,271.0,267.0,262.0,277.0,272.0,272.0,270.0,270.0,280.0,272.0,275.0,274.0,277.0,283.0,272.0,276.0,276.0,281.0,280.0,277.0,285.0,272.0,268.0,276.0,284.0,277.0,281.0,282.0,283.0,276.0,281.0,280.0,289.0,280.0,279.0,282.0,283.0,283.0,283.0,285.0,279.0,285.0,285.0,285.0,287.0,288.0,289.0,281.0,287.0,290.0,286.0,287.0,287.0,287.0,P047,liquid,M
EG1359,1,1,1,1,1,1,1,1,1,1,288.0,291.0,298.0,299.0,294.0,285.0,295.0,291.0,292.0,299.0,312.0,308.0,312.0,312.0,309.0,317.0,315.0,308.0,311.0,309.0,316.0,317.0,314.0,321.0,317.0,316.0,319.0,316.0,318.0,314.0,322.0,321.0,320.0,320.0,323.0,320.0,322.0,321.0,323.0,320.0,325.0,319.0,323.0,324.0,324.0,324.0,321.0,324.0,326.0,321.0,326.0,329.0,326.0,326.0,321.0,326.0,325.0,321.0,325.0,325.0,326.0,328.0,329.0,325.0,325.0,329.0,327.0,325.0,326.0,325.0,325.0,325.0,327.0,326.0,328.0,325.0,329.0,326.0,327.0,330.0,324.0,328.0,329.0,327.0,324.0,328.0,328.0,325.0,330.0,331.0,P002,liquid,F
EG1394,1,1,1,1,1,1,1,1,1,1,175.0,172.0,175.0,173.0,171.0,168.0,179.0,171.0,174.0,172.0,184.0,183.0,183.0,184.0,184.0,182.0,184.0,186.0,184.0,184.0,190.0,189.0,188.0,185.0,190.0,188.0,190.0,191.0,193.0,188.0,198.0,193.0,193.0,196.0,189.0,191.0,196.0,196.0,190.0,192.0,197.0,198.0,189.0,199.0,198.0,195.0,198.0,200.0,194.0,200.0,196.0,196.0,200.0,197.0,198.0,199.0,205.0,201.0,204.0,201.0,206.0,202.0,204.0,203.0,197.0,203.0,204.0,198.0,203.0,200.0,206.0,206.0,208.0,201.0,200.0,202.0,203.0,206.0,205.0,204.0,211.0,213.0,207.0,206.0,204.0,206.0,211.0,209.0,208.0,204.0,P019,semi-formed,M
EG1416,1,1,1,1,1,1,1,1,1,1,178.0,173.0,175.0,176.0,177.0,177.0,179.0,173.0,178.0,176.0,181.0,177.0,179.0,176.0,177.0,177.0,176.0,175.0,181.0,183.0,181.0,181.0,178.0,177.0,178.0,182.0,180.0,178.0,181.0,183.0,180.0,180.0,177.0,183.0,183.0,187.0,184.0,182.0,186.0,180.0,181.0,185.0,180.0,187.0,185.0,185.0,184.0,183.0,186.0,185.0,185.0,190.0,184.0,187.0,183.0,189.0,186.0,186.0,185.0,185.0,184.0,188.0,191.0,183.0,184.0,188.0,188.0,186.0,186.0,189.0,187.0,189.0,190.0,191.0,190.0,188.0,186.0,190.0,189.0,190.0,185.0,185.0,189.0,190.0,194.0,191.0,188.0,187.0,188.0,191.0,P068,semi-formed,F
EG1431,1,1,1,1,1,1,1,1,1,1,252.0,256.0,254.0,256.0,255.0,244.0,247.0,252.0,258.0,256.0,264.0,263.0,269.0,259.0,264.0,266.0,266.0,265.0,264.0,267.0,271.0,275.0,273.0,276.0,273.0,267.0,271.0,269.0,268.0,272.0,274.0,278.0,280.0,272.0,277.0,278.0,280.0,279.0,278.0,280.0,280.0,281.0,279.0,277.0,281.0,283.0,278.0,281.0,284.0,280.0,281.0,283.0,281.0,287.0,289.0,281.0,286.0,283.0,283.0,284.0,285.0,283.0,286.0,285.0,283.0,281.0,279.0,284.0,283.0,284.0,287.0,289.0,283.0,284.0,285.0,285.0,284.0,286.0,282.0,287.0,286.0,286.0,288.0,286.0,288.0,285.0,287.0,287.0,286.0,283.0,P002,liquid,F
EG1490,1,1,1,1,1,1,1,1,1,1,182.0,179.0,180.0,182.0,178.0,180.0,180.0,181.0,176.0,185.0,193.0,198.0,198.0,204.0,191.0,193.0,200.0,197.0,195.0,194.0,206.0,202.0,203.0,201.0,200.0,209.0,208.0,200.0,206.0,206.0,211.0,216.0,210.0,214.0,211.0,215.0,215.0,210.0,212.0,216.0,214.0,218.0,212.0,215.0,215.0,215.0,210.0,214.0,213.0,220.0,218.0,218.0,218.0,217.0,217.0,219.0,212.0,216.0,211.0,219.0,216.0,220.0,218.0,219.0,220.0,217.0,221.0,218.0,218.0,220.0,222.0,217.0,220.0,221.0,223.0,223.0,217.0,223.0,226.0,223.0,220.0,227.0,221.0,220.0,223.0,220.0,220.0,222.0,229.0,220.0,P019,semi-formed,M
EG1507,1,1,1,1,1,1,1,1,1,1,258.0,255.0,251.0,259.0,247.0,260.0,267.0,257.0,257.0,254.0,284.0,280.0,285.0,282.0,279.0,290.0,281.0,286.0,282.0,280.0,294.0,293.0,292.0,295.0,293.0,287.0,291.0,289.0,293.0,291.0,301.0,299.0,297.0,303.0,299.0,295.0,297.0,295.0,294.0,300.0,303.0,307.0,307.0,305.0,306.0,304.0,303.0,305.0,310.0,304.0,302.0,307.0,308.0,307.0,304.0,305.0,303.0,307.0,304.0,309.0,309.0,311.0,316.0,305.0,312.0,308.0,309.0,310.0,309.0,317.0,310.0,317.0,314.0,309.0,314.0,311.0,319.0,318.0,318.0,311.0,317.0,315.0,320.0,316.0,313.0,315.0,319.0,313.0,319.0,317.0,P026,semi-formed,F
EG1524,1,1,1,1,1,1,1,1,1,1,111.0,114.0,118.0,116.0,115.0,117.0,117.0,113.0,114.0,115.0,127.0,126.0,130.0,126.0,124.0,122.0,124.0,126.0,131.0,124.0,134.0,132.0,135.0,134.0,134.0,136.0,134.0,134.0,136.0,133.0,144.0,129.0,145.0,147.0,137.0,141.0,137.0,142.0,142.0,140.0,143.0,140.0,150.0,145.0,144.0,142.0,141.0,138.0,146.0,151.0,141.0,155.0,147.0,150.0,144.0,147.0,146.0,150.0,153.0,149.0,148.0,161.0,155.0,150.0,160.0,155.0,147.0,143.0,149.0,153.0,165.0,148.0,156.0,159.0,154.0,159.0,157.0,161.0,156.0,159.0,156.0,164.0,159.0,163.0,162.0,153.0,166.0,153.0,162.0,160.0,P013,liquid,M
EG1527,1,1,1,1,1,1,1,1,1,1,,,,,,,,,,,,,,,,,,,,,,,,,,,,,,,,,,,,,,,,,,,,,,,,,,,,,,,,,,,,,,,,,,,,,,,,,,,,,,,,,,,,,,,,,,,P003,semi-formed,M
EG1572,1,1,1,1,1,1,1,1,1,1,268.0,271.0,268.0,269.0,269.0,265.0,271.0,269.0,269.0,270.0,277.0,274.0,276.0,275.0,276.0,277.0,277.0,270.0,277.0,279.0,280.0,280.0,278.0,280.0,279.0,278.0,282.0,277.0,278.0,276.0,278.0,278.0,279.0,279.0,281.0,282.0,278.0,281.0,281.0,281.0,282.0,276.0,284.0,282.0,279.0,281.0,281.0,281.0,280.0,278.0,283.0,277.0,280.0,281.0,281.0,282.0,279.0,284.0,283.0,285.0,282.0,286.0,281.0,283.0,284.0,284.0,281.0,283.0,281.0,282.0,283.0,282.0,283.0,284.0,282.0,283.0,280.0,283.0,283.0,283.0,282.0,282.0,282.0,283.0,283.0,284.0,282.0,283.0,282.0,282.0,P026,formed,F
EG1599,1,1,1,1,1,1,1,1,1,1,187.0,184.0,191.0,193.0,182.0,192.0,185.0,188.0,186.0,194.0,207.0,202.0,203.0,198.0,207.0,206.0,204.0,205.0,203.0,205.0,218.0,211.0,209.0,207.0,216.0,209.0,215.0,210.0,214.0,208.0,215.0,216.0,214.0,215.0,216.0,216.0,216.0,214.0,215.0,217.0,218.0,223.0,224.0,221.0,217.0,218.0,218.0,217.0,218.0,217.0,226.0,224.0,224.0,217.0,221.0,223.0,215.0,225.0,225.0,217.0,223.0,224.0,220.0,220.0,223.0,226.0,216.0,224.0,225.0,222.0,225.0,223.0,223.0,227.0,229.0,228.0,228.0,229.0,228.0,223.0,228.0,227.0,228.0,230.0,227.0,224.0,231.0,230.0,224.0,227.0,P039,liquid,M
EG1637,1,1,1,1,1,1,1,1,1,1,235.0,234.0,235.0,236.0,234.0,237.0,235.0,235.0,234.0,236.0,235.0,236.0,237.0,237.0,236.0,236.0,236.0,238.0,234.0,237.0,238.0,238.0,237.0,239.0,239.0,237.0,238.0,236.0,237.0,237.0,239.0,238.0,240.0,240.0,237.0,238.0,238.0,238.0,240.0,238.0,241.0,241.0,236.0,240.0,240.0,241.0,238.0,239.0,239.0,241.0,240.0,238.0,236.0,238.0,241.0,239.0,237.0,243.0,241.0,238.0,239.0,243.0,239.0,240.0,243.0,241.0,242.0,238.0,241.0,242.0,243.0,239.0,243.0,243.0,244.0,241.0,240.0,241.0,246.0,241.0,243.0,240.0,245.0,241.0,244.0,241.0,244.0,241.0,238.0,240.0,P001,formed,M
EG1673,1,1,1,1,1,1,1,1,1,1,166.0,175.0,175.0,170.0,170.0,175.0,175.0,169.0,168.0,175.0,180.0,177.0,178.0,184.0,181.0,184.0,184.0,182.0,189.0,180.0,190.0,192.0,185.0,196.0,185.0,195.0,194.0,192.0,190.0,196.0,195.0,202.0,199.0,196.0,199.0,198.0,198.0,200.0,200.0,198.0,203.0,197.0,203.0,200.0,197.0,201.0,211.0,201.0,206.0,202.0,204.0,203.0,202.0,208.0,205.0,203.0,206.0,202.0,204.0,199.0,201.0,210.0,210.0,212.0,204.0,208.0,210.0,212.0,212.0,214.0,211.0,202.0,204.0,213.0,212.0,215.0,214.0,210.0,213.0,209.0,213.0,215.0,210.0,213.0,215.0,208.0,211.0,210.0,216.0,208.0,P039,liquid,M
EG1724,1,1,1,1,1,1,1,1,1,1,239.0,242.0,251.0,237.0,228.0,235.0,238.0,240.0,246.0,239.0,265.0,254.0,251.0,261.0,259.0,262.0,264.0,269.0,260.0,266.0,274.0,271.0,272.0,274.0,276.0,277.0,276.0,277.0,273.0,274.0,282.0,278.0,287.0,286.0,285.0,284.0,275.0,282.0,280.0,277.0,294.0,290.0,287.0,286.0,287.0,290.0,283.0,285.0,283.0,285.0,293.0,291.0,285.0,291.0,290.0,297.0,294.0,293.0,289.0,289.0,293.0,296.0,290.0,287.0,288.0,293.0,294.0,293.0,297.0,292.0,296.0,292.0,293.0,298.0,296.0,296.0,294.0,293.0,295.0,299.0,297.0,299.0,295.0,298.0,291.0,296.0,296.0,297.0,297.0,295.0,P070,semi-formed,F
EG1772,1,1,1,1,1,1,1,1,1,1,262.0,259.0,260.0,262.0,261.0,258.0,260.0,261.0,263.0,260.0,265.0,263.0,265.0,265.0,264.0,263.0,265.0,265.0,264.0,263.0,,,,,,,,,,,,,,,,,,,,,,,,,,,,,,,,,,,,,,,,,,,,,,,,,,,,,,,,,,,,,,,,,,,,,,,P070,liquid,F
EG1823,1,1,1,1,1,1,1,1,1,1,285.0,281.0,280.0,281.0,279.0,280.0,280.0,277.0,283.0,281.0,285.0,285.0,286.0,283.0,288.0,292.0,289.0,286.0,289.0,283.0,290.0,293.0,291.0,287.0,288.0,288.0,290.0,293.0,291.0,287.0,293.0,290.0,287.0,291.0,293.0,292.0,291.0,292.0,291.0,293.0,293.0,295.0,292.0,293.0,300.0,296.0,292.0,295.0,295.0,295.0,294.0,293.0,294.0,297.0,296.0,299.0,291.0,294.0,295.0,295.0,300.0,296.0,297.0,292.0,295.0,293.0,297.0,294.0,295.0,297.0,299.0,292.0,297.0,299.0,300.0,297.0,295.0,299.0,297.0,296.0,298.0,295.0,301.0,298.0,301.0,298.0,296.0,296.0,295.0,300.0,P059,formed,M
EG1825,1,1,1,1,1,1,1,1,1,1,249.0,261.0,252.0,253.0,256.0,254.0,244.0,244.0,251.0,250.0,263.0,266.0,268.0,264.0,260.0,266.0,263.0,269.0,263.0,267.0,268.0,271.0,266.0,271.0,269.0,270.0,272.0,271.0,271.0,269.0,275.0,276.0,269.0,275.0,273.0,274.0,271.0,272.0,276.0,275.0,271.0,275.0,273.0,276.0,274.0,273.0,277.0,274.0,276.0,275.0,275.0,279.0,279.0,279.0,275.0,281.0,280.0,277.0,275.0,275.0,281.0,280.0,279.0,280.0,282.0,277.0,284.0,281.0,280.0,279.0,276.0,282.0,280.0,281.0,285.0,282.0,278.0,278.0,279.0,283.0,278.0,285.0,284.0,282.0,284.0,282.0,278.0,285.0,283.0,282.0,P076,semi-formed,F
EG1830,1,1,1,1,1,1,1,1,1,1,191.0,190.0,185.0,190.0,187.0,188.0,195.0,184.0,181.0,184.0,199.0,205.0,201.0,201.0,200.0,201.0,201.0,197.0,199.0,196.0,206.0,207.0,210.0,213.0,213.0,208.0,211.0,203.0,200.0,205.0,211.0,211.0,209.0,209.0,221.0,216.0,212.0,214.0,220.0,214.0,216.0,218.0,214.0,218.0,216.0,223.0,219.0,215.0,215.0,218.0,222.0,224.0,221.0,226.0,224.0,218.0,225.0,210.0,230.0,227.0,220.0,237.0,230.0,225.0,226.0,223.0,227.0,219.0,221.0,216.0,225.0,230.0,225.0,231.0,226.0,224.0,234.0,234.0,223.0,227.0,224.0,226.0,227.0,226.0,237.0,230.0,226.0,239.0,226.0,232.0,P008,semi-formed,F
EG1872,1,1,1,1,1,1,1,1,1,1,267.0,256.0,261.0,254.0,252.0,262.0,260.0,258.0,262.0,262.0,288.0,287.0,280.0,280.0,285.0,283.0,284.0,282.0,289.0,281.0,289.0,295.0,294.0,296.0,292.0,290.0,299.0,297.0,293.0,297.0,304.0,296.0,301.0,296.0,305.0,306.0,299.0,299.0,303.0,302.0,307.0,302.0,309.0,304.0,310.0,305.0,308.0,302.0,298.0,311.0,311.0,310.0,305.0,313.0,305.0,311.0,315.0,310.0,309.0,309.0,319.0,313.0,311.0,309.0,311.0,316.0,313.0,315.0,312.0,314.0,317.0,315.0,312.0,315.0,313.0,317.0,312.0,318.0,308.0,312.0,312.0,316.0,323.0,317.0,312.0,319.0,312.0,316.0,317.0,316.0,P071,semi-formed,M
EG1878,1,1,1,1,1,1,1,1,1,1,262.0,262.0,264.0,262.0,260.0,258.0,259.0,263.0,258.0,261.0,265.0,264.0,266.0,263.0,265.0,268.0,264.0,263.0,262.0,266.0,266.0,269.0,267.0,271.0,267.0,266.0,267.0,267.0,270.0,267.0,269.0,269.0,268.0,271.0,268.0,266.0,265.0,267.0,268.0,270.0,271.0,270.0,268.0,271.0,270.0,270.0,271.0,273.0,270.0,268.0,271.0,271.0,269.0,269.0,269.0,270.0,271.0,269.0,269.0,274.0,270.0,272.0,271.0,273.0,271.0,270.0,271.0,270.0,269.0,269.0,271.0,275.0,275.0,272.0,273.0,273.0,273.0,273.0,273.0,270.0,274.0,274.0,275.0,272.0,273.0,271.0,276.0,272.0,275.0,276.0,P059,formed,M
EG1892,1,1,1,1,1,1,1,1,1,1,233.0,225.0,229.0,225.0,222.0,231.0,231.0,230.0,236.0,237.0,247.0,244.0,246.0,246.0,238.0,245.0,248.0,249.0,246.0,246.0,261.0,252.0,263.0,256.0,253.0,257.0,259.0,260.0,255.0,261.0,268.0,262.0,267.0,265.0,264.0,267.0,269.0,270.0,259.0,267.0,268.0,271.0,270.0,266.0,271.0,274.0,276.0,272.0,271.0,267.0,271.0,275.0,272.0,265.0,271.0,277.0,270.0,282.0,272.0,278.0,279.0,279.0,278.0,277.0,274.0,270.0,275.0,281.0,274.0,278.0,278.0,283.0,270.0,278.0,277.0,276.0,280.0,274.0,284.0,282.0,282.0,287.0,277.0,282.0,280.0,283.0,282.0,286.0,282.0,281.0,P076,formed,F
EG1904,1,1,1,1,1,1,1,1,1,1,294.0,295.0,286.0,292.0,290.0,294.0,294.0,298.0,289.0,290.0,298.0,302.0,301.0,305.0,301.0,298.0,294.0,295.0,300.0,301.0,308.0,311.0,306.0,303.0,306.0,302.0,308.0,308.0,304.0,305.0,308.0,308.0,311.0,308.0,313.0,311.0,308.0,308.0,312.0,311.0,313.0,316.0,311.0,312.0,313.0,308.0,311.0,313.0,310.0,312.0,312.0,313.0,311.0,313.0,316.0,312.0,314.0,315.0,316.0,312.0,314.0,315.0,318.0,318.0,316.0,317.0,313.0,313.0,316.0,316.0,319.0,317.0,319.0,317.0,321.0,319.0,317.0,314.0,316.0,312.0,320.0,320.0,318.0,317.0,319.0,319.0,314.0,316.0,317.0,318.0,P041,liquid,M
EG1905,1,1,1,1,1,1,1,1,1,1,229.0,228.0,229.0,226.0,232.0,226.0,222.0,224.0,223.0,228.0,240.0,239.0,236.0,243.0,239.0,237.0,241.0,235.0,235.0,245.0,248.0,246.0,242.0,242.0,242.0,242.0,243.0,243.0,247.0,251.0,245.0,253.0,245.0,246.0,251.0,244.0,252.0,250.0,252.0,247.0,254.0,255.0,252.0,253.0,250.0,252.0,255.0,254.0,253.0,252.0,254.0,256.0,251.0,254.0,254.0,258.0,253.0,252.0,255.0,252.0,257.0,258.0,256.0,253.0,255.0,257.0,256.0,255.0,254.0,256.0,254.0,256.0,262.0,254.0,257.0,252.0,255.0,260.0,257.0,255.0,258.0,257.0,257.0,258.0,259.0,259.0,255.0,260.0,256.0,254.0,P045,liquid,M
EG1915,1,1,1,1,1,1,1,1,1,1,262.0,264.0,260.0,266.0,262.0,259.0,253.0,257.0,253.0,266.0,282.0,291.0,282.0,275.0,286.0,276.0,282.0,284.0,282.0,280.0,285.0,295.0,294.0,296.0,291.0,295.0,292.0,286.0,288.0,284.0,294.0,289.0,293.0,296.0,300.0,297.0,294.0,295.0,300.0,292.0,301.0,299.0,304.0,295.0,301.0,303.0,299.0,302.0,295.0,298.0,301.0,308.0,303.0,305.0,306.0,305.0,301.0,304.0,299.0,299.0,313.0,302.0,305.0,308.0,311.0,305.0,303.0,304.0,308.0,305.0,303.0,308.0,302.0,306.0,303.0,309.0,308.0,307.0,301.0,305.0,302.0,310.0,307.0,313.0,305.0,308.0,308.0,307.0,303.0,309.0,P046,liquid,F
EG1939,1,1,1,1,1,1,1,1,1,1,171.0,171.0,171.0,166.0,170.0,172.0,167.0,173.0,168.0,175.0,191.0,199.0,186.0,198.0,190.0,186.0,189.0,195.0,194.0,195.0,199.0,195.0,203.0,206.0,206.0,205.0,202.0,206.0,214.0,198.0,210.0,219.0,212.0,215.0,208.0,209.0,211.0,205.0,208.0,219.0,215.0,217.0,217.0,218.0,215.0,217.0,215.0,219.0,215.0,211.0,220.0,221.0,221.0,220.0,222.0,219.0,221.0,219.0,218.0,225.0,219.0,220.0,215.0,219.0,226.0,221.0,226.0,217.0,226.0,229.0,227.0,225.0,229.0,227.0,224.0,233.0,226.0,224.0,230.0,224.0,227.0,224.0,223.0,227.0,231.0,227.0,229.0,231.0,228.0,225.0,P045,liquid,M
EG1940,1,1,1,1,1,1,1,1,1,1,263.0,261.0,263.0,262.0,262.0,260.0,263.0,269.0,263.0,258.0,281.0,285.0,276.0,277.0,278.0,286.0,278.0,275.0,279.0,278.0,288.0,280.0,284.0,283.0,284.0,290.0,282.0,286.0,279.0,287.0,284.0,286.0,288.0,286.0,283.0,290.0,293.0,286.0,290.0,285.0,293.0,285.0,291.0,285.0,292.0,292.0,288.0,289.0,290.0,285.0,288.0,289.0,293.0,292.0,289.0,290.0,288.0,293.0,289.0,290.0,289.0,290.0,292.0,296.0,293.0,296.0,290.0,295.0,292.0,289.0,296.0,296.0,290.0,294.0,295.0,295.0,292.0,295.0,292.0,293.0,294.0,295.0,295.0,292.0,291.0,295.0,295.0,292.0,299.0,296.0,P071,liquid,M
EG1976,1,1,1,1,1,1,1,1,1,1,297.0,286.0,297.0,295.0,293.0,292.0,300.0,289.0,289.0,294.0,303.0,307.0,306.0,304.0,301.0,310.0,303.0,307.0,306.0,306.0,309.0,309.0,311.0,311.0,317.0,314.0,311.0,307.0,318.0,312.0,315.0,313.0,316.0,318.0,315.0,320.0,317.0,316.0,315.0,317.0,317.0,319.0,320.0,316.0,318.0,322.0,317.0,319.0,317.0,320.0,320.0,318.0,322.0,320.0,321.0,320.0,321.0,318.0,322.0,321.0,319.0,319.0,319.0,321.0,324.0,322.0,320.0,320.0,321.0,318.0,321.0,319.0,322.0,327.0,325.0,320.0,322.0,322.0,320.0,326.0,322.0,321.0,323.0,321.0,321.0,320.0,322.0,320.0,322.0,322.0,P014,formed,F
EG1990,1,1,1,1,1,1,1,1,1,1,95.0,94.0,103.0,105.0,96.0,94.0,99.0,97.0,95.0,103.0,112.0,118.0,115.0,116.0,110.0,112.0,114.0,120.0,110.0,114.0,127.0,136.0,125.0,124.0,126.0,118.0,120.0,125.0,132.0,125.0,131.0,133.0,128.0,138.0,137.0,146.0,137.0,134.0,144.0,135.0,140.0,152.0,146.0,147.0,142.0,143.0,145.0,140.0,145.0,145.0,149.0,160.0,146.0,151.0,144.0,150.0,149.0,156.0,154.0,160.0,162.0,162.0,158.0,159.0,163.0,166.0,159.0,163.0,160.0,155.0,164.0,166.0,166.0,158.0,159.0,161.0,159.0,157.0,169.0,162.0,170.0,166.0,164.0,168.0,164.0,169.0,165.0,180.0,171.0,161.0,P018,semi-formed,F
EG2018,1,1,1,1,1,1,1,1,1,1,266.0,266.0,263.0,268.0,266.0,267.0,269.0,268.0,267.0,263.0,273.0,270.0,276.0,272.0,273.0,271.0,276.0,273.0,272.0,270.0,278.0,272.0,276.0,273.0,276.0,274.0,277.0,274.0,276.0,274.0,273.0,279.0,276.0,278.0,276.0,278.0,276.0,281.0,275.0,277.0,281.0,281.0,279.0,282.0,275.0,280.0,281.0,282.0,278.0,279.0,276.0,278.0,278.0,280.0,278.0,279.0,278.0,278.0,282.0,280.0,280.0,280.0,282.0,281.0,279.0,281.0,282.0,281.0,279.0,280.0,283.0,284.0,280.0,280.0,281.0,283.0,283.0,282.0,284.0,283.0,285.0,283.0,282.0,285.0,281.0,282.0,283.0,279.0,280.0,285.0,P014,semi-formed,F
EG2149,1,1,1,1,1,1,1,1,1,1,200.0,191.0,201.0,187.0,199.0,195.0,196.0,194.0,199.0,199.0,224.0,218.0,213.0,212.0,222.0,224.0,220.0,216.0,215.0,216.0,223.0,226.0,233.0,232.0,221.0,231.0,233.0,231.0,233.0,226.0,229.0,231.0,235.0,239.0,229.0,228.0,235.0,238.0,235.0,231.0,241.0,237.0,237.0,235.0,242.0,238.0,248.0,236.0,243.0,240.0,241.0,242.0,242.0,239.0,238.0,237.0,243.0,243.0,245.0,240.0,241.0,244.0,245.0,249.0,242.0,243.0,242.0,239.0,243.0,251.0,256.0,242.0,246.0,249.0,249.0,252.0,249.0,244.0,259.0,250.0,252.0,259.0,249.0,253.0,252.0,253.0,251.0,254.0,250.0,247.0,P024,formed,F
EG2186,1,1,1,1,1,1,1,1,1,1,191.0,199.0,195.0,196.0,185.0,198.0,192.0,186.0,194.0,194.0,220.0,217.0,210.0,215.0,213.0,211.0,209.0,213.0,209.0,210.0,216.0,218.0,220.0,228.0,229.0,230.0,232.0,221.0,230.0,218.0,223.0,231.0,228.0,237.0,229.0,234.0,231.0,235.0,229.0,230.0,237.0,233.0,235.0,248.0,243.0,238.0,244.0,239.0,244.0,234.0,245.0,240.0,241.0,248.0,239.0,246.0,245.0,243.0,244.0,240.0,257.0,252.0,250.0,249.0,248.0,250.0,253.0,255.0,239.0,253.0,247.0,244.0,248.0,255.0,246.0,252.0,255.0,248.0,253.0,252.0,249.0,250.0,260.0,262.0,258.0,259.0,256.0,256.0,250.0,259.0,P074,formed,F
EG2214,1,1,1,1,1,1,1,1,1,1,272.0,278.0,276.0,275.0,270.0,274.0,277.0,272.0,279.0,271.0,290.0,296.0,296.0,298.0,290.0,297.0,291.0,288.0,294.0,296.0,295.0,302.0,301.0,300.0,304.0,298.0,297.0,298.0,300.0,299.0,306.0,304.0,302.0,301.0,301.0,306.0,303.0,308.0,303.0,305.0,309.0,309.0,309.0,303.0,307.0,305.0,308.0,307.0,300.0,306.0,309.0,309.0,310.0,306.0,306.0,308.0,307.0,310.0,305.0,308.0,307.0,305.0,310.0,309.0,310.0,313.0,308.0,312.0,308.0,312.0,305.0,303.0,307.0,309.0,310.0,310.0,310.0,307.0,308.0,311.0,310.0,309.0,307.0,310.0,308.0,308.0,310.0,310.0,309.0,308.0,P072,semi-formed,F
EG2226,1,1,1,1,1,1,1,1,1,1,,,,,,,,,,,,,,,,,,,,,,,,,,,,,,,,,,,,,,,,,,,,,,,,,,,,,,,,,,,,,,,,,,,,,,,,,,,,,,,,,,,,,,,,,,,P074,liquid,F
EG2279,1,1,1,1,1,1,1,1,1,1,226.0,231.0,229.0,231.0,230.0,237.0,235.0,231.0,229.0,238.0,247.0,250.0,238.0,246.0,246.0,243.0,240.0,247.0,244.0,251.0,256.0,253.0,249.0,251.0,256.0,255.0,250.0,251.0,255.0,254.0,261.0,259.0,255.0,259.0,253.0,259.0,257.0,262.0,256.0,259.0,264.0,264.0,260.0,263.0,263.0,260.0,265.0,266.0,268.0,264.0,263.0,266.0,268.0,266.0,266.0,269.0,263.0,267.0,268.0,266.0,268.0,271.0,269.0,266.0,267.0,265.0,270.0,274.0,274.0,268.0,266.0,275.0,271.0,272.0,268.0,267.0,271.0,269.0,272.0,272.0,275.0,276.0,275.0,272.0,268.0,272.0,270.0,276.0,278.0,274.0,P065,liquid,M
EG2335,1,1,1,1,1,1,1,1,1,1,197.0,199.0,194.0,192.0,195.0,200.0,194.0,195.0,195.0,193.0,203.0,212.0,210.0,205.0,205.0,205.0,202.0,206.0,200.0,204.0,210.0,217.0,208.0,213.0,213.0,210.0,211.0,210.0,208.0,217.0,218.0,215.0,218.0,217.0,214.0,216.0,214.0,220.0,218.0,216.0,216.0,220.0,214.0,216.0,223.0,216.0,212.0,219.0,219.0,219.0,221.0,220.0,221.0,223.0,221.0,224.0,218.0,217.0,217.0,221.0,225.0,220.0,226.0,228.0,225.0,225.0,229.0,226.0,227.0,221.0,225.0,224.0,224.0,223.0,227.0,225.0,228.0,228.0,231.0,228.0,225.0,229.0,222.0,223.0,228.0,224.0,224.0,230.0,227.0,228.0,P005,liquid,M
EG2391,1,1,1,1,1,1,1,1,1,1,139.0,150.0,134.0,139.0,145.0,139.0,151.0,141.0,142.0,143.0,169.0,174.0,170.0,165.0,175.0,167.0,166.0,167.0,163.0,158.0,181.0,180.0,178.0,180.0,180.0,194.0,186.0,191.0,180.0,180.0,196.0,188.0,189.0,189.0,182.0,191.0,197.0,192.0,186.0,191.0,196.0,201.0,198.0,198.0,195.0,194.0,201.0,191.0,202.0,205.0,211.0,203.0,196.0,205.0,208.0,200.0,208.0,202.0,205.0,209.0,200.0,210.0,212.0,212.0,220.0,207.0,215.0,208.0,212.0,208.0,217.0,209.0,211.0,217.0,220.0,200.0,213.0,218.0,211.0,212.0,218.0,220.0,212.0,212.0,217.0,223.0,220.0,210.0,221.0,218.0,P050,liquid,F
EG2392,1,1,1,1,1,1,1,1,1,1,228.0,232.0,232.0,231.0,232.0,224.0,229.0,231.0,233.0,231.0,238.0,238.0,240.0,239.0,244.0,244.0,238.0,242.0,247.0,242.0,254.0,248.0,255.0,248.0,246.0,248.0,245.0,258.0,254.0,248.0,255.0,255.0,251.0,254.0,263.0,255.0,252.0,250.0,246.0,257.0,263.0,258.0,268.0,258.0,257.0,265.0,259.0,264.0,266.0,256.0,271.0,265.0,266.0,272.0,267.0,269.0,257.0,265.0,265.0,254.0,263.0,272.0,266.0,274.0,270.0,265.0,274.0,270.0,273.0,275.0,275.0,270.0,275.0,267.0,285.0,272.0,272.0,275.0,271.0,274.0,275.0,281.0,268.0,268.0,280.0,279.0,275.0,280.0,273.0,272.0,P005,semi-formed,M
EG2419,1,1,1,1,1,1,1,1,1,1,216.0,217.0,212.0,218.0,219.0,210.0,218.0,207.0,212.0,222.0,240.0,248.0,248.0,243.0,242.0,241.0,234.0,248.0,234.0,236.0,255.0,249.0,245.0,258.0,252.0,250.0,252.0,257.0,250.0,257.0,262.0,260.0,264.0,261.0,257.0,261.0,263.0,264.0,259.0,266.0,268.0,272.0,270.0,267.0,268.0,267.0,269.0,276.0,268.0,270.0,281.0,280.0,264.0,280.0,266.0,274.0,274.0,279.0,270.0,273.0,280.0,276.0,280.0,283.0,279.0,283.0,271.0,275.0,278.0,274.0,281.0,284.0,280.0,281.0,280.0,284.0,282.0,283.0,283.0,280.0,285.0,283.0,293.0,284.0,286.0,282.0,289.0,279.0,284.0,284.0,P055,formed,M
EG2435,1,1,1,1,1,1,1,1,1,1,280.0,278.0,275.0,266.0,279.0,275.0,282.0,267.0,276.0,273.0,294.0,290.0,294.0,293.0,287.0,289.0,293.0,298.0,294.0,296.0,296.0,294.0,297.0,295.0,297.0,297.0,298.0,300.0,295.0,297.0,302.0,302.0,300.0,303.0,300.0,299.0,298.0,301.0,300.0,298.0,303.0,305.0,306.0,303.0,302.0,301.0,304.0,298.0,303.0,302.0,304.0,305.0,302.0,304.0,300.0,302.0,305.0,304.0,301.0,306.0,304.0,304.0,304.0,301.0,303.0,306.0,302.0,305.0,302.0,304.0,303.0,303.0,306.0,307.0,304.0,305.0,302.0,304.0,305.0,307.0,304.0,305.0,308.0,303.0,308.0,307.0,307.0,306.0,304.0,305.0,P010,liquid,F
EG2473,1,1,1,1,1,1,1,1,1,1,170.0,170.0,170.0,169.0,169.0,169.0,170.0,170.0,170.0,169.0,,,,,,,,,,,,,,,,,,,,,,,,,,,,,,,,,,,,,,,,,,,,,,,,,,,,,,,,,,,,,,,,,,,,,,,,,,,,,,,,,P055,semi-formed,M
EG2490,1,1,1,1,1,1,1,1,1,1,217.0,216.0,207.0,218.0,214.0,216.0,213.0,214.0,208.0,207.0,226.0,226.0,224.0,226.0,225.0,226.0,226.0,222.0,223.0,229.0,234.0,233.0,228.0,225.0,230.0,239.0,228.0,230.0,238.0,233.0,229.0,235.0,235.0,239.0,234.0,234.0,237.0,235.0,238.0,228.0,236.0,237.0,237.0,235.0,240.0,234.0,238.0,235.0,241.0,234.0,240.0,244.0,242.0,236.0,238.0,244.0,240.0,245.0,241.0,242.0,241.0,242.0,248.0,245.0,240.0,242.0,242.0,251.0,240.0,251.0,242.0,250.0,246.0,240.0,245.0,246.0,246.0,242.0,250.0,249.0,241.0,248.0,247.0,249.0,245.0,243.0,246.0,250.0,248.0,243.0,P030,formed,F
EG2518,1,1,1,1,1,1,1,1,1,1,218.0,211.0,206.0,210.0,212.0,213.0,216.0,213.0,214.0,210.0,233.0,233.0,229.0,232.0,234.0,230.0,234.0,231.0,230.0,233.0,,,,,,,,,,,,,,,,,,,,,,,,,,,,,,,,,,,,,,,,,,,,,,,,,,,,,,,,,,,,,,,,,,,,,,,P043,liquid,M
EG2537,1,1,1,1,1,1,1,1,1,1,221.0,216.0,215.0,212.0,217.0,215.0,217.0,214.0,212.0,217.0,,,,,,,,,,,,,,,,,,,,,,,,,,,,,,,,,,,,,,,,,,,,,,,,,,,,,,,,,,,,,,,,,,,,,,,,,,,,,,,,,P042,liquid,F
EG2559,1,1,1,1,1,1,1,1,1,1,264.0,263.0,263.0,266.0,263.0,264.0,265.0,261.0,270.0,264.0,271.0,269.0,274.0,274.0,271.0,272.0,275.0,273.0,271.0,273.0,275.0,277.0,273.0,276.0,275.0,280.0,274.0,276.0,273.0,276.0,276.0,276.0,274.0,277.0,276.0,277.0,280.0,281.0,275.0,277.0,276.0,277.0,278.0,277.0,279.0,277.0,279.0,278.0,279.0,277.0,278.0,281.0,279.0,281.0,277.0,277.0,277.0,281.0,278.0,277.0,278.0,281.0,279.0,277.0,278.0,281.0,279.0,278.0,281.0,281.0,278.0,284.0,283.0,281.0,278.0,278.0,281.0,277.0,280.0,282.0,280.0,284.0,281.0,280.0,282.0,284.0,280.0,279.0,283.0,281.0,P043,liquid,M
EG2580,1,1,1,1,1,1,1,1,1,1,247.0,243.0,245.0,244.0,248.0,240.0,247.0,244.0,240.0,249.0,252.0,252.0,258.0,256.0,257.0,257.0,255.0,254.0,256.0,264.0,264.0,261.0,260.0,267.0,262.0,260.0,263.0,259.0,268.0,255.0,267.0,264.0,268.0,267.0,267.0,267.0,273.0,270.0,267.0,265.0,273.0,274.0,269.0,267.0,271.0,268.0,269.0,271.0,274.0,274.0,270.0,274.0,272.0,277.0,272.0,274.0,272.0,271.0,274.0,272.0,269.0,272.0,271.0,275.0,273.0,275.0,274.0,271.0,270.0,275.0,276.0,276.0,273.0,276.0,277.0,277.0,278.0,279.0,277.0,276.0,276.0,278.0,274.0,283.0,279.0,277.0,274.0,277.0,277.0,279.0,P042,liquid,F
EG2591,1,1,1,1,1,1,1,1,1,1,258.0,260.0,247.0,254.0,246.0,246.0,250.0,253.0,249.0,246.0,273.0,267.0,269.0,276.0,273.0,277.0,279.0,276.0,272.0,276.0,287.0,289.0,292.0,285.0,287.0,284.0,284.0,283.0,281.0,285.0,296.0,301.0,299.0,291.0,300.0,290.0,291.0,298.0,293.0,300.0,299.0,302.0,296.0,307.0,301.0,300.0,302.0,301.0,302.0,302.0,305.0,299.0,311.0,308.0,311.0,309.0,303.0,303.0,308.0,308.0,308.0,313.0,300.0,318.0,310.0,309.0,314.0,308.0,309.0,309.0,315.0,313.0,313.0,311.0,309.0,310.0,313.0,308.0,315.0,305.0,317.0,315.0,313.0,312.0,317.0,312.0,321.0,314.0,315.0,313.0,P017,liquid,M
EG2608,1,1,1,1,1,1,1,1,1,1,224.0,217.0,222.0,221.0,219.0,227.0,220.0,226.0,226.0,222.0,234.0,232.0,230.0,230.0,230.0,233.0,229.0,234.0,235.0,236.0,239.0,234.0,234.0,235.0,234.0,232.0,235.0,237.0,235.0,238.0,238.0,240.0,238.0,237.0,234.0,231.0,238.0,239.0,241.0,237.0,240.0,238.0,238.0,239.0,238.0,239.0,238.0,239.0,240.0,237.0,239.0,242.0,236.0,237.0,239.0,245.0,237.0,238.0,239.0,239.0,242.0,243.0,242.0,241.0,240.0,240.0,241.0,240.0,244.0,241.0,242.0,245.0,246.0,240.0,244.0,240.0,241.0,241.0,241.0,241.0,242.0,241.0,239.0,245.0,247.0,244.0,243.0,240.0,243.0,240.0,P034,formed,F
EG2638,1,1,1,1,1,1,1,1,1,1,195.0,195.0,197.0,196.0,199.0,194.0,191.0,204.0,202.0,200.0,212.0,211.0,215.0,218.0,227.0,217.0,221.0,216.0,211.0,214.0,231.0,238.0,222.0,225.0,235.0,228.0,223.0,228.0,222.0,233.0,239.0,234.0,230.0,242.0,236.0,236.0,241.0,239.0,236.0,241.0,246.0,231.0,248.0,242.0,244.0,235.0,247.0,246.0,241.0,238.0,245.0,251.0,245.0,252.0,253.0,252.0,257.0,244.0,248.0,254.0,257.0,254.0,256.0,252.0,259.0,259.0,255.0,252.0,253.0,259.0,259.0,265.0,259.0,260.0,256.0,250.0,264.0,258.0,258.0,262.0,262.0,271.0,269.0,261.0,258.0,258.0,260.0,255.0,261.0,268.0,P017,semi-formed,M
EG2659,1,1,1,1,1,1,1,1,1,1,169.0,174.0,175.0,175.0,174.0,177.0,169.0,172.0,176.0,172.0,175.0,180.0,180.0,178.0,179.0,179.0,184.0,180.0,179.0,180.0,179.0,181.0,179.0,182.0,185.0,185.0,188.0,183.0,187.0,180.0,194.0,182.0,184.0,186.0,188.0,189.0,188.0,189.0,193.0,188.0,195.0,187.0,193.0,185.0,191.0,192.0,193.0,185.0,192.0,191.0,195.0,193.0,193.0,187.0,195.0,190.0,192.0,191.0,188.0,193.0,191.0,189.0,195.0,194.0,193.0,191.0,194.0,194.0,191.0,196.0,194.0,195.0,195.0,200.0,198.0,197.0,200.0,196.0,200.0,194.0,192.0,201.0,201.0,195.0,198.0,201.0,199.0,195.0,202.0,192.0,P034,semi-formed,F
