	W	Reject null hypothesis
d383d75128d7423a9bbdb2076120e365	1966	True
aeb03963939e00b75d7370f4be601417	1950	True
6a125442b3d882bd11b5cfe1866470fd	1930	True
e3bff2e5d94dbb2b69f466ee85a1acf4	1865	True
5a0f522431143dce1339d7359fc37599	1864	True
833bf02443c2dece76422ef394ce48d0	1834	True
df009054f19d9aac55f8a5bc2eeaa409	1756	False
648070229fc4f45e01a9481f1beefe43	1704	False
b222447694e2b10c02a7e80342ae6aca	1324	False
1c75ff6db2be53fea3de5274e3bd48e2	344	False
199efbef007329237d4389aedf30a50c	260	False
bcde22bafd7589392c58a81a4517a806	181	False
cd75d63e750b696fb8d498c6780d9183	46	False
afc3e6543b9af325490ba4bed4a3f654	32	False
c923fa454975cd4424cc1fa448968444	31	False
0b5c5addad44ef1cd9567c96c6f18151	18	False
95126920a496aaf496fa0c4f89e16e5b	15	False
ac050b4e7cf5740eb13fa363e6eb4229	15	False
aa7f3ae3c3f236add91ed7f4b977e680	14	False
cc0bd5200922ab42f317d5a646b3d9f0	14	False
99eb22e4ad181395023ab5ac2c61a078	13	False
22dd678c693a4421b993ac3b448268d5	13	False
3d435939d6a61e1f2ed9e6e23cfd5b4f	13	False
05dd72f2307d6b405cde153c1912d4cf	13	False
afad323d69dda61c121134c55617d5f9	13	False
82b730561a36f3eb58fbf727268b494a	13	False
3c369aeabb732b5b3049f0945f668846	13	False
e643061ae87b5729852bbaebd882a083	13	False
734520ccc94d3959777d4e86750aea06	13	False
3d262f0fe28539355569303bcddd5ce4	13	False
0bb399497f2fba0b4a1efeee0d0440de	13	False
8cea107ae8ad61fb85839ceefc2c86c3	13	False
cee4efff876ebbeda956630f285104c4	13	False
357b23c6c172426066d261516eba72db	13	False
09b823ab653c6d756331bb8f9a028d52	13	False
956203b100d3b67e7a774137c361c5d9	13	False
b0f46623d083e9809b576a048934c6b8	13	False
0aee5d42cf88441166fa853aee7b86cb	13	False
bffa80b816b38e2c0ba5e25b31d9a37c	13	False
7b9d2753d14b62bbc339e0bd56136007	13	False
1fef55f5cba7dcdc695aef16bbbbfbdf	13	False
451ed4f3cb61e24182459373ed8f582f	13	False
b2ce7efcf7a5fa5ff3d0943f2a0b427a	13	False
458d33bc4d365f1625370a5f0fdfacc6	13	False
020e3f9101b8fa8235a2c556be098bbf	12	False
0182133cb1244e92ed02de4137f6c59b	12	False
f33a8cc725de4c9cf08d0c9798c2703c	12	False
0a344d2ec78576137b6f19a9d9462737	12	False
429cbc2b7c2a381bce1d34b3423589cc	12	False
1f034a8300c91190bfe05d5c65a48a4d	12	False
033e175eb7cd0d56ff54f5506d7bf43b	12	False
672564e53cfdf4d8e0eb2546ad09bfe7	12	False
1f43c5e4a5b1777334d248d4e137352f	12	False
6c147f01e54eaf3caf57083f85cb11c0	12	False
5be56e1a46c245d3879d231e645790c0	12	False
9523d2721f1eb835353a28725b51ab70	12	False
d50cf490a2f8a0bb09bc7fdfcfae72f6	12	False
a399d912b2097411e13558f73029c858	12	False
458622dfbcc9c3df805527b96ae402d9	12	False
66cefca0115fc998bf088f286e9a9fd7	12	False
13c379b7aedcc46ceb578eaa0089e1ba	12	False
f20aca543face39a6b8f36ed94b17305	12	False
1ea3834ff23a6b8b2f23409bc21c7c4b	12	False
0af98f3d1c19ec7234b873a98c43242b	12	False
de3758c702d6cf262d528a090247063e	12	False
a98fba4ae98622156d70e7f98b56a164	12	False
638d2ca96fff8ed30643e00412475453	12	False
9a3b8ec650be62d4bf99a58b5ab8d217	12	False
24027e61610a652032861399d39651ae	12	False
a7af2cd99c19580b18306f9e56c81f41	12	False
6543d146adb1ffa4e4d1367751078031	12	False
7a768fd88f027c215b90556cef813a9d	12	False
895abb09dc4204ee836668467ece2296	12	False
9db0ab10b049c66e20fc35017be4ca0a	12	False
6f83c32440b0d79840d3f6a98fcb8d13	12	False
0987bf8d41c6eaea47b694a297faa81a	12	False
8e9df82def23052fb36c59d4a90d91e5	12	False
39b061bee1bcfccb5f4933ab4198e4df	12	False
0e186f839c3ca78d0343f98c579bc09a	12	False
8c1387e626b95be4027227ab8ac5d922	12	False
ebd78ec9543926eb338bd8ae9a314e5f	12	False
e7f31ed53f8126d1c99e506a39a039e2	12	False
5ff37c66133c53c2a89b677686684b20	12	False
92e5290d5287ad0fd987aa0579997678	12	False
7b349b252ea0f13da68cbc8d8c137cf3	12	False
ef978e076501cad72a5cd478b9a1e098	12	False
3e6e73a3e4af362ef1c6677a427317f3	12	False
35abb6fe9260f43facd8f665942e7102	12	False
a9a2d34c5b8ed1d9e8f3c18fea16f936	12	False
366bca3f42ca3f7845d5eb340a3e669e	11	False
33651fe2ea434f81d16cf092202d31bd	11	False
50dec59ff638269ce74f5af0f84419ad	11	False
9063a0ed915b444ee756495d2b0ae0fd	11	False
17dfbd23f50849240917bf2a056d4140	11	False
81fe043da496de58da2066d994d5f979	11	False
6412236d50e7d2a4c8f4169ade10a5eb	11	False
84bf5f19b9babe635ff9083986c16b1d	11	False
ded53c211e44966112a938e3fc025a88	11	False
f5f8149b1375aee1a6215182a2ca3c32	11	False
b38118ad9a968bee9dc8069e078925a7	11	False
06b92112e0304cce01234c30f1b27fb0	11	False
9ddccb4a3b89d174b5bf61af45ae0930	11	False
ead0df3441c78b460abebbc66586dd1a	11	False
9aaf7d6cac2ba549aa734eda24e6c980	11	False
181d7bf97a03f5500b6ce728b0f6620e	11	False
8e9ef90c1c2145a4c5d56811a105383f	11	False
b180afcd030d7b8b3332c0a50e6064d6	11	False
71081bf5c09adcf77e7ff507bd748d75	11	False
ec7573a46bdab61b96daddb2e4e768c2	11	False
89544570b3040f04a0ec838d7d73f9f4	11	False
5445bdc84f8af4e0acd8fc9740dd4a53	11	False
8b85f0c05dc79a14b4c8cc60b29be914	11	False
727faeba3fd32a46d35547a38e31bd3e	11	False
8e1cc1415c7cc3ba1d8aae0705d52689	11	False
b1cf010c3ccebd5dfa883a5fdb1d0a47	11	False
3b0d54024edd315c5bb961334991f902	11	False
dec92aaa8f25ef43a596bfd5e0d3fbfa	11	False
a9be766711f980a37bd937e8a9b7488d	11	False
5d01586d01d56824cad7262c05047d6f	11	False
17ff906e71562979354d2a0be5023050	11	False
f4dc4fb22e5a966b683944bdc9c16926	11	False
75bd4c53d5daad61f5d14d2c79818056	11	False
ac99986532275a4550be033c324628db	11	False
aa07e18a6e7cd391a5f2bd21067447b7	11	False
3230f31990dacad414713f1cdd317ad3	11	False
778e8d13740e4b5c89bb310db0b54960	11	False
28bb61dea4251c41e9aa503b3b22a72b	11	False
80c543f6e6432d97ec006fbdb88fa55a	11	False
ea7b36a0faf9a26a44ca41fe40200759	11	False
779fbc3c9e4226ef2c810c3389ec84a7	11	False
4fde09be0412f4e9bffb98f964341107	11	False
f66e35e1f19d6d12a9679a9bf97b695e	11	False
65a92d86bdab5de4825a4c1568c1e155	11	False
5f7c6f12c5b24edcd3470ce97dc2aab4	11	False
b7731a4bf11cb0866a7a8dcb26195836	11	False
ce89e5221a900e5b3652b1d22859ba33	11	False
ae490e2e1d6eb381e73fe9f8d253e8e5	11	False
57d3a09a2cf44f2395f56e2002c72403	11	False
45439eb039eb2dc107df7361ad05087d	11	False
96330813ad8a4b3e4312637d54f91656	11	False
b423f872aeaccdd4388a4de2529e1098	11	False
95ba7ced0d9556ddb9ab0f4021e7617c	11	False
db7579ac79cbcc69c4aad5730a69e8fd	11	False
3a1a1edb19a9f63fccfbfcac91f2c843	11	False
c23a23b0cccf1318ac058b738601c2fb	11	False
58579e22960b6636080b950e7cbbc8c8	11	False
fcff85b50de5b48bfb7f5f736165b876	11	False
7f13e307b51466be78751b4a9a84e803	11	False
e4523155a056ea62b0ca0ec4b002e016	11	False
0eb6576807ff54051bb6690ffe42c041	11	False
0d02d5be8a8535e355c464cf172b8a94	11	False
15f65c8d123f449bfdec756236991214	11	False
d3f45cb3251001dd10a637092d7f9fb2	11	False
5c8a2a14dae458149dd0377564cddafa	11	False
42fe9149bd8a5ffb3cd1599432b2df81	11	False
0846f559f6e161c0a0d1ff3fbd7e234d	11	False
88ee406537b12718309839ce8c23d180	11	False
541d2aa58e6632595c362a56f45f77d7	11	False
703b0888fab7b0bed78cf59ce80ebeed	11	False
9f4e24d6c0f82cfead949b9a6f04d6ef	11	False
cf8bcba4f7604dd07a41c9f465904352	11	False
c9d331f33dec351a65e7760633b91a3a	11	False
e3d38cf6078e5745c4489a219c19347b	11	False
746090415e5554ad1f8b0e05f27d6889	11	False
81bb925af2b14a8b3409d547cefb714f	11	False
e2a6d7a40f4bde067e7aae7bccd65caa	11	False
a8644055594a57cf8aba799525694cba	11	False
b26ac8909d3cefbf9e3c1e5cd96b1ed7	11	False
8f9b6108dff9e67607c25ca70aaa373f	11	False
366c0bdfb7d7ac44ce33e40b66f5064e	11	False
ac148793fc593482b0e7a7b05e509c62	11	False
092c1173de647f07f4df2e29591680f7	11	False
530178bb837c55366a545514b5d197f5	11	False
a254563f7bfe83437229cb1441d60509	11	False
36ae305da84d7a32e471d8629a2dd72d	11	False
2a2a2c30f3bd4baf10e6af86b67ad2ce	11	False
54c6ab0b1570dd0525a2df10fd0145b1	11	False
0f471a8cac4afe4e0d17075025980cf4	11	False
e3f9f38aa43444c6e3e2118a99c158ac	11	False
bbfc6610cb2aa940828194d0f0f18d3b	11	False
3605977349811af87b428c96015acf3a	11	False
4fd7e9e57ae22a28508800a7f7053906	11	False
346b19ffb534cdaa99f6d29723f5f946	11	False
ed11968095108c851c17b61f4eb9f44a	11	False
51fff23d64c1d46351548d7ec21d5ca3	11	False
41ea94c7182ddfe1cf5b1d113cd70ab7	11	False
1a4cf32fdd7c7aa9f466d9d8145954eb	11	False
9587a98fe673e4c75364129ea9b6db2b	11	False
73ab9c5d1e2b6fa4533582926a32004f	11	False
d27b65f9718924494d8aa850bc597fc4	11	False
ec99605ae645a77dad70d5ce263d602e	11	False
732222be6961b301557426b86508395b	11	False
e9508cb484080f7b07c44887eb55e5f6	11	False
16d31436c29ced8468da80376b374b6f	11	False
668bfbde25bfdd8a406622c7111c4b48	11	False
df9dfd7660b008a6d8dafb8dc6c29581	11	False
09d2fccf323f2356eae2f6683d37c9e1	11	False
2b0e8ebd3b0364898b895c6e4704b536	11	False
6947298226ab0de2300e15ef6ef1bbb8	11	False
33a4e64910dcce78a00a24631cfebe4a	11	False
5413aab1596c60835c81c5344e94a997	11	False
27f4b68b92855e2d72c8e29021fbb9c8	11	False
ce732f712a1a40f906ccf39e1d08db2b	11	False
41b077e03a65bbe8c695f93dba6461fe	11	False
f78660a95b172b7ad2bed672ea76a443	11	False
f4dd7e3752653060884e4b72beb29e87	11	False
695d74950672b26e7ced15ddc43a588c	11	False
1cb5ba080d101204712840cdc3573eef	11	False
1f136ba51f584f163d31e99df46064eb	11	False
bc883307dd9fd2d3c1de68b6a518227c	11	False
7d07e86e106f49d5266b9ac73ab25b67	11	False
65517778d848a6487cf02b4e8fb919bd	11	False
7a929874f6788c67262d4b5a0f27771c	11	False
7bd54f8585c3e89c3c34e29bf51e7c8b	11	False
0efd5e6ae0fffc29a5b78beb5097abb5	11	False
a1e278dfbab8a786942ce37c5520b2de	11	False
c010ca440459767ad24f7b0a415d4d7a	11	False
77b41437119303e7cdcb7cce7fd16f1e	11	False
8b2622527d84e57d5cf645c579aa3307	11	False
eb8b2c8aca291e8747f96fe2518d4920	11	False
2c91e4be77c503cfe5e6c3686643a72d	11	False
d13790c9d906569930f74c4ba04f2d90	11	False
80296b388d2cf7c53f1151c185296ed4	11	False
cf789c673a9828d82f9753bbbc7efbe1	11	False
e830fe95a9a47fff09e11603cf7af898	11	False
582c72601f015bc939bccf2af16a14e1	11	False
668a396e7d620f750048327770553acb	11	False
f890b21397a69e593df872b666d46d80	11	False
2bbe0c63dc95211a2c18085a1bb0046b	11	False
0d5b1b22383299ddf99615aa16e6cda6	11	False
e42dfd4ac46119aac2bfb17fbaae27b8	11	False
569a572e497da28e4934c5a47a37baa3	11	False
749044f205ab07cb367769989bdb3a93	11	False
843bb6c8c9d7f89def5a210388b8115d	11	False
f212e1f8372564a9fcc95f987abbac84	11	False
a1157ffd7bfeb6813f9a54380e78ce56	11	False
50906d0cb5d1f6c23bc55433e558ff84	11	False
374c88ed81e03894c732c99b78768a4e	11	False
090b39c1a66fb507442996887062c812	11	False
a93661e251689dd8f9722cefb67e5d6f	11	False
fb077d09c066721e8ec2a628ad8c015b	11	False
2ae517d3080dc3e3e9db940fd7bf6905	11	False
9988e1dcf52ccf5af12da1114e1aba80	11	False
9459fa7dcaec6a1263b8dc486e1b513b	11	False
cd375cbd062adb764f292bf00df6d2a5	11	False
2929fff94c97c951ae8a972be971e336	11	False
7de17bff247d95474126c27ceee6fbb1	11	False
1df9cd51d58a15d9327defd32087e675	11	False
9b317b9d3b85e5c00fe00dcd361581e3	11	False
f27bcb0e2f64ad2b5f204f93f95c2cd2	11	False
45245aaaac21bc77fd0607b504334376	11	False
c0b0665a131849f7129aa42deb7feb89	11	False
f414f6df655615f5eee8e018cd162ac3	11	False
4d8a8e97231ff2f2950aeff71b285a14	11	False
4fd0251f1a3ea2ad6e36de2e05df84f7	11	False
54bc426d61b4fabe8f52bcbf3765487f	11	False
7cc547f8722fd62603b91d61c1dc9858	11	False
68df89a8e2164b61408de83132131999	10	False
27223963fc1a2604d33905610eaa7569	10	False
f715f87fd778c82695f2614f29bb7eb0	10	False
06e0a26263c96a1a7354853702512b85	10	False
a17a009460b5d55c0bd0acbab9dfb98e	10	False
194bef3f1d5a113f064848e9655c2c60	10	False
a72f094723dabdc429f230c3ecd9dc3e	10	False
0616852e5d8afb9bfe9ca11e57e7ba48	10	False
c5eb060010677eda5c04392a5546351c	10	False
63f1508142ee720863175c6bcf6297bb	10	False
7a56efb8774545a19d25c45e345405ea	10	False
c00635330d212c93d13af0c5546be4ea	10	False
0335be632b2a6bb58d6d819875aa65ba	10	False
57a32c48f22814ad94e34b863a803644	10	False
8ef6d81824a2f9afc8a28ab5dc363f57	10	False
3c9229d2bd369809d3ad5dd3e0db0b32	10	False
cc081b1ee895dd2f4181f0c80587530b	10	False
39039ec4cf38cb1a7baadedcf842afeb	10	False
733c4444fe64162b3d36b8df0dab308f	10	False
2b687d31c1c16ebf9e7df4a5763792cb	10	False
01290818c1f71fe683ef097753bc5503	10	False
534f700ad08060295ff00af2f4b56d5d	10	False
b4eca1e77aa8363042aca393284d08f8	10	False
8f031b6c1efab5a2a00f632ca70a21db	10	False
47002cd6651891cee9907114cb692eb9	10	False
d88a772375d0342e594246754e2c4895	10	False
54892d26565a2e8650c6125c291169bc	10	False
0804cc0c3a3cb43a50c6272ab93f6e67	10	False
dd8790b4ff9a55a61edf4dfacbb4250e	10	False
d039af4536c2ccf696c943c8e6bfa184	10	False
f49ccc2def43d1e5621b63c3801e2412	10	False
d78e5dfebc98eef45d2678745342bf4c	10	False
6e778e7cd228586429f473d3b63ab61d	10	False
b3cf1d9be68548646a2b119fbdaaf5b8	10	False
af6d6a61e55b33c7b3db06fa4c46b55b	10	False
52a6afef603c7e28af13849195090645	10	False
1721dfc6feba91cb18659a4685ac41ff	10	False
364af1d52463885687622a274ddc8461	10	False
42bdceea206dc45cf8e7ab9456165d1f	10	False
ce56a85f177ccf28dfa91bbed3d147f2	10	False
94f0c2e840c09a2559b329203075f033	10	False
088ee023af9f6612ca07bb89a617adf5	10	False
3e7f78516d58cd315955572ca7573214	10	False
055ff2a11843ce4b4a5443e85f06d836	10	False
736d0426c64ebeb708d186ba8ce833f9	10	False
8e46903fc61145b68ebc1f78a91a3651	10	False
5e419405614105d322cc445fea4441c4	10	False
d86ab474b1932ba21987699d8d3e4384	10	False
90e40670962b2b65734bc68e43a09a89	10	False
c6dcd7337117a69aa8db77f0f6329863	10	False
2b8ab1b8f6bf7fae6827790aef31dbec	10	False
6b8672ead17bc466cb133eec65b6eef0	10	False
414f35f44d338adf4c21707a3b145216	10	False
69a204bbf15cceefd47b8e41ef388de9	10	False
c59a16ebb42576ee67c4bde7f95d2fbf	10	False
3c272e001a0a08660ac8875b8b24f5b6	10	False
f4b27bbfd73003e1e0f3141a0b4809cc	10	False
2c0fcd09a99ee39e8abd45f061bff8d4	10	False
8868a5f9c06c66974d5b0597fad4dc02	10	False
0c38e3f4d61290a22c6454a6c466a00f	10	False
83de853814b236de67d9b3e3edd89172	10	False
26ce06478fb405f582046123aed50adc	9	False
7423bff04f878dddfe12f9045e1db9fc	9	False
937c4ee643c5f051d4588f6f82b5d14c	9	False
f7b81b32bd520cf333f8fbba4e9a12dc	9	False
2ddc48d998d8710c848380bb721d7418	9	False
809b006e0925c927f8eb34e3f7c0ebee	9	False
71dd8ad583e806cf47ae00a3523c57ad	9	False
46db759833f5fa43f03ed66a2add637e	9	False
385dc1f682689889b7c0eb2e931a31ab	9	False
7ce0f5dcc3bb140d29880512abfce295	9	False
15dcabaf513f8e06240d747391faa953	9	False
c4744b4184108780aa87568b49913b7a	9	False
81b3aa7eadd06b020759b680be9795bf	9	False
f5877829371b28ad9840b35899c2ad46	9	False
c8550270b0e415f9981d950b0b892976	9	False
53f8a7510331a2c33591f0685a9783c1	9	False
4fe8e2f451013acb0a5a5761cb5ad4f4	9	False
59f34eb5e0fe125df8b3215cf68abb2f	9	False
feb5faa689c251279f589157a4e55a47	9	False
276da6a3391f802cf5f64c599b32b271	9	False
b417e9111cd1c2a9c7cc50ccaad90c34	9	False
35c4e102ee4b4cf3c3385801288c4e30	9	False
1aca06d069407d72036aa4a27175486f	9	False
3fc2c3bca5478453aa187cea4ecf0bcd	9	False
3ae09dc0f0db22b3e46ba8f0765edcaf	9	False
5fe4a371084969c5cb9f7f05aedc1adb	9	False
8151c575d7cf051ad4f09fc217827551	9	False
f491f95b4ff6601a2992c9399cfd82fb	9	False
57179f1b3718562d88b82fe99935ca52	9	False
7db1a2c4c5bec1517c1f0abfbda96d56	9	False
8f91798c643acfee78075d314183bc02	9	False
059993f59c5d5806291cb4ce07538fd6	9	False
951e0807fea7cc9447e7242a4572c722	9	False
6b8b97993cca002ccaf43133e8cb7c78	9	False
54114eb038348cb8e62dce2f8e73d262	9	False
bf09f39021f1b5f8c465da157d62e20e	9	False
d83934c15afc1785357cda7393400f4a	9	False
8cb680d2345374a192e8aea5a3c06cf4	9	False
e9e41343ebcd1163833abfde4daab1f9	9	False
c66a5f592a53fd4af8c4a4c34f70247e	9	False
c5a36aca84385e3bbfac58dec8df42c5	9	False
b2463528218c6923d595f2eeb632d51b	9	False
35ae824b0b1cfac191f8f988eff4d94f	9	False
64fbf99bee2bc2cd44696e211edcf6cf	9	False
66cd857b23885984a4fe2e2bfb090443	9	False
27debcb8ea6d59ca4c6dc9650e6ec241	9	False
b314e9f908c6db1fe0497488461e6126	9	False
e22c22b6ed06464940dbda94fd055b43	9	False
311533fc6476e1488ce3119d6ff4bb2c	9	False
68567dd6253d8cb85ace8e198b8225f9	9	False
7daf81c647fadf7b676ac6fb7628df75	9	False
fef95b18160069de39dc14f2ac2b9a69	9	False
53a5db43631a909ef75f85a1c307c73a	9	False
bb27be33a5653b008913a028e090a53b	9	False
715137f3d7904ebebc76c1bb621ed025	9	False
145e5570ee23754c8d0a28a9380cb080	9	False
b8796ece61dab4c6992de50e1f37944f	9	False
816e6d5eeb40524043f5d1c227c90ba4	9	False
96c5f813d3203bd7951f5fa81e400dfa	9	False
548848aecc22becc8d4d0495e679ef5e	9	False
cf90dc87823250c5cac161ba73947635	9	False
dba4123b672f05654e64d80f26e1e695	9	False
5bfe2e7f17aa0f0660a23d53a88f6dad	9	False
459078062650332aec27a2a7a1c0347e	9	False
e0e7356da6c73d0fba3d64a805f3088a	9	False
a833f2661d9a2a40b9e93a0bc951db11	9	False
292a450d4905c7b01ec9ea2dc9c4568e	9	False
ef18c415925144d877c4a9072575a00e	9	False
8e792b64fcb02d732f4b546d8297418c	9	False
37d86decca6ba80cfc2d507d28133660	9	False
e9474e3a54c2347258aa453c8e26f7f6	9	False
218c3a2f496c27f43d113da8c32223cf	9	False
2d185d0beb11595ab7b90f834fb9eb9f	9	False
135c34dcf98217ead0359daf24707896	9	False
fea005ab4719f34715ee6da83eb6654d	9	False
c8703d3d624bdfd6fa70431bf6ec2d5d	9	False
2bb6c86ef0f2f754a2543264da25d705	9	False
c237956d6fec07b1f37a2851f7b9dba3	9	False
26cb1c7d7ee3524fdb930233194e6f83	9	False
a2ed7d47b924b8b26004fa6b753df327	9	False
22a17fec6529713909253ae29f33ec2c	9	False
5c7fc5de1f28763050093ed4f92cf2ed	9	False
a72de799a96b1e2b07873a839d66076c	9	False
99186a391641d78082fd243b06135081	9	False
ea221a754a4e47f474ccb3b8ced887d4	9	False
4d2cd8b69a61036ebfe2a1511fa05edc	9	False
3ac716fcfac51b577d7ec8f212a16f35	9	False
26c390d0c299152926aa9767ff24eeed	9	False
8c8885f80d356e18624240bfaf19eb2a	9	False
a9047fb850e4ed59ac5e6b552d9a0283	9	False
628d9f04dd2ab3a17b73626a99e57353	9	False
8ca7e100ba74a17aafb4a6ef20928aeb	9	False
695048e9299e605af4e503ff63cf1f58	9	False
7839ebd6a09cfdb1582ab5ba33a951f5	9	False
d69de25ae0474840c36de379fb04d949	9	False
2609f0733cb16f1bf0f00ab237c6d165	9	False
ce564eda6461f7affea966b699e375d8	9	False
2078cc298dd76b7c65fdb6a6a28db429	9	False
4179897b51944c0a60066e42222d1142	9	False
c612ea879324503097f8a6732e9f0c3d	9	False
983fc204860afedb57379569f0d86dd9	9	False
770db813d501d3e1b050d07993fa787a	9	False
c9ae41b9b585f42d56ff50760344f134	9	False
4d3408e3ee142974ffb265168d134ff7	9	False
1ced86932dec24a35df49e5b4e53ff1d	9	False
592e9d9334c3c40ad65b579166b8e0e9	9	False
54e9da33e57157ce1af29d46b373323c	9	False
ff1cfe1d44d8337b3032c8a8e55a4b60	9	False
1e2319cee1471042c77a225b3c6ee02b	9	False
b0c7168b452e5cf3b2c3ce0dd972651a	9	False
a77648e75617d24e54d67b142ec774aa	9	False
f24a6298b3fd446949600c640b373cd2	9	False
31de5e0d48cb534f50a930df64459f26	9	False
3cf1683e57c4af8be424d0375ac48dab	9	False
788dcc3862d803360391e1d5bd58d908	9	False
216aa566cbc2b23909c2376015b15f62	9	False
b060e1e7f59aabf5b066e99ae146b1a3	9	False
cb69448f711d930190abe1bab3bd17a7	9	False
898e545af6873459340af38a4a16494d	9	False
08db65477bc674fb240862c1acb1ce1a	9	False
d5bf727a4b3f6a312d9dd6ba606d5655	9	False
a9324e70700b1e2e1ec50b0038f3a51b	9	False
fcb1dd2ff4fd36af418b73b5642cb6ad	9	False
4a93e96191bfed5beb4c948a60b32c6d	9	False
aa3afe9e883fa732a18d4374b50657d7	9	False
85e359b8c21f51181fa4341d532bd242	9	False
227979348f8acd1424d6baa928e3dce0	9	False
2318bbe612c5b86247498f371f1ca640	9	False
516e49c3453d20fed76cfd76722b3a22	9	False
139b9ce06c9b226e67245e46725bc3a9	9	False
ae4cb22c0ec96621009e572152baafd9	9	False
40d50a3757d16d65e5dbfb7fcfdbd86c	9	False
47c33757efb9c004a84bbf77a422d12c	9	False
05f41407c81f924d5acb7c167095cc5b	9	False
2ff8cfd7e4206fcc8c2a885f56f5a2b8	9	False
65d8151baf9fe79320914d80b894c537	9	False
f3f84f2cf845dc7255c5d29a04ecd772	9	False
a30fc3d03dd7c0be909699b850a10414	9	False
3970d6861dc25f30c9c8565e8dc7a0cb	9	False
349a68f08bb9cc4e73f346d708629051	9	False
eaea348a995cad5f492810d55814ddd8	9	False
a6545f7f1d0130639cc3cf8a7ef70955	9	False
27ab4965ae6717aaf502849935ec4fdc	9	False
ffb615b493fe6ac376df6f7a855750fe	9	False
20d79c7f9f4c66d0b6bb04cc0a65697d	9	False
c2a152de658241d60a10e26e1723092f	9	False
9a218da9ad63c7b0e8f9c37277045cf7	9	False
a805c0f9e48c6c551dc5bd897940a1e0	9	False
977cbad7b5f7ea6c47215522682fd620	9	False
e5ba3f64c3e9c12e5d60c7bb7f6558f3	9	False
4a700dfa32ef389f7d61d23d9a9dc4d2	9	False
33d3c748799b9aa842cfed0224ac3855	9	False
dffd9fcfea1d9644d3ffa6258f4bd42d	9	False
7322ceb1e1091e6365b5031e1320e88a	9	False
0dfa4e295ab810270a74f25faf64e9bb	9	False
bac42956013f12f0e8fd54ad65aefe65	9	False
19487d288b59b46ffd2532ea80361df8	9	False
92b653b5239d7708c732db13a16eeab8	9	False
d5a6100f6db908d8a7323bbd6fdb59c0	9	False
57b2d34f43c74f6c7a7fb500139154f3	9	False
55a81c4dad10996e165f6e9d2e5c5fc6	9	False
6a740a68e0e51e0740ee282baf32cd3e	9	False
d590b8dc89dd5b64e0132a6ecfaa9e54	9	False
54d32abf8a7d45bd34d7fdabc0cfee88	9	False
201920379efd4ce5c351e2a0c0d67d5b	9	False
4ad02e947761916f338bba1949c9d35b	9	False
dc5e130892eb358854eb477a790f8af9	9	False
ef64df5bd0f4e743df9a88883a6fa382	9	False
e9d68aebb935704d533b34497cc01d6b	9	False
dedd2537847feae75dda7580843f229d	9	False
bf5c0e206561f017404ad670758a0b88	9	False
29bbae78614bdbb85cfd5b5cae87f915	9	False
763b6677c9381b4d162f5541912369d6	9	False
e2e29a3e32c73936d3ed0d747a2e881a	9	False
59bc6ec8d5a4439df9a024e6f1a9934f	9	False
e57d576bd1bf217566db9d719e17d440	9	False
8b03f72e05e140685a739928d4dd2619	9	False
e5e3d1b081bfd3551985d4574836f932	9	False
b584bb1e9fdd27cfe4f1165872618581	9	False
8b0e1fdacf1e1a8657168b81855c9a9f	9	False
66387aad2fcadba4e47dfd550b073785	9	False
00ca82c00bca1228f17ec2ff629bffe8	9	False
763ada350eee8ac439c78de45225f4ac	9	False
842711297d3c469c1ffc7c5742538053	9	False
79fa22765505a417b5beef1a3ed0e729	9	False
577146fe8771e241f46fc301f7c0d2b6	9	False
c6bd5aca6bcb5db8f1892d43b80dc05b	9	False
30741c055202bb794d3a1e6cebad074d	9	False
29c97cde65d80337e2c7822bf61be1dd	9	False
2b07a240f5c0e2143e1260a01529427c	9	False
4c5d24d1a0378084e96486247d608685	9	False
5741140bbcd5faebcffb78608f9f1770	9	False
67a6e7fb72db38b16d386c62cd1363a4	9	False
2a8d5ed2b45d923f0f525b6b11455f99	9	False
6c74f1cf085e304f59f61efd125a3d45	9	False
0970db89ab439ac61d73c3364acbe6cc	9	False
ef3fe26319da953fffe127f93855e05d	9	False
8373257de058611fc6e7359b6ab718be	9	False
28cc7eb88cfd8a1254cb4cd45907ccf7	9	False
5b16c4df6ef44c58779d5c739a85e86a	9	False
fa8e8b57362e3d94d80034518b927882	9	False
1216146aa0929fb3b67751c8e006b4f7	9	False
ae5bddd64e5244a9cd8fdea6a016c971	9	False
a6bed916a524c5bac7a7a0e7237ced4d	9	False
85e8eca6c05a81836f71d73ac1af984b	9	False
836e1bd78e4b492792c341dd29a46f07	9	False
e3fbb1866c5832696d78ff75d7ba93e5	9	False
871df259ca9489f5cb9fe215bfaf6417	8	False
3fcd4da087ffe0a4aadbae49375a8515	8	False
03a7b133afc38980651be669696ec947	8	False
6566d0622c30f73048bc6166c3d5d8db	8	False
816076752495307430d3b6cf3524f580	8	False
00c689c990bd5c5f296f4734842b480e	8	False
f1527d40c7233b9fcb57614c8d698dc0	8	False
029098ae82c0f337a02d83560eba46fc	8	False
5dab62d1beb75d20f2c01a0a7365f592	8	False
190913928a83ba021f7a05238a2e7ab0	8	False
ccd3b4fe4e476678b64dfa299d9175cf	8	False
e50cd5cc0f1237d06b0a2e8cb269ef22	8	False
3f3da1349c569480a8e870d39920342a	8	False
187cae747577ddc84931b64641a2d818	8	False
e81aca0a9c4be01983d71c1a8cb3a159	8	False
52e0b55fa8890bc735b1e4c6cc075b46	8	False
6f776c10df697354914e3dd02853af95	8	False
c614ca3d3446252952bcf9fe43b0bfdf	8	False
ea4b6c893f0e15e9ee4245c2f7371fae	8	False
e9d29965e360497225e91951eb1c61dd	8	False
686c604cd034f5012e4a258aceda4a1b	8	False
5e34772e9cfa194e42dc9401dce212be	8	False
b4e6f9557b027c93980486d2bccdb3b8	8	False
3b5167fc05d221e402cb1748506b8442	8	False
a3be6ec8f30b51477a1cc85bc827e2f4	8	False
9bd6c54c8641b8d79525ad6cadeb64d0	8	False
fcd81989838db44c8320f68143a957d7	8	False
26ae6df53e76560364e018da3e604a55	8	False
4a263bff2724487e834ba735929860ab	8	False
a697f782931ba22fef902bd4e35c215a	8	False
b5da6acefe7d23fe105270c6b998c6a8	8	False
b43e8e7a2c2b9c8a656c5b0288e9355c	8	False
7cc5d991089115fb064c0a14e2a15fea	8	False
0af9f47ff3dca877c6eda7541ca1ff0a	8	False
589a67cbc87ac9a387ebb8620663cac9	8	False
3a5e2eec1891d208b45a5a104385520f	8	False
62f266a09533b748b71c8acac2b2c919	8	False
83938edb0f4b102e2e3305ad6e8efd9a	8	False
db3e01394ca5fb5eb8cafa9bc463b8d8	8	False
cb5423faeadec5a39dadd3419e1820fc	8	False
197dd3dff4b13312d74e66e18d10549d	8	False
0571edef4962b80837f40b587029fd80	8	False
43ead7aa9cfdad4f483a1ddabe1b3a6e	8	False
e0d7b20d1f8de96a14c67097e04e1b2b	8	False
faa294e40ab522499ac4ddf8098eb019	8	False
c9e210dcbe87a215709d2fd445a62adb	8	False
7553d3ce1a630921aa4ec5bc5298421a	8	False
7e19273d444f4a6943aa308e0010fbc6	8	False
b6d31a24b6fd00bc1ff8690f3cc6e495	8	False
9e3c94fbe5cff6d10171d048d22dce93	8	False
ce593bcc0dd0eca9d801a9643c686f81	8	False
d7c99b3742c21976e4dde49331bbe53a	8	False
f6652efd1f987a257dd24cb23c7c9202	8	False
d06d0dcdd56161aaefb49eefe5e1ef9b	8	False
8866ca3e30be133ead78f705f200efe1	8	False
def6dad95b784c44ae0c84f7832dd466	8	False
7e4730fdfcd01a668dca80d4168c1029	8	False
2d654731fec93b90c60513400596ad2a	8	False
bf1934a0958d90bed5865f8c68c8fc63	8	False
6ebbbf822faec75ca4f066045ecae4fb	8	False
da16ed479570afaf898bfba263c857ae	8	False
1d8586801de67bdb751aa857493f1397	8	False
a224a338e7cfc72d9559014a2b9c2f0b	8	False
6400100b4966d0911704640b6ed4bd6e	8	False
b6663f85323c08d3df5b73dd6360a72d	8	False
4ecce6c4dfed20b1b5c629e3a3cf5699	8	False
a0548db4d9c91a0a7fd8f5cd6e08c198	8	False
28a2621c352a9d491274566226f36905	8	False
20f7dbe4baba9e248d0773826d62e210	8	False
36cf41da1ad727e7beb28e359d8d40e8	8	False
8bda5ab32d2ffdc75694df74f8264283	8	False
08d5a358615c6e1123b166338b0181fa	8	False
5d460b823809fde900960a9b3bba7169	8	False
ebca390a2f4b8e3f8ded0fc1caa5ddb8	8	False
d20db7f3946c8eb74ca190a18d619e27	8	False
1b71ed3ced1a4d786ce41ada5770f45b	8	False
6ded29f09450c1674442ae62498c4346	8	False
ec81e4e612bc51c58faac295c50ff473	8	False
89d0cd0f2a55f624cea42ade893656f7	8	False
387695a8748e31e1651cb348de7d5567	8	False
22684f344ea45739380e32206386cbac	8	False
b0f22bfb71d8a2cd2c4839cfe4938189	8	False
4cda2facdbe178f9f60143c2719b3b94	8	False
073ecb7f0003a4d2913e1e6413a5b66d	8	False
ed0725baceb2abbdbbcb631d8a2a0fcb	8	False
fc49adecc0f1a76338a381f36fcbb965	8	False
c965298706748b28bfd155e2f457bd2b	8	False
e3f34d0f3a80d52166082c32c080280e	8	False
f8b597d22528ccd009b7c4f2f7f0505c	8	False
e5613c86ca02929212c8349fc5eb4eed	8	False
08938c4d8fd422d8733b83056ea5ccd4	8	False
9d7b1da90fd43e9cb7f965060150ef9a	8	False
c883a67d971e0e41fac8dd1893f1e593	8	False
502acfa44bbb012d4832cb325af69f34	8	False
b1a8ff2a1883990a46581c2b4f90bdbf	8	False
77eca13b18a3976b11e948463dec4463	8	False
69453db6a756c5edb896bd0b30720a0a	8	False
0a6410c1a62649c4844b12a034588277	8	False
95249934a27ca4e43ceae3c8b33f3a77	8	False
2d665c2b1656828cf74ac47f05e7442e	8	False
0dc3e0fb954be08b3ff9ba2c2d9cd022	8	False
168fa012b677f3857427557054f5b693	8	False
c8e51cae8d9b5f648a0eb4815a250556	8	False
284ab0060f1e7254212a199ae7fc721f	8	False
21264830d7ff82dc959545c217b1cacb	8	False
9b71a13c1317eadcfde171a494607d40	8	False
b27865c2916c3588a3f98e56a9344e98	8	False
e0c01203741ab6c20316b16b235ef468	8	False
aa96716d429bcab2acfcb7263a3614e5	8	False
ff3a30bfb9088ac9afbc250f4dd49790	8	False
b382908ee0f3494ec388210ddf55357f	8	False
f57e478cf4e62ced0e855c9cef6e17ff	8	False
4e92374c02b44391917b3822a68e05df	8	False
3b3d20ebebdde18054bbbce59517e4d8	8	False
f7eee97c9e436bac8c3a64ef3132171d	8	False
878bd739663a6444ada47ad0b8bffe56	8	False
e352c40396c65ef1cd38c79fbf67d42b	8	False
4136ae3eecdd6db3570b622ffe326409	8	False
ed86c6d66105e86d7ffb3ea4ce1c7203	8	False
9aedc97badf4a801eefcc2fd0f0018c1	8	False
65c81b7f020fa6530e5995cfadbed4b8	8	False
19a277b30cc795813f85fb338838c6b7	8	False
7b4e3e3ede55fc5ea0478585c7f6e68d	8	False
01a5525a182b26119f7bbfb3f8035eec	8	False
dca45445a11a008546e24ca62a6ebeb8	8	False
30e6698c2a3f6f3d41d02bb005be861a	8	False
45950abcf401e3db19847b16d1ca8425	8	False
7f584d41a22278d51dc518dd36aa6c48	8	False
2f4d94c9a7ce86045f28660e38596dc4	8	False
3894ed874cefc11cb2c5d7d11864d5b8	8	False
fb8ca975468ec2113aa83e9d17f386f7	8	False
44f66804b96555b4bb8a05553ecbe3f3	8	False
c04733bdacbccccf50713e15909bf392	8	False
b4cb916113f84a802a2a0e1783588c4e	8	False
8831fe2cd23d3735e2a0de373b8088d7	8	False
4a7e7124a36dc7f0b63e31d16d190b20	8	False
01d387b7bee9cb91f6e1f61780fdf55c	8	False
a103094c591a849214047fec55eb557d	8	False
676b3d10268d995f947e5bf08f3c6ea8	8	False
a2e1660141c03608f4a2186a28b43f82	8	False
2196cc3a4752aab6c80d8e1a1d2101f4	8	False
033f2c7d42a188dfbc9322bbae801037	8	False
ce91fa889fbe9b7aba0a78186d226248	8	False
bcf024d6a4ee28b01a6f2973f8ed6b93	8	False
83c3cc64241bd204c858baf600c9dab5	8	False
2f23f2e8bc01e1307a48c4ece6ab44b2	8	False
531b67599458fccea7bd6eeb23adee21	8	False
f48b8d88ef06f0207bbf8df05a1f8b9b	8	False
116b28e5ee469e75c706a0a4b07eb5e5	8	False
354798f2f7c5e7da1bcb3ea74c1aafc9	8	False
7475b3d5279af0bdfa50868e8a217af8	8	False
6cf3454a468bceb95c7285c8fe920b1b	8	False
b49dcba2f93e8393cbcbfec5a6518249	8	False
d1d821e35b9bab180ad9dc3ca3f7b09a	8	False
8dac89062c18b215cade8e335987684d	8	False
bd6faf614a1b83d024721513134e73a1	8	False
e7aed1a8af05fa3dc3c74ce89fcd0d4b	8	False
7aa2ab702f01a660db1b0f3f47c5a3b6	8	False
33d4fbd67b51821392ca5692f902dff0	8	False
92d73812618e196b83ec924b800992eb	8	False
2ce8fdad9088031a424bfd8c83e61b2b	8	False
b83e963db8686c3cd56feec716fb4e5d	8	False
2a843d464e6630123f8c8e856024701a	8	False
7c669e8d579d75a30e332166f9112059	8	False
b3ff1ed2302ceb9faaf71bd4542fdd64	8	False
e7214b1783473b98ccdba8844148f21b	8	False
5631f66215e890ae56c8460c7633118b	8	False
9f9ea005626b525c42c29f385367333c	8	False
aed6940cdedc5e85b2b161c219b3ba7f	8	False
e6b9df4ea313a760a20e5f8ce38a9fb3	8	False
5769af8560e1e85a035ca4b158dc9c09	8	False
36c2670ecb9fe9a0846ba01154ffe92a	8	False
0dc11e40a2f8e2c44e6662448c52daa4	8	False
961b427044642f073d2e0c39f8a6e574	8	False
385dc0fb673a4a3f6bfb9f6290794943	8	False
ff32dbe377f142741790d6ae383f47d3	8	False
925a12d84f5b93ff4c85153dd2bf5f54	8	False
f4e07b60838908f999f1ab594c952a53	8	False
d995b02e8e304cab5b9a857697f15a27	8	False
83a33742385204c2b3e2c250b6e97050	8	False
bbf7bf5e3f2b225ccdad23d22d16c99a	8	False
c48c5ab429342b66ab2bebced134a588	8	False
038a6380f05fd788a3685661a0d42683	8	False
eed6abc9556a549de6f3246e9691d1c3	8	False
d3017dee82b207c352208f0f47e7df1c	8	False
1d93bce7d29167e61e7c1cabe53c2cea	8	False
9e3b45573704ef42cfba9a5ccd3df417	8	False
23f33c93f71d6eff8571815ebe5c2487	8	False
543431239c05eb20b537ea556b5dba92	8	False
2a78d1d0a547b1bdae8335e8454d3d2c	8	False
a26b13296d1702df62a9f0ada191d4e3	8	False
d36715b09a2841a214ef962596332e1a	8	False
5d575d3370dbaf1c2154c4179133a8d5	8	False
8f16203cae105d05d5368bdc00d18578	8	False
016ff2d44e3f99c42a568745195a3f14	8	False
5130df206b3a2486e84b2633b6bfc1bb	8	False
a5e0fe768317b9d6549234040c6081dd	8	False
d32753dc6bfb4e83396b1f5cf994f376	8	False
109477e80477e7180a4ef688f983b779	8	False
74ce5fa308356f168fdd168f8de33032	8	False
16457d34bc92ddd1857eb17531fdf424	8	False
fc3014e2f7d5fcb415b3aecf0f108087	8	False
31bc432990f13d25b0521de92a20b19b	8	False
e18ddf9e9fa2ce31ea83da81bcf793ac	8	False
aa279c1008b2c378d3bc0ed92f90da65	8	False
db6376220e6da7d8f2aed781b26b81b1	8	False
6fd615703557ae589f3c7a2f280fe906	8	False
a59e7bbfa30be1e4ad6e3e0635213edc	8	False
49b87c607fdab6fe7ab9e718b3193df9	8	False
4a148a233136d04b940ce8b5528b430f	8	False
f1f7422a3456e8b5ef4ee9b74c1dd6d9	8	False
645a9ea73a06d409db363cda704d4312	8	False
d4cc50aaafefd5a012ea7a3d71921336	8	False
0fdd505d418e1c36bceaa75d408976db	8	False
0821a31cdbde87ee40d05d044946fe19	8	False
710e53a6ad526b49e6eca9a6c415c252	8	False
352f09d4bea22f5dcfdaca7a7b02f844	8	False
e2541d9a11896bedaa6d7ac6923d2356	8	False
d4404827d22b79bd9ae700712b51b275	8	False
0d72b17fc93545c8465b9fd71dffb167	8	False
6a59f7cddcfb9b2377d378be0a24b03e	8	False
3bce1d2661bedf5e75ce21839d0f6e28	8	False
fe73427ee9cc840ccced0497d20bd606	8	False
5d4342649dc3784ca2a3286dbd38c3fe	8	False
89158c8a440c4d9be293c00799edef89	8	False
9c59a41f5d93b9b693e117d25f82244f	8	False
9ea91cb2da4b75e8982fee51767fe6e6	8	False
3c2c4ec2e889dc47c7e590ce60a51e85	8	False
88366c142eb553e5e9c1f4caaae1ca34	8	False
ed74d3a2356c2051dab90a3e5909c1ab	8	False
b9cef143ed3f5f3fc338f89cab8e6274	8	False
008a2ed6088de2b763c383198252e71a	8	False
afa48c9627359700b68989629d997dbd	8	False
124a106c277077416c68553ab6313547	8	False
a4a369bcc58908393ca56c956eaf89dc	8	False
83142a5ed64ec235072b306e0fb5a30f	8	False
00c18463b358fc50dadbcf50634bd1d6	8	False
12a849342459fb6fd64c167b71d47375	8	False
effe19f7c4bbf4b2cb436330f8c3615d	8	False
ec567a2d9c8c2f0ef928c5eb9697e1ba	8	False
01469d20df3bba59e6a60e1c4468f1ea	8	False
97253756d30fc01565076d8b3da5992d	8	False
c60704eef325ceac6a4f294ae7cecd63	8	False
2f8f04f4754291273255a9ae0ee8bc4e	8	False
4847ed1e6d5e9bbd2541437cece1d160	8	False
b314e0a46158def6f473c29392e14138	8	False
56d5a5dcaf6d2dcb1a49c97aba937860	8	False
c03bb2635b5680b2bae95a07afdcc7d2	8	False
a50f83546966c2ebf8af416c328c0a1b	8	False
ead3a6d4c6481164ab627c229bab6f21	8	False
546de7737bc1d652626474bca6eb04d0	8	False
82374df7041722e080fab967f28b6ee6	8	False
843dd531e1eff5939e9074d8c82eb4e0	8	False
583e4f8aaa223347ac384a02cc727a93	8	False
1e3f1a612fe3d078aea2ce8ed56c24bc	8	False
9b6a20dc7ee15a39be57ff12aed12771	8	False
ed4547873c064422796c1a33325d4d06	8	False
909a0faf4821ce729c5c052dd2df6bcc	8	False
e19bd59bafbb840a9221a56d931e7658	8	False
5941702f98ae9d45147d3aba06d634b8	8	False
6ed025bdf92c9f662be67ce6319b09d1	8	False
cea0d85ca18f9ff8229516802a39fb32	8	False
58b495d65c38ea0a07e6976c98cd0717	8	False
e0f133db1f84a6e09eb6783705a1ffe4	8	False
1a7ef7798d546edecfebaa16a2829d18	8	False
d74da1de8d4bdc7e0dfc9146c810792d	8	False
a0ce191f82edf3ae1347554a112c7a39	8	False
d8fefc7a0e85c8b06f37a417a78d14c5	8	False
6f3a4e2ad9fb2895a020ec5c6485be83	8	False
5b7b6ecd0d212736e60f548f13b5f558	8	False
a70cb74b05b209d09a918a1022e0205a	8	False
a0e5a66c3224bc354587c1ffa893f05c	8	False
a0252397b5bdf30aa5d7c19c324c51c5	8	False
ee40d71a7ae44ed1c0d8197fc92a66a9	8	False
2971c0ce553cefab47777a3a4ddfe20a	8	False
9064f1d9a19ec14a7220da4f9e15c96d	8	False
13bbbd5674e6adecfde451544fdb40dc	8	False
2a594fd0cdc4aa89a55d62afcd627911	8	False
d8d756ebbd54e4b0bd5ddfac4383864e	8	False
d38cfddf17809e77c3cc5b8bb4f446ce	8	False
46bd041eb46d0c11fb580e0d556cc413	8	False
ef797d55874dd0d4ed8ea1f88ac59b2f	8	False
bb1832814ec2240770d35ec220b0ebef	8	False
ee4ba4ca716d16e79c79a29bb2d02b5d	7	False
d88ff98ce5d9426135f0be2ce8eb6c83	7	False
a1e23a8330b8201354d6e8a5847374d1	7	False
79d2667c2df8f46674a1bbf8ed347068	7	False
e63ce755596effa6206b5cab15ea3d08	7	False
8033aea4d90e23ce528acfe64407c129	7	False
31dddf631de4f39480eae2471c839927	7	False
7b0014e5c608e041bc999f00e20441bc	7	False
c71cfc6ee479be0abe4ea3c23db874d8	7	False
34ef7a0dea9e4e632ef16b58e4115a51	7	False
460b43687c809814a0cec0c0fbd944f9	7	False
8a18b55a9070320dd3b35b913c52dbf1	7	False
904ba0ec53a719f7862f91541177353a	7	False
8cb8ba1c35b1d2edca0f50849c2da2f4	7	False
dd4f564cc0c8259adb3f641a95aa2815	7	False
f62ef94384c4eaa110458149d6b04a42	7	False
d4b151ac699189f3971e8ec56edd444e	7	False
fb45b7880025efb58b87024d79534ad4	7	False
bbc7dd4acd9c91ff7dfe4fe565d1225e	7	False
f2a1b4b29ada16aae149dbd35f78f9fb	7	False
6781cddd4afcb57937c9a19a400b3e70	7	False
116fdcad2702e8bbe31ab84292eddfc4	7	False
c8d425008ea1cbaa2e0ed8c3e3578b76	7	False
806d818d15e1c463177af87d982ed15d	7	False
6c516803e7027722d629f4c262ad2561	7	False
72e75ee0d0c004b9d0567d478eea6c8c	7	False
acb7013c0ce8eae2dd1e92e1c64ca609	7	False
7f19aa9e911ed6cb313817d2a586263b	7	False
05032e1c0e6eb5a3cdcb7cb6cf10c21e	7	False
a7781585e38a92ad352b0377f5bce47c	7	False
4b1fa6e932ae54fca10ff8ab887c907f	7	False
7c4431dc1cce51eb074eaa6614b83ae8	7	False
11897c87bd0759b49c14be4a43d95bac	7	False
8fb0728a751529c868d24b559bfa9870	7	False
ca35a4199f2e89c551d9de0e1be921f8	7	False
50e7fc0cf56396bb1fdc2c1d906c90dc	7	False
c04bf7fb221724977d918399c366696f	7	False
ea72dc7a4002c354c015b0fd2992cd97	7	False
da1657755779d889a269b273ef0fa9f1	7	False
b74c18f6ff643e90a8838ba0413935d5	7	False
99ab2dd704652cc059ed40f34239226e	7	False
d33c830fd6d55c98119f785d7f9fcffa	7	False
dd1a74946c1a0fff36808c6c1b3b0695	7	False
733e7f9549faba3b7e006ba04004400c	7	False
3f037e81e7035df678195be1639e7730	7	False
7732d703e54cea798bf2e2839b4e5313	7	False
e51e556cc142482dfd933d9ebda0c315	7	False
844ce155fdc634cd89f101c30da227b0	7	False
fba290335eb0a1e381ddd6ff0254531e	7	False
abec9ee8a05a19b83a8e38dfcacbec97	7	False
36d8511eacb3f12852f83c2791107d20	7	False
30ffd8164a71571b333b9cf08f257b74	7	False
260f67ba44c83a7510fbdca1e6c5d78d	7	False
e4debcce608a561a008678fd753f5573	7	False
82a5f7519acbbf93322487ed3ac97a6c	7	False
307bb2f5a555cf661f63a80f090b3080	7	False
bc003861f49bd61151602955c64dc520	7	False
82a1ccea7082cc71093efcf333aa968b	7	False
1022ab455cc245f9f16bbb53ef93c7f4	7	False
bffe9db37337582effdb69ef2dd94688	7	False
4313c4747d1eef53dfd7dce6bf6cf2d9	7	False
b6ce5ab5f1bf313606ff97f1820f7260	7	False
172f1819d94450e94292ee97d86926bb	7	False
9b473aa15585d02c831202c8b39f841b	7	False
3a92ca5ccd1fec1bc781774dd60d1781	7	False
1515b44f3d440571a4228ad964936ebe	7	False
86f170ed2d20cc1520c1b363ffb3a13f	7	False
18cad88bddfeb0de90159982b0afa4d8	7	False
6ed137c5d561aac03513c10ac0a3ef6c	7	False
5989c44b37dd319c7919c50693b76a74	7	False
c355ee45849fcabc195eed67d8c73a63	7	False
eed13c86f2cae9d116b76b93c54f774f	7	False
17a027f5085a506243cc486ab2c25f3c	7	False
49f8fd112e188913ab929cf15fb3c015	7	False
8023d19f43587f166ca8cf79c2f39b8a	7	False
e38e3d73b7de5b4ca4898022ff309058	7	False
4ef9265a3e88d7dad2f7b307bf153980	7	False
7bf14e8fc8a66e3f02baf7e1fd14ae40	7	False
ca5f45994293b6e00c058b48e2cd9993	7	False
52f4d2beda5d59b0b621bcf875fe1c9c	7	False
4155760a8066b24c5b968d92a2c9c409	7	False
23aec9e0aa4ee2116894d80957395ab8	7	False
d1db03934ba435c6e2709f1052e52566	7	False
8b8c3351c4536f7f2cc7d1b771ffebaa	7	False
2e15cb088422d33683295ea6a5d523ad	7	False
ff5d5e0dd319dba5f316f5fd700f5f50	7	False
717234a8403208dcb57963ece6b9c4c3	7	False
08349f0bff55a283bae4c2bdb7e867a7	7	False
bcde33ebe383446165a5a867964b5a73	7	False
09c1f4be6244d44fdddbf90767405856	7	False
c7854dfd92e2f449851408ff4e83c4a6	7	False
bfee52bd317869ec008fa3a2854ee2e6	7	False
7c48793f112870f3086daece78d5e4bf	7	False
5de7f018afa62601c6eb67c1e86fac47	7	False
998c043643546bcf2d54e54e8746f01a	7	False
33974cf427a7bf260ffec864b93d5bd2	7	False
baa553ff4240920edbc6b2cf8e8d19d3	7	False
654a9379113a19004a16b0b6eb5907b2	7	False
f22ad4ff5daa77de1f9f5085a26c4fd6	7	False
7b6584d6f74a795faf8f3c78a423b26a	7	False
d4d36791769d7d94fbb8ec32f42e8c9e	7	False
52ec15c5acc1e2348a09cce64a7d61bb	7	False
dcefcecdadd59e9d3f6c0eee7976ff3f	7	False
dc69aaff3828e6ec1bd6ab5f14e01b59	7	False
0648baf21249f6baab98bdab36014cdf	7	False
0232c4b5857f5fdc41d16c251864870a	7	False
1af7a426c9265f47052c0aa114f7ce89	7	False
5e6cc7558a4d7d43e7a4d8d40990fde8	7	False
efd9aeeaa1e5cdea97823756318ad86b	7	False
f7c0ae1b971f7caa09faf3625bf595f1	7	False
dc225d87df89f79b18a13299790d4358	7	False
31ab15a2c50cda9a4f2e1885c41a1f24	7	False
fd76f3397bd22c4d4e90e5ed29136f34	7	False
83719e73060722e280380b88ebe4c9e0	7	False
5ab2232b49bd2e923a345f3f1fdf5ea7	7	False
9756c2ec10a848b45c7fc62f65e7e19f	7	False
ed71cb025b6ff2e0fdfb432f5d7bcd5f	7	False
c93a6d8c2dd97040235a14242ca28817	7	False
e4ddbda0baa1bea9ec49ce36052b11ed	7	False
a701ee7a45bc1b52f13223fc0bcb9462	7	False
7a592c3e31264afb16c75141bb6c6b24	7	False
983754177b170b0959118b3b54bb1547	7	False
7cab56fcdb3ea3cb7e1a65348a3a06b3	7	False
f6966e7d7fd555719008af71d976cc99	7	False
225cc3b5e505862115b6028da6b58594	7	False
b1ed17b0b91f74eaf90a29ecb03e4b3f	7	False
de6bd16b496a15e26ac684c6052ee521	7	False
6aa5bd2f0c68f6bcd14b4ecc8e5fe8f8	7	False
05f5bf5263425e7666bf74fe05dc190d	7	False
2db0b29b1e68229030fd1a0eea3c85ef	7	False
33dedc5533084249a81ed3c671cdb8fc	7	False
ae4456e03d23d15ff6f59e8f2212f0ab	7	False
22f5ddbb62966c8f7a65378f78d3abbd	7	False
752dd33d591dfab73aba0a64ad09c129	7	False
d18b58b20ccd54eaf5fe22c443a85d16	7	False
89dcffb570ce079fcb3ce0d29788b2eb	7	False
b8e3dc9c70d9851368253d0d2ede1878	7	False
899d005d61a5a7f0bd72dc072f38a6fb	7	False
a5c040bbba5f7dcbdec01daf7a2c810e	7	False
bc7a07229ea44f99aedf8265b9257160	7	False
88a391536b531313f0c38df6493f91a4	7	False
f6c8af9229411aa808f0351dc38f23d1	7	False
d9702b977a56a7feb8d6cef9c3204261	7	False
7fbe7787fe7abf241f6fb8fd24c1935e	7	False
0740ed57def4f9ae1a35059c31f39f76	7	False
fda62c28d62a1de5e4671f36244c2337	7	False
56ecc9c50bfe369b39b60531b530808f	7	False
83dfb992068ea4aa23569f150a7b37ff	7	False
33aa310d9938ae25e7dcfc754ab48f0f	7	False
40b8738c80415c59928fa4595b2c014c	7	False
ea81529bb4c7d6fb90bf0e5d58e37881	7	False
02d0d38ada28be79dae7cbbcb1c37424	7	False
ce133472afb997195ed39f494fcaffe9	7	False
b8c09e9f0d3109aa2383b28d8baa868c	7	False
8f97b169d93f791a7885b3fce5ce8a22	7	False
0a134d84097f2b835720e8b03f506f89	7	False
d739f9afd725c116861b1b2e42831afc	7	False
a41c97e8a8f976041cc0f3f152fad889	7	False
b35386d9cd043fd39e7809a36542556b	7	False
e77c38c7c519b13dd6627876a572407f	7	False
eccb2189403506acdd3a40a1b11467ba	7	False
a5f7ac5901b05166a865ce9b3af2ee6a	7	False
5b451f0eb7377128306e98fcace685f9	7	False
9f4b3d3da25da1d25ab5ca43c108ee6f	7	False
de9a20b5de3c676efabd23177cccbc91	7	False
8b559fd530a2b796043251afc9dcba78	7	False
6c835ebfdbe012faf15c7cb2711d3cee	7	False
4f84715154ce4c14ddf343193a84d6fd	7	False
2953b6b34d6eec95798f65a673829158	7	False
f9de935ddac8618cd43aaa4ba945cad6	7	False
77fb601c5ad4857e2a5d6514f7a660c6	7	False
552bd0ea27fda8d55d79766cf443a08e	7	False
ad72de88252814d07b6f0f152f36e13f	7	False
b29e7589795edca4d624718dd456a76c	7	False
1b23b35e5e3e05c38a7ff8dd1e68e6d7	7	False
2b40f6a092591c337abc7e7e2243de45	7	False
ed2b2da3267b4ef2b01eb660d9540fb0	7	False
72cbe3975f03cb22690e0f933f282781	7	False
feee01d5719e184949ec06c2034a0c30	7	False
fc04f505f96b522f960ad4ba0b6dcfe3	7	False
150642e13d710dee2af677da88c0bb34	7	False
e41630f607454eda20f8eb856d069867	7	False
8c125c1076c7af36531e553bca18e56d	7	False
a7a387c75902f64c1cbbb8048693f4c6	7	False
8205dabc38b80c5fb802a64633688bc7	7	False
32ef59c2e8ccfebcf636ddf25f3ed390	7	False
a24ec11f64bc9f090a712a21418aa6fd	7	False
0d3fbe3dfaaadb3e4f62001d70420f43	7	False
c406a23ce9072cf1c80b981e27dec4a9	7	False
25594e94c302bd47e1d799407a054472	7	False
fb58e0cb1b318bc9b69972111de1782c	7	False
b4df3b5a0b974233bd501030623cca9a	7	False
6720e3df37c18458320ccdd991e2f785	7	False
d51f51399ea1086cb6905695e665941f	7	False
81dff27fbe71315c7628704839e1bad0	7	False
232b6a0bdbc9f5d8d02e8e1ad5c2eb2f	7	False
eea272fb365c6db98d9ae9cd36eb6fcc	7	False
d4afc5aaa5e59da376d6372552c7819f	7	False
ba826eb9eb331cce2544b16515026ee8	7	False
19fb6016020cec70b4c39e733a47f98b	7	False
65bfaa94b27b288cbc9c63281c8d929a	7	False
770245b79f71be0df2adc7fd47a47257	7	False
e93fbb056a0c25eab47e683ca1e351e9	7	False
9e550d71f80ac734a42692c703e842a7	7	False
8b64b4bc1f40018e64cd572006a6f5bc	7	False
1c2bc4609e06608d622f13b1354c30fd	7	False
779000841494b2394e20b5a090a1b6ce	7	False
36da0966ea5035610c6bf143ea1287ea	7	False
23a1c4e6976f9055ba5897ad0448d55f	7	False
8ea99d4f9d09eb548dbdc2ac54f04c3a	7	False
fbaac6a91bcaae61a0e63f6611cb5065	7	False
9dab7b641ec625fd93b4ba4789620dd0	7	False
f19439422191e546964ab46fd91f7eb9	7	False
bb403d3705b1044997721b06d64782c5	7	False
201ebbd15e56fe1fbc34a4ff801a7af5	7	False
e25e0108738a386cdeb1e10cc5130787	7	False
3f9dbcc526d857f20abbed79be50fabd	7	False
8f357eba54421a7fd7f78f485cd61735	7	False
6601f329bff17745d784db068d37bb98	7	False
9248290d91706d16bdac849d59b0c081	7	False
bd682bfd03c1427ca789fcfce4d97ecb	7	False
24215eb0a113e7b98f6fdf642724b4d1	7	False
eea669acff0c5387c2795612c6d55a15	7	False
fcb5f91154ad836a16319abf18c3a9af	7	False
1fb9c2eec54d767e768a09e5a0c87bfb	7	False
b6ed372355a5c3e6ab62ec7c3cec1331	7	False
0f859ab0c82156692bf039c8924215bc	7	False
411f859aa0c19fe35bda583e719f3023	7	False
2c4bdf5f7129fcdf4fc2fb889b69e880	7	False
34a9bdf3229666383e87c6dd49849520	7	False
414ce00e1b3079ee16d03976a77a3176	7	False
4618231cb1fb6f9ce64485eb253ebcdc	7	False
ad51de63aca6df7eed5a313285c4e61f	7	False
469e9c1392df3d0cdf90fef50583c954	7	False
10b015dce15c1b7ec0ead5e278b81194	7	False
a5262d442b37be7f9a9c8bbdb3fd219e	7	False
cf105a3d5fee02db89d791ff66704a1e	7	False
370fa65f55d7243cf42a920b503a9278	7	False
f239b0739d003faf63341dc9e8733484	7	False
26a12bfb2308783420099107599ecb12	7	False
ca5bcb4a0aba6ffa4a5a923d1a20f6ff	7	False
82d1ec40302646789079ea109a8131bf	7	False
780461e5e2990d030f8f2386eb05559a	7	False
70430b0c302a625f59076f88bf0bdf23	7	False
dbe31eece9ac113466b3bc042e5bbc8c	7	False
f8992c72bd25a3e062fdd370d7dc63b9	7	False
1f431ed71186fdadd27b0e4d020537ac	7	False
0574ed3f3eb74ba1ed33bf872692c270	7	False
55bdda14a36e128af1772dcf9d1e2da8	7	False
3d1085509e32d4cce9465bc70a4b4c4e	7	False
84c245c44938522d80bfe6f6345341ae	7	False
39199d71a6cb536cde2b44c3b15554f8	7	False
ea8e86e54331bca953c04b5b2d69ae13	7	False
2babfa6952ffd66780c47715ff87df11	7	False
cb7115deb3a45689469e82d8dd81e316	7	False
77e517f73117c5b0bc2238535e8333f8	7	False
79fd344fdebec30cddf744618a0b8a68	7	False
5c28450afd866c7bc08089f9f78dbe58	7	False
08e702e3c2ccc2b6dbefcd07fd1bfb48	7	False
153aa8c87801d0bda5509b3157301adf	7	False
22dbb8d16b48d96fc151fffce5dacdd8	7	False
65141f1ff3c4052b986760ddb79f15d3	7	False
ab9342888d82d16eb046ec86145ee4be	7	False
3fb96409f0e8ec015cb5283a97cb0d1d	7	False
f0efb66c42572494008a6520d01cd9ac	7	False
348ef81ee5a086f7e2b381ca90dfe6ad	7	False
ae9d823a0b9158e89a49cd07439f7eb1	7	False
679ff9f82ca27c4cfe2d01bdc7f87508	7	False
fc3918a1b31b98c0459209c63f8cf3e3	7	False
a901360b934da2c0bb87fd59449aabf6	7	False
119fc7a300c0fbd786dd1f4ef4d6476b	7	False
3b5530a9e86424a2f8af368c8da4b306	7	False
55d4b12834387c6d4b708d8c08a5d88b	7	False
3b428bfb3a24a4f6d098af65e9a26b46	7	False
fa115d957c8f834e38c06f016974483f	7	False
1f5dfcae223bd0faa417df065e385ceb	7	False
c7b5f9325666adb047e335f2a14a2e7e	7	False
d001367ef21c55c7add308bd9c03e615	7	False
536706f77d3ea7142bf99c766698fcb1	7	False
78600f3de399df18c491bbf8b124e4f3	7	False
1921a29df631a1609f8e1594b7716c3e	7	False
4ad2b16306a4f7fc2a4f9778ff4c2543	7	False
57d339f297021768f50e922416f0a972	7	False
b89196a0a490c19e6e8e9e0c5e0b62f5	7	False
8c1b36165b7457351e8b1e49b50a98ac	7	False
255e7f76042ce6f51fc41d94c1134c34	7	False
438a46e41916ac6e2e5f1c0e40f80430	7	False
f2dbd3c75c11a951a0eb9735cbc79e33	7	False
3a58ac9559e6eedbd9f0512dcf77eb1a	7	False
9a62811fd010ad0bc68c23f3ae481ceb	7	False
a7fec0d0cf0ee8de02399fd2390709a1	7	False
6ae80be440b02d3a838911468f623f66	7	False
14100d275acde71b40f64dbd9864508d	7	False
4af1bcbdb3546700df0238691160ff83	7	False
8e302dfeec790dcc06d2b33ffc4309fe	7	False
25048f9eb21f1154151852c0702c7862	7	False
88bddf7d8ffb3d5fe05b63a10c760027	7	False
e193849f5f9a8e2bac8f30dadc5787c7	7	False
86fead2e41f51af213a56dbd991612a1	7	False
217a8997294a58b98f265d4614a68450	7	False
620b91e3caf4b9b56290926f2565bf2c	7	False
c8e96191f74f2afb7cf736ba38d6ffe7	7	False
a0d0b0f98cf2d4bce34eef16e08371ff	7	False
4b9816fbbc49bced31ff5a526d4ada53	7	False
3b03588aadf10d22c7c98de2695e7f19	7	False
61d23e1aa2a04d30d62ff7cb74d3706c	7	False
003511af67900839c5416b1549d6e934	7	False
6a4eaf1e947a173484f8ef3bff28907b	7	False
e3c9caeb168ca680a176bf8f4862d18a	7	False
b7a72545bdcf92ae4520da702572aa2c	7	False
180819639ee63f2739948956ff0a12f9	7	False
5783ed8e7baa52de4dc153778865ce53	7	False
178d1aa0883992de301b22c4cba18599	7	False
d3d203d2a868e3643c4aa6b0af411cdb	7	False
8e49c08399583bf60d934557b05e8f40	7	False
60bdc119b7810bfab5c915235c2bd0b7	7	False
d83d5a77dc9cfbb9dcc331b3a0020801	7	False
2cdf7e9bd1bc5e211f703d3c58af5833	7	False
a4c8c8cb850adc6c0062bb658eb098c5	7	False
c4bba4a307855fbcc91308e6257afb5f	7	False
dced62fd68e34922ef22e51556a191fa	7	False
47d9aad39b984b639f5fa01f6aacac88	7	False
d4b4a14d8d3fc71cef5447de16e416d1	7	False
0acdb636c73798fb4405f7041d1089ef	7	False
9b922208b4d04c61001f884ebbda9577	7	False
7a85fe6002daaaef874053e50f8d18d7	7	False
469a5a0a3149e119b26a3e80cc1febc2	7	False
e6c32a0b633ac4000304fba20175c41c	7	False
0dad3ab6f02e5504436e21c06f6548fb	7	False
ea313f5fb632d17fdce391a86caeafc3	7	False
946476a38352dbd17dde72f5d1e0c1d4	7	False
d2e7eb4fb554f503d2fe4153b95b53a3	7	False
ab77d8f021728a5119d41179672e75a4	7	False
30fbe119f45e1d58b89ad54cece86e75	7	False
fa191210ab0ac1fb1c8cfb615db882ae	7	False
9098fc35f29a9086e70ecff02788ff25	7	False
837e7042d5955e3a005cb161f5bd1760	7	False
e523d5cc02eef99b2029d57ce30577a0	7	False
3903bb5095295750c8a028781413e922	7	False
cf1a28c46bd4dff097e504e07b40e13d	7	False
f7da589bf32f8458da75b4e4d443aa7c	7	False
5e1306e2f6044d773bf9f594c8671ddd	7	False
31aea640aaf027b9246f74274d8a4ffa	7	False
6e74f19e9ae0e6a6637eff1f24e59f1e	7	False
db4d717afd28b9ff5c6006783b679751	7	False
44f0c7683e93d5e39ce947fa620ec8a8	7	False
9f1f3d10e11a8ed4ac1349761ada83ff	7	False
ded7ceb2681f4b74942422edb1406cb0	7	False
f0344b8dc2cd0175ef20bf5d3d6eae5b	7	False
6454b8e4db0d995fcd521e86fb505f63	7	False
9727fb8d66dbeccdad6cfc8d71854b94	6	False
7c89c47664084b869ba94eebc8d35aa7	6	False
7631ccacfc1f24cb3f53adee7d910a90	6	False
47f585f34ff2736bc528d5a2ea6b9482	6	False
38c07c7590ad2c30628bc47ee7315b4b	6	False
f46f69897cb5e87fd91034e6fb82dcfd	6	False
589b4fc5b3906b6914bb03073a93bf97	6	False
e4f43197afa26278adfb7105aefbf540	6	False
dcdc58e2869315a4713188e7ce8df88f	6	False
4b1b65ee2aea93bde6c47cac89e25af9	6	False
0bbd9e2ebb6cc544b38b0c693aeb14d6	6	False
9755229aafd39a894ac7001981c1d629	6	False
6c0ed5cae0f5466b5bde226f6888e4ea	6	False
6979549b0f37da30c22240a0a6e2619b	6	False
0f95243d1428abcb0d8962aad6ef88ee	6	False
096176a62b82e8e1dd4f54e6d9aa4f5d	6	False
0c1a0554b5d1344cd5f564e21e6e2e6c	6	False
48942399073549a3674a66de99827787	6	False
df0b51f17b01baf8ceeef8abb16672d3	6	False
2d637c2557ee5db74eca7ea054916964	6	False
91fa2604131caf8798402ac4da863186	6	False
147846c995ef1fb0a0e8dbffcc430fe6	6	False
993d1c2bf71fc6c80044cc75802d433b	6	False
c3fa22120f69cbc3a13378b88e04725a	6	False
469cb30dd4882f1b82a2172345b3bbc3	6	False
1562e07fb047b8866a43851e8ba2e116	6	False
36d676b3682d3ff283aa7d2394a83ab5	6	False
f2c5dd582954cd1ba47323528ca302ea	6	False
e5baab25b5a830a0e509e91d24d37e62	6	False
e9202b5e7da77d6598d016c044b1a8b9	6	False
c554def641be23f97bb8346de66790da	6	False
d39efe614c9d3d06f9e94b2cac45bc7d	6	False
a38bb10db5ccacd69b411b9fc3fa1487	6	False
5847c429929e76c9511d437a927f28ba	6	False
4e66a4e70a24a48dfcc9492dad2d19f8	6	False
6c3455783ae2baa375a94721c70d2cec	6	False
38ba09d50d1299d1d5e934c190da2922	6	False
84e940b0a5d76d7223e2febce96b2e60	6	False
77631382bbf67890dce5aca13ee9577b	6	False
ac9885c26f6abc66185ca0c8bab14f3b	6	False
3cdaab0e52326f859f1b198b011c9567	6	False
c5beac146f343ff39d3e8754006289b2	6	False
3f76e1c2ad690cdab844282563ecad63	6	False
e76324e4880d651800a08006f4143da7	6	False
647a4451324872fe97c41056557dadb8	6	False
7971e02d21a402958884ee6edc1b2ae3	6	False
3c16236d54bb8df433522e5797d2e968	6	False
63ce8fd1d4015958747a92432fcb19b9	6	False
5077a2223bdc3a4f8bf5d62bf198485c	6	False
071f0fb7a5ac4ed9426f5a902b0bbf8d	6	False
4fc74c588d4587bd6056e7837cfe3407	6	False
8f5a41c2d8d17376e955e2c7b350a271	6	False
fc7b8dddd394a6cc9628bbf4b27ad4ce	6	False
1ed1ddefea0241316ac02ff8278f3da6	6	False
b26017c917000aed48e4934df68d284b	6	False
9f61a871a62219c6fb6bc76b651ff3df	6	False
21fd56e8dde57d7f5e98dfc47bc50fa5	6	False
d5f445ee7c20cf2363d58570b25b0238	6	False
894b807ceb33e537301b51e6ebe11846	6	False
f3ca3aabd64179a4abbe9b2f9a92e828	6	False
4224254eb440a5d605a5dad5e75b2c25	6	False
1c884892003112a119727428c5b996e5	6	False
888a6ab3074e0f8f587dc876fab863df	6	False
848f8f788fde44ae64b06a9f95ce209f	6	False
b90be285805635e8f6a7e87c5eb3115f	6	False
c2767a029ac7025bc22b1c30d95ea732	6	False
e788c9e0044e3605be65703fbf81320c	6	False
f68ec7209d56f4ef679209829b120b22	6	False
7ea639cb72350d67fae9540afd9f6fb2	6	False
bda98e020cdc032b6ebcde873e98263a	6	False
51020e78228102b0af9971ed5142e654	6	False
a2fa0607026da9c1ea3ae564ae6e3edb	6	False
b6cbcedde6aa2b90ac568252a52ddc0e	6	False
c97f8af70145d769c192e44273efb812	6	False
744cfc8a1af607381df494a5502ea623	6	False
8734ef52f0461fdb5a7788fc0322beb6	6	False
60b23516c67fe1553d21a47bcbe56c32	6	False
9c5fa444373e3a58b15a233f66c3554d	6	False
565a89d2e54edb80cec97c72430003d0	6	False
5cc661efa18baddaf97c512070aa4e6e	6	False
3661f0f3414a0841ddf0ff839a48b94f	6	False
424b57a55f644500f48a0de763d1f701	6	False
b0ee67b905230a8498efab4b6265d9f8	6	False
2c7df571c1ec15644a3833934cfe260b	6	False
5011432079b3fcbcaf49899413f2d254	6	False
812dd8f9e1449d3ec9063bd794addf8a	6	False
254dbb7dc299e1dab58251f39cbf18c2	6	False
b0bc4e4d1f5f9189742444e2970f4c02	6	False
b33f59fc5be38f7b129afe584d2ce54c	6	False
5c9e4c49c22cb23912ffa49d81836f74	6	False
95b6c1429acd786a5be05764f30d16e5	6	False
a9980c953ae0e752a915a7d75a430eee	6	False
3a66e9b63f8b62fc02af83991b9dce03	6	False
d5d8fa3e7ed2f9bad3f7416bc07e099d	6	False
87e51e23d88b60e4cc9a4c3751c1273b	6	False
43f6028711c79947cbbaac4831d4334c	6	False
5132a2e41c6ee3d7afc18de193ad9825	6	False
4c23bc0b72bdbdb5d46051a4688f1a26	6	False
fcc1a8fe5e95458720cc07375c67aedb	6	False
552e86b8f02d6fea1fdf37ae5b6581b0	6	False
6097e910f03fade44152e82f4a6a38a6	6	False
919392dde0b19656e3250ebb464e6a09	6	False
f79ba2edd1449d5e5746c8af2d607547	6	False
37d8cadf3ab7bf5c5c168abe1768d450	6	False
5861e3399c3bcfe44a0c7de0f9f7ff06	6	False
5255fc6a21d61ff66613e7b4cdd49507	6	False
211f40f58a76adbd131447a6e54651f0	6	False
9ce11bd77234c5a196c0dec98328b6e8	6	False
99d70b1c3c7a497d1fba761fab28a180	6	False
dafbcd31bf140304ffb084f79e41a732	6	False
6369583ed10bfeced3568249d5d749d4	6	False
7c3b280d204fb56c088204d9f889fb5f	6	False
d1a5aca6d830c040b8cf36ced5db911a	6	False
5a71733b1cd6c11afaf1ae92030c9c30	6	False
6b76cb236f25112d4f01f84a2e6f5e5f	6	False
8c5fb464516bfc0664dca1e085bf21f3	6	False
78c0a027caf403f5cbd5e03b3315eb0f	6	False
121c1541dba5de052ed957f455b65d2e	6	False
d3d30a998fd0d58c59be4d4345fb6817	6	False
6e3a10a3ad46e67f0d59fda4116d80ff	6	False
3813b2b0e401459577c4943e94504d70	6	False
269b2ae4fa152b20cb13214c6e825021	6	False
fe30ae513580448bf3a875d21169b29f	6	False
cd7acc7abae42bb1e5091241f8f41cb9	6	False
e4b472ef0d35c1c0f32870f44db54218	6	False
c8f9baf01bac009c607e09619f270ba3	6	False
c0580388f5d257a101f52c0ffbf4eb18	6	False
e694fe4238070a1e2966a883fd5344b1	6	False
dbecdb580f2c7329dc3b15dbb6b4f7ac	6	False
41e0b9a941ce635222552da510c1d24c	6	False
588de61adfe178ceaac5d63cdb045df4	6	False
6088305502e82079aa15812fab66d7e3	6	False
2f9e92c60bb0001072243440c56ed1fd	6	False
f142e996f5d0018cbc3a2fcc44afba07	6	False
ee2fd21fa56aa92578881aab9672cf6e	6	False
947574ae601ff6ffcdb1a9fd4e7f523c	6	False
441635ab0a81cc2e48a789bf23a5a418	6	False
aaa2bed7b715190395a4a1311037c044	6	False
db5d8aa4f8b333e03af457cd0185aac4	6	False
4e1b45f1a6643ea4067c833014a2c519	6	False
9954a51a879fb0ea3f0057b5772f3a6d	6	False
4431a4c8b028097ecccbee87d03cf13e	6	False
6d874cf7fef4835bc645aa69ef9f23c4	6	False
e6b14c4f3b48b9e32d3ae31bdeb5857b	6	False
6d8959c0f86974fc9873bf2fd195c95e	6	False
efb7ed70aa3d14f8b33a094fada7a21b	6	False
45fa808905066bb88c07d42a3ad7dea3	6	False
84797232cb69b0cbf2c5f50443cbe539	6	False
e520bfe9cfc7f129016705f930625c14	6	False
354aa5801ef0dc6e2537670cad1d90d0	6	False
4cebbea2de9dd749cb4226b4f289fece	6	False
85f65392fe748734778bd433361c4d22	6	False
c94cc1c6b3dda646aa52020c4affbdc5	6	False
20898187149c3e7f0a482709960f130b	6	False
6776974afda984c140d392d3f4112f34	6	False
4340d13847ca62d5a150e3edf073a9c4	6	False
9b4ec0ce1b21a5a1172c2f0452d9f241	6	False
95d09e36a76201680b016a75b4496cf8	6	False
e27e2e19dfd5c434562c75a16c9b83a8	6	False
8499c473a1de7f26f1544bc8064503fc	6	False
26750bc1665df1d107090407cf3c9394	6	False
4755bc974c5753fb702d525dc1c03970	6	False
1b03d757553ef742cba5b4dda89d24d4	6	False
855f77e033b4b84fe049ee5056c4ee37	6	False
d6cd9babae57748a2c427c91bd36b840	6	False
f114c4d981a3c6f9715f995a4354e0ba	6	False
ab4d2da9b5c0ac8205ae3d348d707085	6	False
8cde2a3cfe53a6d9de9f5e0276f1ae48	6	False
09adef2382a1a306d53e27c92893b03c	6	False
b4f73a679ee309436f920b99f06660f8	6	False
4c2d882e83d21442478426b1f8a1cdeb	6	False
c3a208e70f09f9cd91f46ac309ce290f	6	False
7d51dab7e3fb3dd3f8aed42def2b8db0	6	False
7a0dcc7244fbf9a13650cd666a020712	6	False
75ce99b14682900fc8c825efad3b11b3	6	False
87ddb308f2a9381cea63761022a0614f	6	False
d15a1deee8b03aaad131917a7ee28b21	6	False
0376ca361e6911613a67718c49cdd6cc	6	False
5ca31e5521ab12578e0b781f7a0fe711	6	False
2550ede7759dea2f5ec0e8f47f872600	6	False
e4fade94a81a7d486e63fa6656a010f0	6	False
211a124ad391883954d2d04b016a26b4	6	False
2004b511405ae0ac3fbb542a03e14d74	6	False
4f0c449ecbc66b3409e303c80813b05c	6	False
1ae2d4326cd6e6d7f073f15cb1a2facc	6	False
78ec68ca546179ae87fc450154eb69d5	6	False
89d865c843c11dd82ed8dbddc854ccdc	6	False
7878816afdffb49faba8899f734882ac	6	False
48f7ff44391288a646e1e268ef7e2111	6	False
72942f02cf57f35ba287d33ef07a7cc8	6	False
e7c7d782a33dff154af71d31f4aa81cd	6	False
4502d5400bfa189d5115a539042418b7	6	False
824708a6f40e59012c47f1fa4341da6f	6	False
b6badc561c23c0a9d8b6d594333e87e4	6	False
3f44187f70f0f22dee7a0c514a6509ff	6	False
bed3ee3eaab0caeb1daa632d4ada91fc	6	False
da2e88fe401089d5b3004b263a6c9722	6	False
92a9bdff577e051b7eb555c65bb0289b	6	False
7c6ca9e2b8b41f20ca908b1561dff210	6	False
9e9e04cd5173bc747ddcc4a9e52cf5ab	6	False
ef72b6075732f8ee8850ee43b704b83b	6	False
537e3450f37794fa3efef2407d5a15e7	6	False
a1537b003a9db64a7752b933a06d3ce3	6	False
25200e660d3e999bbf65f4f866179fa5	6	False
3ecdd4dd16687de7d9d372e748681980	6	False
9cc06ea0bdf551e3ec0c4615f5427a12	6	False
29a59c929545eac9aff6475c575e8a8d	6	False
f7bc9c7063995a873043f77ff863885b	6	False
e2d33866b4c12fb2c1940e8dd9a49faf	6	False
6af8ebafe486d90853707956df158c04	6	False
b476da1504aebe2e347f8b47ab9cd94b	6	False
4e662ef65df42a540230056e9582cd24	6	False
c8ccfde73477452a0e05fe74206c3340	6	False
64aad6016c0581397b13f088e95afd32	6	False
407a726dea75e27d2b566e846cae3e50	6	False
d0d63b8c8a220d498c7edba5bdd25763	6	False
febf852357a630a653bcf826809279ac	6	False
9638ca1ea529660352d2637bcb0ffa25	6	False
fb744c2afcd79d1d1f7de94df46da645	6	False
8e99876e0f654cc9748e4b0530f6f0b7	6	False
64a8e302df517d11ade00124888b48f8	5	False
664b087342fae628bcbadfce0603504d	5	False
ecfd2b3f035fe5ac44bc3ea9789445c0	5	False
62a54020255c6cc82fb679251042c020	5	False
47587bbae142d7f0c458ada0c00c1363	5	False
c54ec69789efbd9f1afd194098a6149c	5	False
44a579960052cbaace883948a93cfa0e	5	False
2a7d510054155b6da1da5b904c5b994b	5	False
4a97a4fcc8a660d301846cb0ba92e345	5	False
a262da243f5a11f6b1a78eff8b50448a	5	False
1404a55b6c756a7f958bd77b062f6884	5	False
30aa2f9bd4347cb4b3f4011b76d0b79c	5	False
1601cbb0a28b980ff8b167d909caf337	5	False
7c9bcae8182c81968972f0ad61e0fa66	5	False
e5d92fb0ce2b9d6653c3a6e5303fdc96	5	False
b091e3767b0416c4763a6dfd078d1cdf	5	False
3e9e51494dbb3d670233c2e65bd2bfbb	5	False
d078097a079afcf4218d3797a1a1e69a	5	False
1ee197446e632948b231c8c544db786e	5	False
b21a793e1aacb62fe43ef24c23e2306d	5	False
5dff696f6dd03918c4336ffbd2ddd14c	5	False
e33f1ed200b5a7b5b891fc3ae1474bc3	5	False
bcf153c7509af7ee98f76dc0438c8bb2	5	False
999ec615c1911f9c525aa886f1a95344	5	False
c7f3d9cde6ef5cd26e63ae82a951aeb3	5	False
76bd42c7b7768f694de886d3c6853969	5	False
8c24babdaa9d08ffab8a07e74010ad2f	5	False
673febee7da49d55232749f5cf735688	5	False
076990692c4439dbcb7786ee1d46daae	5	False
f7d6fdd45b92365db95df138e65a9702	5	False
bf53265207c263761bba0f885484166a	5	False
4dd91500ce2b207a8b1c420528e3027e	5	False
a13e9c46d3613ccdffa92192ae7c3f34	5	False
1f689d2851c7dc63fea0a3367d6cb46a	5	False
25f00cdbd9ad2c48bec8cef6baaddb4b	5	False
7dbb7e9171d6e44c0c2588927494d2b0	5	False
538e87f4b11fe85f4d2770a0dbd64a89	5	False
13618001c21f85b980bba6b99eb478e4	5	False
04413b8e059d4d92e1f20305c1c61719	5	False
2599b35e713d1a323ee96347bea19626	5	False
e4b64979250508be05c186e64b8c6799	5	False
31d780a3403eb7a736542c0dcfc4f751	5	False
5aa1da17ab76f840161e4d7fefbee643	5	False
6e62969f0beaf5159916c1cbd35640fa	5	False
9f12882b7b6a99b9e5d10000c62ab035	5	False
ad3c31a48752018b8466c44c29505c5e	5	False
80f34eda6bfaab330889ea2023d2dafc	5	False
19e876ead6fecc05db7358c25ba86d56	5	False
ce3258deb4a415e1fdb6640f051ab09f	5	False
c60f3e99961dd06866ee7bbbc013cec4	5	False
0e457a198466d948a25287a1e8a2a3cd	5	False
bdd91ae5e3f6b5e2daa124b3b126e0a0	5	False
cff2a9ee3dae772a8f35d38da7497ca6	5	False
4be37c4978e5ab60c234a051759fd1f6	5	False
8349f9e26759bf1904e0da971151ca65	5	False
c565fd64394a49aca7307ea62a54d9ea	5	False
dc2691010cb8d7018f36995de2d1d4b5	5	False
b3c292b01226719f9baea693091af27a	5	False
93f3cc34fcc356d23179eeac100694bd	5	False
3661d8175d95364752008d05b671e0e3	5	False
0777be0ed3cd94581e26b2c32aaf59bf	5	False
ee021fcbd50d169df6dd84aacd2d81ea	5	False
5b8ba70c348e53ea7cc68555e60629df	5	False
f2220b8901ef6d3a5bc32dd87e6dd07a	5	False
5cfcf13cb6e026bfd1f0eeddf8ca755a	5	False
de93356b34cacb2301a906f48a63bf47	5	False
edd9bfd5aa54994124c59bbed13b5f64	5	False
f0b47b6fa2b3db0f4d0b3310a2604d8b	5	False
ea035f9878fa0b511d8cd17a5e7994c5	5	False
bdadd1b9d93fd272c8a6c18af333da9a	5	False
62d5586610d5c97aa7b63405d3fc686e	5	False
d293fba8b5281eeed8470380a2b502c2	5	False
6c76d47ae35eed1c3bf24519230f26d0	5	False
c1a6ec5896647c2d3529c06e8cde9b37	5	False
86c7520fca6c538fbc91371136c276cb	5	False
75a31ed9aafd41b99fb9a51281289a8a	5	False
c5977eb3855ca23d097ccd605cc38235	5	False
ff80e5a07d7d018acf36c107bdcaaae3	5	False
544186397ea34cc1520e270b9af85caf	5	False
5b7b35779902852c696168186540b739	5	False
2f79bbeadf68961f0e91c07107b9219c	5	False
b1fa39087d06a771a897e2ea3685c3da	5	False
a152a75ba168cc6e8da5d40fc042d32d	5	False
2c4c0b36dbc97f7042d3e32597aafb61	5	False
44c0d99fc9c658d616f05a80a2b132a4	5	False
ca982b32427b11df2c9adacf60d30dc4	5	False
dce253bbb3d5aea61a6d600fc87b351d	5	False
4d69e92018f3c64d9c09fd19b2bfceef	5	False
6a3cd20f23ed24b3fea48ee4742c16b4	5	False
d907a2dbf96e79e8648e908cd6aa43bb	5	False
487fe60308e4c564887cb0a1e953ff88	5	False
0d366006b54300db873ce101a2b5133c	5	False
fd8a744db334ae4cc32e7d5cc5ef2176	5	False
d36d05023f063ed9ca8579be36a3bfab	5	False
f7f7242be52a400c0cbccc96b49da2e3	5	False
1dbce1379e1432ef89c738352d7e51f4	5	False
7404107b09408707114af355899d2f27	5	False
8d0f2844d6fcf4ffd3249e83ca344f01	5	False
156982d364865dfa17d42254b4092e10	5	False
493c7f13e037a0748e16dad0522794bc	5	False
0aa29795cd2f6798cd6d5fefc5841c41	5	False
e38da05b2274a4e2565c66af7c813163	5	False
a485a13d8e7f783f8cc3e7db4a96f7bf	5	False
29b5ca9f11f3522f331b5fba5d44dc17	5	False
dd2309e1ba407984e7d322cdf670c2fb	5	False
81e15e9c0dd346a3e007c935eaa55de7	5	False
8d552e7b35eb0e5f058c88070a2c95e5	5	False
dd67443ca8a555a85f9359a8f18bf845	5	False
e4a3bdd933847a7f1deef2bb73e60032	5	False
5ce477f756d98a2eb7c3c98f50fb24d6	5	False
bdaf04c06379ae84d2788c5d953ec212	5	False
b8da498be1d16ed3b6002dcef8e036ec	5	False
545e8805c7fd2d3186baadd03d4ece17	5	False
6181b19709b8370809f26cda745d11ef	5	False
17d0e3946746781c565f41de1cec5248	5	False
128dc21736aae86f679389b9f904a940	5	False
fdf088bd8766a4aa310a7ec00f6e5305	5	False
6331b7c23f6ff453b6bd8191885bab9d	5	False
c398f80790fc37a33080f15818db6af5	5	False
07d43bda1d9e6f8d671693e4d2bab360	5	False
dbe27925c4236b0e5508923826986ee1	5	False
09c0ce715b075c5d50da8161e60e6f44	5	False
dbf58c297a70a92571e2159a12426589	5	False
2f99dc79cd5f9fe693b84e3856672b5f	5	False
b9cd84c636e113b0696113bc389b63bb	5	False
dda24355ac78457a344fcf738096fe58	5	False
95e7c96efef2b6f3d03480a9f5489df6	5	False
b19cfc5a38c75a9dc3e27a6ff4a13758	5	False
6414cfef82b56dd88685fe4eda493388	5	False
bc371475d450d9848cfeb70fdb6b2d9b	5	False
8cd2d61a605610883478b37e3f9d4d91	5	False
5f7b534902b778ff8869a309e019cda1	5	False
8a009e4fb5f350507208142b5d637ecf	5	False
72f4b118bef19958c952a6be274b5988	5	False
267ae89a4ee7c181050ef72792ea430a	5	False
4194a0e93969cdd28916da11824db058	5	False
edaee3ae93c9de475fe75a609b55507f	5	False
488d506d64c4bafcd743e8dc6a503693	5	False
ae883fa5562964362f81c2ef871f34cb	5	False
c5c60778243a2dbc648abacac1bc043b	5	False
c59fd734bef6c1f44f31ca0168ac05db	5	False
ad2cf66b4df755c7ff7d261173826c1e	5	False
57e8e583b2ed711592ff7b9e03d87b82	5	False
9b1099b8cb86ed686951a9e705124b09	5	False
7cbff121a3154b80a96f6ec309d7a3fa	5	False
18fd2a4a5f0ebd8a57cdf79a57d64c34	5	False
d6177fee1085bd4ee4e8feeef0ae83bf	5	False
93f9e2e776ee052fc7d06e549928419c	5	False
148b222d1a72a1e630b249171c2d539b	5	False
0d5bd3cdb156e3615711daa1b53fcc3d	5	False
d94fb3fc25e2729d82ee24c1b9f1407d	5	False
41eef0a488b08330330c0e92715a3de1	5	False
297c6665b72d6b3732210d9c07a80d11	5	False
57eb1b9c97437d107d9d1cc86d6662a4	5	False
d95b019e31944e41f5a40a326550d6a2	5	False
d1e1e52b9888089b04aa24adad134d16	5	False
21234eea56cae4b788b49d3a4a7d4b47	5	False
bf9942ad73d84bde4073615a3f3f687e	5	False
a0ba0fdbe09bf51aa739d3191b35fc75	5	False
b4c294709c3846b539985fce1326eac9	5	False
8cb9f4d236662c331d7a2bf6c16ee766	5	False
8c54950713579aa18c5ba15bdba98a57	5	False
0f097df018b4668b9fe635ec3a0eac66	5	False
e640183b32e993b18cc74220d542d030	5	False
68963b8592d19d37b0d40f93e12aaf60	5	False
0fe3d23b1b5b8b78acb5fc2b33581f22	5	False
f051525a1a3fb68e2dc6da7fc3efa82f	5	False
0b45f80bfbb66439f0c98df16d8086d0	5	False
78693bf1ca0c5c713e264c3973d9e55e	5	False
da0b1259001aed79a74522fdd7194f45	5	False
c57f47f6f5fd6b78a66e4a6058546ebe	5	False
b560a029200c4d1fa229e39946b3ee19	5	False
7827b627abaa3c6f5a12a0524bca185e	5	False
4fcc10d4ab0ca2a514e11af42c1b4ee6	5	False
49058a9333f3cb73bd0c84db7c81685e	5	False
a8cbc651570da39e50052ba94f8bad72	5	False
2f3149dc5673dae83efe1ef2f9f1a94c	5	False
cce704ef4ed993635ef8dafa181fedad	5	False
9df9f32967f63ee41b313c3e66bac524	5	False
9f6c85e1e81e95f86132cb01050e7f81	4	False
3fdce26dcff3d71e7be847369d1fd892	4	False
0dba38ad2db760f97cb99b13dfea4d8a	4	False
010e8285a77e928842c77385ad97b361	4	False
a5076a72654751a53423157fa46d0445	4	False
fedd1eae3bca97f0458e8e32956dd4d0	4	False
b882c8f92806a5cceae079731fbdf3df	4	False
4fd86a320c71b8a4d1e11b916c429be8	4	False
ed276a772ab70f6b5ed4a5144857863b	4	False
778359911b3ab850267ad9bce38d1a3e	4	False
1e8e3e8c732d10a3c771a4c107bbbd1e	4	False
4b6debcebdb3e92d002dd8383ba3fc2a	4	False
a8f33409babf7ce2d82ef24bfc9263cd	4	False
4b2f84541ab9f69934b0cb854a13d65f	4	False
70eca4c3f050b9dc3cf86c01fab34365	4	False
db0c2db662e3c3b86653b2e5577cd501	4	False
15dcf0ae73c110b42501fe380864788b	4	False
0938c5c9694ca51a1a6c5b53f3be529e	4	False
c3fad8a130b9a17f953aff24b972b366	4	False
2fb4c12d83a6bf638dd1b42898995af6	4	False
14181ce92fa29b36d910d1919e9fcc52	4	False
b99abb3f91cae73e2a66f02a83f8b9f2	4	False
32eb9b2410a4907fd57135cc61a33d06	4	False
054d5ffc459eb83b4853de11676cf3a8	4	False
639ffaf32ee7db0021167f78d84c91c0	4	False
64351dc7d4d45a6fe7d1dcfd9c3f1874	4	False
e5f153f28066963dcf9781ead2fba471	4	False
3e619e9f891ea1da03ba705e759b9a0a	4	False
d8e4a618747203eda04c8a13236520b5	4	False
ce0f0f3f55916038cac5b3f2c73601ed	4	False
77d8d692f8bc0ee93013014aca557726	4	False
7a1bb627f1daa6ef67168019774bc47d	4	False
28848b6b9e50a2c9868d409f51813feb	4	False
49cc8d7c346e91b04bf38c771aa8f611	4	False
e2471f5e8475995356c45c2b4434b521	4	False
53971c45fb2046571c855159c36f141a	4	False
94b22bcad939e887457ede3ae0bf5ef9	4	False
8ab8c0d95b360e4c28755fd4fd6439e8	4	False
a93cecd9bd7aa6615266f57e223d53a9	4	False
6a741035dab5e7a0b1875f9dc57932cc	4	False
d3b85feb83e3a589f5630e13a932c124	4	False
bcaeabf258f3d8a27fc5f8d7c8bc100d	4	False
024de602e8cf412f56676e91a303ec2b	4	False
fa73f1fa33bcc96a1d4944c581ce6808	4	False
0feea4fc358a4bbe8fe0d179852943dd	4	False
584b4a286fe147c52b1d8bf74d96af7f	4	False
ac0170a4080a83311bf2fdd92c0f3326	4	False
46ea732767a8eba001d6b06da5badc1e	4	False
861a8783bf9250e486f56add8db8bade	4	False
71c7c6d95f943fac96d2db587f8ca4c1	4	False
480759183e959feedc4a7be2f5be118e	4	False
329301b3e332457e32bb6c6b8117512d	4	False
af10ef8708f0def71e9cb376a43d8451	4	False
e33e5508352af365201c3d9180723d59	4	False
1ac51d28958ffc0f767394f46dfa631f	4	False
1364c581b8e90934717efa6020587c2c	4	False
2d002e7fa30c17a38a69805c0a2ad7eb	4	False
0400b14f0144455ea0f6f0610e4a3ea0	4	False
f1962b2301aebf6c8256f6b89579899b	4	False
3f6f0f934bb7f51f292818a705b813f3	4	False
524d7cc979c53daaa3955823f3dfbf07	4	False
cbd613edef0427be44a8861caacc44e4	4	False
fc419c41fe20de96aebae06518df7cbd	4	False
20d6e396c15d0cd61ecfdb3bf14cefd4	4	False
3d703a320c0f0cb063c8a9a6e1c7757f	4	False
6e09438fe8a099b4873e49ff821ede6e	4	False
4e2a8303dec2cd26af05a1d9c419761c	4	False
a1b1344d22e20ced5f45c9f9883a7770	4	False
e096b0f70afcd2904aa219481a3f2706	4	False
7ea21fbc834b8b6bacb6522a6467575b	4	False
a6f49ec47cc64f491c43936abd5d9745	4	False
3dd6a671dce4ea3e5293dd0429a4b602	4	False
2a3076ee1b5a33b5ed75f1d2fafe136b	4	False
d17e400a5d8c91378affa1b877bfe3c8	4	False
09efe61679afbfe46fbd1a1d527f68f8	4	False
2474acc5a1c9c191700dc6063c7d0ed7	4	False
eb31e9c4fb631412469b4d21300d0e5a	4	False
b9985711d67067bc089aff6cf19f6b53	4	False
90322f0ec9a0afbac554d985fdf4df28	4	False
36300daa60e9719ca13fd3424d50f0d8	4	False
877c135eecf4e9040d8f22f08bf9fc9f	4	False
e3ce656daa2a0ca2fcf36a54b8d7a671	4	False
2b7d71fe5f9da1e0da149b2de8a18a69	4	False
82940d428eaca8a01c0d50aa313c304d	4	False
aca7abe455eddd1a3b4f82a152611716	4	False
23175d99d035283c31792bd95368acf8	4	False
049818b152db3312886899302aa53e00	4	False
b9d1c6dd86d6b91715f33f4ec265f144	4	False
3d77a144bcc0f6000722c2512af90b27	4	False
672aa2445433a14811bc6aafab59434d	4	False
022699f5523684e09aff1c018b339cc1	4	False
4babf2437c488fc59bb0c09bfeed66e6	4	False
e78774440165f2dfb3d4d9141abc7db4	4	False
7d46713b6e05517922183f4f444b1b4c	4	False
a59f61f1d92d792931f5720c47ef6585	4	False
401db94498b85cebf2b099ea9a2b12f4	4	False
bbde0095ef6345dd6d68ad50d03b5436	4	False
e1e71ef895f9b6ab5d22d56eee3d40c9	4	False
fb058ab2d473f812f680ed5420c505ce	4	False
2caa6c90447a6c66ce06aa98cda4f324	4	False
69fcca8ad8ed3cbded506b9da3c4deac	4	False
a0bcb4076da2c7ec506f1a3a96941b94	4	False
3bc1dc344bf2f826672db83f31e2424f	4	False
a16a9055cf488f3e16f07eda26649a2c	4	False
16f1792a47925dff86be158aac33052c	4	False
fdf1fcea36d4085ebc8a154610eabdd9	4	False
5c3ee2109d575f4e8bc401580ad6974f	4	False
82fce49458d81f1227a31cdf33ee1289	4	False
210c504d817ac3fd1fda28aba64791a9	4	False
cca504d3a2ef1fbcef52acdb47db49cd	4	False
7349c4017b594edc32733273ebeafe77	4	False
7d40f734040c8c20917b114484ec07ed	4	False
59b43427409d64bd3ad9ba1e13eb8ceb	4	False
948502bf76057cedf836da25b2e093d9	4	False
339e821ac92a02e9d61391af61f29483	4	False
e6c97d4cc09b933c93feb23ae9fb78d8	4	False
8fa5c543f4365d27e41836b099af98bf	4	False
b2520a8764360448f4462885ec950fc7	4	False
752af8e345bb920968908c949a7c8c74	4	False
86aad4ed17dea5f01b46b85528e4d336	4	False
16ec7223cfc26d42c162242f37ff0028	4	False
ea510a3743c0526cba2e9b138be3974e	4	False
32c58148d6fbf730ee27653f4e9699ad	4	False
8ff158eda84cf2987e12cee00e1a8173	4	False
d259d76244c6299da808e03c23f33ec5	4	False
43f0b55690cecd836742bab4219a6f75	4	False
59c841dca2ed4eb3857a5f79609b3b51	4	False
7d494efc287f07631e20ae036064afc3	4	False
b8ecb3f7830e01d9094a3e02474f34bb	4	False
3381f37096e8c7a699236bb2bcb7d15c	4	False
648049f63d6dc6b389b3697f500e9af5	4	False
df56579dcd1bb378b838f296294b4151	4	False
2757bc17d894a1e6f82e596fb1a4e3a7	4	False
dab6989479b83e246a79dd1319820374	4	False
2ac4fff8452952bd5cc0efcf2ec1deff	4	False
1c74bd9107073df04504e46e27ed5dd5	4	False
86ab5613daf02e10f061838a0ce7a295	4	False
7508b397ac2cf9097fa81603efb3dee1	4	False
33a666c0b81cb4067c1d2e7335b4b1d6	4	False
1f4cb1911bcc8cc0baf66eabd91b4327	4	False
e21bb6ba4713a52c48f18d082f4953d6	4	False
8f5e69d16e16ed2c8e14bc881f44c452	4	False
0bbb8cf5b1158486a106d38bb3aa9d3d	4	False
a30c4233400d49611bef7977071596e2	4	False
14f3e7c8f67b4373ad8d2cb76b9414bb	4	False
7ad4815d49170eb3c9106a6c1956c6aa	3	False
10894dd531e4b1490882225aa5977368	3	False
1b9538ec1e8a1ff8a6ab350d4559821a	3	False
6e922fcf27bf74c393e52511c1d475b3	3	False
69efeea4decc3783aecb9cfe340f4261	3	False
1a546ce2aae940f192ea54b6735a6a59	3	False
3d77a43010551112a25e0dbaeeb51417	3	False
91f65e507164d2ebb39370b6aecf4184	3	False
d91d8aca125f843c2d8976def479eafa	3	False
f28251c4241342604333654b185bb7a8	3	False
cfef3a9fd00ec72177433b8135b19047	3	False
3e1a8f73ef7fc04a398ebe568bb89168	3	False
ae41c1661c10ff3e45896af07e3fb9a9	3	False
0e62f339f67ef1c78d842dec5acf1362	3	False
72017fca40a32265bb270379e426e04b	3	False
119d50515f555aedef793c1ae3a63d2d	3	False
d1436be5cb7ce017279b5020cf6d4e45	3	False
d735670d51a4772f7255c211d2826620	3	False
5a8dacbc8cc03f976ab9492547613c3b	3	False
99bb3c457d538080910eea6dd7269160	3	False
fd79cdca9864588ab13387929b06cf0c	3	False
b82584d6a6f2472bdda13318fa488dcc	3	False
dde3576e8f571bec73a5e68d53e8bcab	3	False
5001cf4419253b42b38eddb689efcecd	3	False
6d826924698d1a24d5a66ff267e07eeb	3	False
5fcfb1d508e6ba86e7b57ae7861b6b29	3	False
978aac03a7013f3d325ef619759559f9	3	False
5657f401679d71bec3cb11964bad721d	3	False
35cf9b030a782fb67698a42f8010c93f	3	False
9f7c5bfb789be62f28a63efbe4f6b1ef	3	False
380791b76c3400e234fd64bf5e9f1750	3	False
15752de6ff995381f8ec299adaf3641b	3	False
b4f61e587380ac468ef09996d5432704	3	False
5bb825e536a404726e644bb5525c3ba7	3	False
c9b7e00f78e4baf36c730e26cac29252	3	False
7920bacff429fd7a72bde325541acee2	3	False
95645e0a84a207e5b88059ca9fc06d97	3	False
9367c559071a57f55f273a937b42031c	3	False
2b6f68991cc95a7690c9b990e56bee4c	3	False
d8c719a90b0567f56b7365513f01c943	3	False
3f06db31c951ebcf01275c5e7899f764	3	False
7387a3347dcec26087628d13218656a7	3	False
efd55300d238492059adb7de0c676d18	3	False
6701aa0a53d7899cf0e569562ea64de4	3	False
e5cee050fbe1e0b55f9a9bd5ba5ecc7d	3	False
2ff12686d35fd5d186874645bdfa8daa	3	False
20316c109e4452fee9c00f83630f5458	3	False
59f9472b7861055b5aed64d46840e8ea	3	False
12ecd6fe80e6893ead7d78b8df6018fd	3	False
262badad260548938bca7f3053631a67	3	False
22ff6665db19b6a4b79989cf8110717f	3	False
3d63e54688d46ae6c33287490d526713	3	False
89b7193ba864b74227dbc16768243911	3	False
75f0e57aebbf4818da89e91ccf655e85	3	False
c737f5b1e269561ba0d74243adc15f21	3	False
a5565189d46d1d5df92852ee9d48eddf	3	False
0109d6a78b9e2853ace2ebab2401780f	3	False
a58e6caa7fc7c7ad81be2e29b64a0f72	3	False
d0595f8380e1283b0be4c7b7a9ec90cd	3	False
000102d9d6f81266a629d03b204b92c8	3	False
85a3cb76c41abe264971f81b9bf061d3	3	False
74fcfc4b4de0da0d8c1914ddee2293b9	3	False
f0a4838a80475734a19400609ee69385	3	False
163875acb728effd1df256b6786196a5	3	False
0cab16e60d3560887a76228ada18c841	3	False
992e6fd4260c80e71528e0dddce1f3a6	3	False
03aaa7e2866989e44271c4d0c72f88d1	3	False
8bf90c0772a78c179cdd3ea11b0b8946	3	False
8c7455767f5528dde8f826b5fbc2c1fd	3	False
d80f708be4d5190f04451094bb89ef4b	3	False
3ce6360396a288ca1470ab245b835261	3	False
de5f6f7a885554dc30b281d16ef0efcd	3	False
c82608e11cff04a83216814ddde707ac	3	False
981afe14b20ad17a6014f1199ae11436	3	False
ebb2ec10acdb4bb4942bb7cc37658781	3	False
8c123cc3295d78161617f85c67fe4559	3	False
17922d971bb78fe81d5d4a9e99c869b3	3	False
a3412af8f44bfe6926a9e9f8e165b516	3	False
14a11b3dfc3c00789a01dd5f16b6b4fe	3	False
72b8da7f93f23591f89122412d6618e0	3	False
e7045c7188068f9a3ec4abc2a8f588b4	3	False
161477dd616a1c168ae746030df458cb	3	False
4ed3fdddaaee65c9cc8c2c8db5c73b7b	3	False
1e880c000df8a6c5c04542b579e7d658	3	False
4aa58daf25634d5b262de3312b02683b	3	False
a531e14e2c4843ada0217b2e3e57c4b9	3	False
040f623eab898cff07125e1aac87f6a0	3	False
68de541cdd08e252a368b80b29cc1446	3	False
dc866ae6e0a676ed1d229c9d00b95c56	3	False
96360045ae1aaed161e9ad68178d1508	3	False
12f4a57786da66f21e15379fd355af80	3	False
c870012431f92996b0693484d82c6cbd	3	False
01e01d20eaf20ef68400551b880a539f	3	False
b74742ab9b199e1a159e6a286c7d4d80	3	False
8a9063c54a6be214df23cfc50eb318cd	3	False
d4061ddf3fcdb2a9a63ee80e00c2bc2a	3	False
2e9b6f13a7d7da584aadc93b6d73d604	3	False
9684806e99b3e7c9f20814348f9953f7	3	False
9f50a7436d22f4178b25c832e5542add	3	False
34d928a64f2b88e71e91d34a4432b9e5	3	False
b7fb7bc4da47b3ca47db7aaa1e093dd0	3	False
8431dc2282f9291d044a81a14bec043d	3	False
f2f6c4a84f03321a35edb4a697001d0c	3	False
8cb65d0aa68df31d780244abe33f3b86	3	False
2a913e3d42513d85c1ff421571ed7ce9	3	False
35fcaf48ecf6f99a682373443c7a5bef	3	False
abaa1006eac43af9388adb2ff5cfee47	3	False
d19bf59a6978ce915da8239372d9c6fb	3	False
42fa009bb25cff89306e3284a07556eb	3	False
9714de283ff55e2cda337583e30a1558	3	False
a6c1ef53669ab558c7d2eec080517661	3	False
b24fbd5c1316bb23967be098e68336c7	3	False
d5b0bb18b566cee0da1fef1855492cc4	3	False
f1030048bcb9e56dddaaaffbd97df216	3	False
7a4db465d5c8e3023ccf74770218e8ba	3	False
a65ed58a6c42ced90c934f27decae0ec	3	False
a4214a3a2f90fb4e8adf29f7c2f4c3bc	3	False
a2f3a802e1085e3bda48353866c8f33d	3	False
92fdf66e52c6f640c2a58803632ad676	3	False
f359d133c52d6fb77a8fcd8071d7c3a2	3	False
a7273ab41f37b94daf9be448f9a8b905	3	False
d1638892aaa9a27bcf1c06a7027ca32e	3	False
8ae7f66b77e0cdbe3555414912c03f70	3	False
f548b88eb83a8b9a86e1559941e42686	3	False
06c98a5a1fa7588dca6bd6d866b69334	3	False
d751b9c28c005eae3d09acbcac967633	3	False
351d433fd6ccaf91acdde776cceee610	3	False
a81dfd6f924656fc2cf321e00e54aabc	3	False
363281571bf6b78fca186bcf38663e67	3	False
b807500fbb702f97449ee3abadabff56	3	False
34f10bea800b46221dc0983b291ab512	3	False
5e00a4ea1b9f3a5122c88e4383372cb6	3	False
6e90d016a4fed119fe1884683be23fdb	3	False
45fa3df772b55187f9e2f23a9dc52422	3	False
b89a9c3f631634c9f24ffddbf4bf4fcb	3	False
4349714215494f98f63c1f4afa1cbe2c	3	False
5e7eee8f47684b0f67b4d23714339b03	3	False
02c8b05ccf6312eee4d593b774c3aa1f	3	False
33eada0616850c1125d793dab1900cd4	3	False
cacb346500829f211e5cb3a4edd15c0b	3	False
90a6eda58afa2847935edae38233a43a	2	False
a0ffd899c79c9cae67a83b2408c13d8e	2	False
b16e2803015c80a60d8f0b4b3f789070	2	False
f2323690eca2f047e519d47aa752b1d1	2	False
5c876983525834b616c9fd4a55a86a04	2	False
02b488811b8a7f7b5e073c58c0e6253f	2	False
b8ae228d533fd7024c5ba85a944f88da	2	False
3c22afdc9d6fd93864c17f7c43e35e4a	2	False
b48888902e579c232270d37b60700d49	2	False
ab2cd2be85bd2e6010b6215d6dd4ffbf	2	False
06f26ee0bb9b65211d64a1a25c1ca916	2	False
e91ab7a717a78f1d068bea7233840ccf	2	False
5c819468a548398701acf6fe66882c23	2	False
ae3129a02e427f047bdf96cc8044b681	2	False
029d944a7abb400e337176d790f901a9	2	False
021d20ef6395eeaa65f3f77a8499a7e2	2	False
466dccead6f919c60db82a1be0809953	2	False
7bac8a005b18e6d4507c603114e28037	2	False
47255952d96b2912334dc079c17b8b92	2	False
ac0544ca9c7a79aa9738ddb4518a92fb	2	False
55d5706916fc6ea56eb130dc3a91cd0f	2	False
0f9e78d9d20807fb52debcc238e5c756	2	False
90fa2e9defdb0a490c9e371bdb8d7046	2	False
a4cdea0872d1a647662f93ee15cba709	2	False
d5fdbb2924288ee9a63a8e2ef02b3d3b	2	False
c5035d53624f7d3f973d91df4550f9b0	2	False
ca872e5ff2113b2a16d39830b7de85dc	2	False
eb68c2163b1c9a59c48f750a1b13f88b	2	False
3216db589db45522b496d82995c42c95	2	False
dc3ca5136322ba39afda310058f4dd04	2	False
711ec28b32e72cd91c2fd43cc6904092	2	False
ac10c0fb92f971531991b3d41e3eb9b2	2	False
d1fdc0028a5c16d0a24d5213825bcd7a	2	False
96af2ffad8114351e20635739f24bcb2	2	False
0360016e32f7257edb28a8a9641d5ae5	2	False
0aa854c8f18c6cc90c130bb5ad75ea52	2	False
3bb5ef006f820704249b8e9ca9597079	2	False
8689461ba7a8c89df5ac668f27c4c284	2	False
7bc76afbfcf29b02bdca7e6fcd112fb1	2	False
e272cfdded0b4ea08dc310831bcc8f38	2	False
45255acd421385272b607a9ee79b702e	2	False
2a539d0d6f6b66c46e8e5d4708d5cf89	2	False
4b3004576fc454e275492dfeb61f0bc4	2	False
7b882bd6a39a22da3a463c381ad0ed2b	2	False
4dc2d87da92af8ece394dc090ae05fea	2	False
c6b2946c93854acdc432ca8eada7b464	2	False
ce5a78b36821374eeb141f7441637905	1	False
40f265a4c725f5978bf61efb5da1597d	1	False
7874d959f93edc20a189ec484041a186	1	False
f892046ec997b6218c730df56bc5a3d4	1	False
938da679ad917228e2a9632fa0bf2014	1	False
f91f03cd54114c34fa2b0b4e34caf830	1	False
22ba75a9ea7b5bb88a619799a558ccc9	1	False
5be5a87c135c07acff0f986d124fcb2c	1	False
6ec8d41035e6b555e2dd96f7b541606c	1	False
4c24a9217e448bdd8067242bfdb03f6a	1	False
650ba34c2ebbd168a6153dd09394e847	1	False
85505fb7d349af8f6be215e522530ca3	1	False
ff90853ab8477eabb9778b48ede5099f	1	False
32bc0b086543df1ca9c4dde44ff5289d	1	False
7eb3a91f85ccfa1ce9cda28f41f8a469	1	False
6247203634cd90d3767fa1849b1d46e1	1	False
2a6214daa350e72ed13cda9059725e25	1	False
9017501df138dc75e4d9b0d4e5257642	1	False
1591bb17774a89d564aedc99a94da31e	1	False
ed6e2174c9104f396b3d3dfab9414ba3	1	False
22e30d0bc9283920bbe1ee93c94d876d	1	False
844319d2e097eb21bc6cd125119881bf	1	False
9a3d35430479e5f50bb6de7dab4870d3	1	False
7516f21f95bbcb0e2f1ba8aa07ac6a7d	1	False
6d03aede89cd08b036aeea05b52b85f6	1	False
686552dd9226530bfdf4a9b0e633c3b4	1	False
8cd50fa8bc80d1145a11f65333b2fe23	1	False
8b8d8c8c44c64cb6f37b4ad8f1dba239	1	False
a60ee3214665ebdb0493bd4032437b57	1	False
d3651d4476c43f92e74bb459148e321d	1	False
663840eed432d24097cab81535623174	1	False
7fff7042a9d31b53b621e98f61c8d09b	1	False
ca824d6e02080d28b7d7e03f0e317705	1	False
7aa03b646c374210a14d2e61a232f2bb	1	False
f89ac4229da203e520fb5cb4026cca88	1	False
02288e1bf215c3f50a985863e853edf0	1	False
575037da2eda0f9dda9e70d41ebd71c8	1	False
a9bfdb1e2bfafd327de6e41225d9a54f	1	False
855bc59ca1580b8f095ab4daa4e80d26	1	False
811ec2dc3be36d13eca6bf6e313eab16	1	False
f4fd364fdfaa5f54063e582283e07fa0	1	False
a2139ce2f04372aac9d582532a7f14f4	1	False
f659dd4ff0fac85ec37a1bedd2946721	1	False
443b657e06bd6e9536da70d0d4b5657e	1	False
e1e23e3bb86bf3f4da0f8f2e4df65c34	1	False
7dcfc6922b13ac75cf4fa202739ae71f	1	False
8c7701e52d3109a5eb303b16920cfdc0	1	False
21a8f3f5016067461239c14bf10a3ecb	1	False
a92d3add117267a456ebfd70f9f66583	1	False
3d2db175dfd884969a0ca929bd1a5ad4	1	False
39cc7d1fcae096c99f756a6baa4641a2	1	False
caf3dff992adc7810805466d1f5d21d9	1	False
60833fa9628ded5292c80d7e022462eb	1	False
4e484f8bdcf14cb9ef7832463371eeaa	1	False
99c6a274c7cddc50abb30bd31555b310	1	False
8dcbd565de564c2be2e4721ed3bf4fed	1	False
7b0e6af0ccae6b1e0356c273e2cb0350	1	False
3080ffef6f550c0912863e8c9a957965	1	False
99a3669a921f6247d902fae4e514e4d7	0	False
cad81b92cfc16f13791157a65f253455	0	False
27f2f1497081c09aa89dde6d445c7bef	0	False
a9bcbfe533bd31a5dc68392aaf0f1dd1	0	False
5a8ae2cd795169a4cf43c876b48a303c	0	False
26866a433f384131b96abc3189c79386	0	False
46f51008c787751412ecd180356c10c1	0	False
0abb29af7bb7564e0e4bb081507f1a01	0	False
c685619e9fde33762330640bc39544d1	0	False
8830d85d6d98473cf8724f3df0958c66	0	False
f54361a743eda620c232c275a3fa1e9e	0	False
c0b3f40bd9e0962679113b410585c85e	0	False
0aff82fbb663d2be678ad13fcb2050be	0	False
d5457276dca9fb6cc6f53e7f4c5fe4e5	0	False
2824f4e2c37d40c781fa04c53202f742	0	False
54a98ad6cc3ac8747a4c381817d4142b	0	False
75730470e54af58658e4eadc1d0b68a2	0	False
da15c8c5afb233333eefec57ca7d2fb0	0	False
45de0a9bd83107e4c2071c906647313b	0	False
2d9cbcbd3edbccfb6026976a8eeaf12f	0	False
b97625685f91c7fc630c3ff4b804cd0f	0	False
202b9d1fa4c099d5dd3576f8a39238b7	0	False
78b245a5caeb722928a74ae0080a73a6	0	False
c64256546e7d4e7507550e39a678bd28	0	False
9a3f5d12656e19e24dccd8ffcce90434	0	False
4dc923f8898ba304ef698dc35ed317c5	0	False
b20c29c87760a4c52017e2127abe5f90	0	False
3e60c8db6b7067aca557556cbee389e3	0	False
e5d04ee31cd7dabfbaf2166dcf6ede2b	0	False
ebb87d2a4b972cb7ca7d24b70f6a2deb	0	False
1ccabe6915d504aba83616f13828683a	0	False
c3b5d5b51568e513d46b448ad76a025e	0	False
6a0b9ccac9e9db70b839805abdfac570	0	False
e96e7b1c7d4de490dbb32be165504c2e	0	False
045fd2f376df8ab160c365aa9811b1eb	0	False
4cc083d5bf0cd5a8cb1a5dbb373d1c35	0	False
298fc2d1833ef3c618d5f6ed27667bee	0	False
282cb80367d2b1845209d4c0773a68b4	0	False
0e376c68726959309777cd950dc65fc0	0	False
a68298dcdc31471ad8d735435c11b2b8	0	False
9d44ad848c72943cf00fa76c1ceca834	0	False
7ba1e7d288a6ffca77497c25f2d243c0	0	False
ca90501a89789a12dcf3568b92a15176	0	False
5d693c96982f3bc9804751b664a0ca4a	0	False
d6a24527ce670dc047eaa0247b4d0302	0	False
f3be9c848b0d220c6c1081c60b59b63d	0	False
50ff7c5a2d24c7e646ad5161cbd9afb1	0	False
9b373e64c8ca00f9a074a8268198a8f9	0	False
342a7d32215e3d1b166844da5af6807a	0	False
3de358b47d1f49e54ae12a418aa01d43	0	False
550cc74e14bad7075c774b6f7c96db39	0	False
6ddd32ccf6db6e9e7e0b3c74f826c991	0	False
89a970c38b3aa8dfb9aadd459ce95ecc	0	False
44418f00697afbefe5c7227026e40e13	0	False
439ee71de7eb52a826e95b385e1b1731	0	False
