metagene,log2foldchange_After abduction,q-value_After abduction
EC:1.1.1.1,0.4078257242184666,1.0
EC:1.1.1.100,0.1193709045218026,1.0
EC:1.1.1.103,-1.6871522882672143,0.0405281843548897
EC:1.1.1.108,1.77522722543931,1.0
EC:1.1.1.11,0.6090279238250638,1.0
EC:1.1.1.122,-0.3492490940039656,1.0
EC:1.1.1.125,-0.8661320118502198,1.0
EC:1.1.1.130,-1.5510389632325323,1.0
EC:1.1.1.132,-0.3061490719738027,1.0
EC:1.1.1.133,-0.3297391483877709,1.0
EC:1.1.1.136,-1.7105226049856346,1.0
EC:1.1.1.137,1.5857349287439382,0.5265274863947796
EC:1.1.1.14,-1.845815895190714,0.000926870907266726
EC:1.1.1.140,0.3051914429727582,1.0
EC:1.1.1.157,-0.7446788663634074,1.0
EC:1.1.1.159,-2.5631776691982444,3.5354750510679736e-06
EC:1.1.1.169,0.2662599053665336,1.0
EC:1.1.1.17,0.2099898615040162,1.0
EC:1.1.1.179,-2.183578410639764,0.2446808281461703
EC:1.1.1.18,-0.8175627157638805,1.0
EC:1.1.1.193,-0.1001770483448142,1.0
EC:1.1.1.202,-0.4324488527615144,1.0
EC:1.1.1.203,0.2741049422785869,1.0
EC:1.1.1.205,0.14678972393505,1.0
EC:1.1.1.206,-0.6788211180861776,1.0
EC:1.1.1.215,-0.624044649645036,1.0
EC:1.1.1.219,-2.0882865726774043,0.2005009260346232
EC:1.1.1.22,-1.081417590755024,0.2311375807835597
EC:1.1.1.23,-0.3261738121906228,1.0
EC:1.1.1.243,-0.6349348437803037,1.0
EC:1.1.1.25,-0.2924724218407988,1.0
EC:1.1.1.251,-0.4057945638046403,1.0
EC:1.1.1.26,-1.6677105966470471,1.0
EC:1.1.1.261,-2.384744481225895,0.0002618629323089479
EC:1.1.1.262,-1.545316076920086,0.1693459871393907
EC:1.1.1.264,0.2477869959446135,1.0
EC:1.1.1.267,-1.5752034983303007,0.0001104736196524204
EC:1.1.1.27,0.0268423706185519,1.0
EC:1.1.1.271,-1.493693419184043,1.0
EC:1.1.1.275,-0.567270164403193,1.0
EC:1.1.1.28,0.2644472456431307,1.0
EC:1.1.1.281,-0.9675804176408098,1.0
EC:1.1.1.282,-0.5174645728376879,1.0
EC:1.1.1.284,-0.2253568057807023,1.0
EC:1.1.1.287,-1.0021552897259216,1.0
EC:1.1.1.289,-0.6794616211547595,1.0
EC:1.1.1.29,-1.2831966764481226,1.0
EC:1.1.1.290,-0.7736141745189538,1.0
EC:1.1.1.291,0.2065770790561415,1.0
EC:1.1.1.3,-0.2232438002372434,1.0
EC:1.1.1.30,0.0284882591089223,1.0
EC:1.1.1.300,-0.0717197821235279,1.0
EC:1.1.1.301,0.98214762506996,1.0
EC:1.1.1.302,-1.0458433410060046,1.0
EC:1.1.1.303,0.152438524922623,1.0
EC:1.1.1.304,0.998968287569936,1.0
EC:1.1.1.305,-0.83252348251062,1.0
EC:1.1.1.306,-0.3326573500565211,1.0
EC:1.1.1.308,-1.1135854585368443,1.0
EC:1.1.1.31,-0.4738854402695844,1.0
EC:1.1.1.310,-0.7007979107640172,1.0
EC:1.1.1.328,-0.3506165053498946,1.0
EC:1.1.1.333,-0.1939114110737811,1.0
EC:1.1.1.335,0.3984716475877982,1.0
EC:1.1.1.336,-0.7561829563122762,1.0
EC:1.1.1.337,-2.183578410639764,0.2446808281461703
EC:1.1.1.343,0.8253180948496904,1.0
EC:1.1.1.346,-0.1082926638381781,1.0
EC:1.1.1.35,-0.3668200804844614,1.0
EC:1.1.1.350,-1.772731260772118,0.2810730991778637
EC:1.1.1.36,0.8300433555985941,1.0
EC:1.1.1.363,1.0350706669865166,1.0
EC:1.1.1.367,-1.7339743610485223,1.0
EC:1.1.1.369,-0.8180529015969524,1.0
EC:1.1.1.37,0.454029577804082,1.0
EC:1.1.1.370,-1.7978436483551632,1.0
EC:1.1.1.371,0.7487403336489569,1.0
EC:1.1.1.373,-0.7262374085725178,1.0
EC:1.1.1.38,0.05745466957509,1.0
EC:1.1.1.380,-1.6623558606128297,0.3102816413374068
EC:1.1.1.381,-0.3195907277101688,1.0
EC:1.1.1.385,-0.5381737519824796,1.0
EC:1.1.1.39,0.8817250401082559,1.0
EC:1.1.1.4,-0.145306572852343,1.0
EC:1.1.1.40,-0.7550790966185603,1.0
EC:1.1.1.41,-2.8340437323271983,6.36656563899248e-08
EC:1.1.1.42,-0.491142231205222,1.0
EC:1.1.1.44,0.7840324605306414,1.0
EC:1.1.1.47,1.1079181946867918,1.0
EC:1.1.1.49,1.0331518953281391,1.0
EC:1.1.1.53,-0.6865072206080092,1.0
EC:1.1.1.56,0.8928873262756827,1.0
EC:1.1.1.57,-0.964587633179112,1.0
EC:1.1.1.58,-0.917722266884401,1.0
EC:1.1.1.6,0.002561101622638,1.0
EC:1.1.1.60,-2.1544603824740065,8.875143407986837e-07
EC:1.1.1.61,-1.8356658098660172,0.0486223057155338
EC:1.1.1.67,0.1195312912084193,1.0
EC:1.1.1.69,-1.0247221455087518,1.0
EC:1.1.1.76,0.9456225043143056,1.0
EC:1.1.1.77,-1.1161971863589135,1.0
EC:1.1.1.79,-0.444149189431217,1.0
EC:1.1.1.81,-1.5250797925338446,1.0
EC:1.1.1.83,-1.2187926368585442,1.0
EC:1.1.1.85,-0.4654395565578741,1.0
EC:1.1.1.86,-0.4658537771187523,1.0
EC:1.1.1.88,0.9934600274638052,1.0
EC:1.1.1.90,0.07343688093431,1.0
EC:1.1.1.93,-1.2853078647316485,1.0
EC:1.1.1.94,0.1997393232225588,1.0
EC:1.1.1.95,-0.198008572186413,1.0
EC:1.1.2.3,-0.7069513677596015,1.0
EC:1.1.2.4,-1.858195390785504,1.0
EC:1.1.2.8,-0.5810768743381782,1.0
EC:1.1.3.15,-0.5917540403565327,1.0
EC:1.1.3.21,0.5872959980310827,1.0
EC:1.1.3.41,0.1745798461681815,1.0
EC:1.1.3.45,0.4007207916306782,1.0
EC:1.1.3.46,0.3285461977547358,1.0
EC:1.1.3.6,-0.6720409468780264,1.0
EC:1.1.3.8,0.3551872360863294,1.0
EC:1.1.5.2,-0.5782806119435662,1.0
EC:1.1.5.3,-0.4053620309809536,1.0
EC:1.1.5.4,1.6670136754295477,1.0
EC:1.1.5.6,-0.7257133500763449,1.0
EC:1.1.5.8,0.116754122419466,1.0
EC:1.1.98.2,-0.7504407793571255,1.0
EC:1.1.98.3,-0.2519392849448408,1.0
EC:1.1.99.1,1.3302553742175491,1.0
EC:1.1.99.3,0.8719974707623441,1.0
EC:1.10.2.2,0.224484037993669,1.0
EC:1.10.3.12,2.268863306335247,1.0
EC:1.11.1.1,0.9609538131318708,1.0
EC:1.11.1.10,-1.819874581123464,0.00032746905855187764
EC:1.11.1.15,0.4159048541199858,1.0
EC:1.11.1.19,0.0803385887809169,1.0
EC:1.11.1.21,-0.7889146128764597,1.0
EC:1.11.1.5,-1.126049633332494,1.0
EC:1.11.1.6,0.4650867396642215,1.0
EC:1.11.1.9,0.8855849561921785,1.0
EC:1.11.2.4,0.4449880120695507,1.0
EC:1.12.1.3,-2.120598472632313,0.0177608879588952
EC:1.12.5.1,0.6714356831343169,1.0
EC:1.12.7.2,-2.9230409766408645,6.252404776184335e-07
EC:1.12.99.6,-1.8868118056049017,0.2357830278048074
EC:1.13.11.1,-0.9984340483763924,1.0
EC:1.13.11.11,-0.3297935165971377,1.0
EC:1.13.11.15,0.0900798377749373,1.0
EC:1.13.11.16,-0.890624235413612,1.0
EC:1.13.11.2,1.2894815696395483,1.0
EC:1.13.11.24,-0.512747689764933,1.0
EC:1.13.11.25,-0.7623525704807745,1.0
EC:1.13.11.27,-0.5302254322570097,1.0
EC:1.13.11.3,-0.3614094777115726,1.0
EC:1.13.11.37,0.491886068811418,1.0
EC:1.13.11.4,-1.4588878792353377,1.0
EC:1.13.11.46,0.1202308501103521,1.0
EC:1.13.11.49,0.7317138930897515,1.0
EC:1.13.11.5,-0.5805397020992735,1.0
EC:1.13.11.53,0.3010432135553451,1.0
EC:1.13.11.54,0.3010432135553451,1.0
EC:1.13.11.79,-0.6311186367666859,1.0
EC:1.13.11.8,-0.653901214726283,1.0
EC:1.13.11.9,-0.5645341021995045,1.0
EC:1.13.12.16,-1.1596178586818364,1.0
EC:1.13.12.3,0.5075529299754877,1.0
EC:1.14.11.1,0.5848615731139462,1.0
EC:1.14.11.17,-0.1689413486468375,1.0
EC:1.14.11.33,-0.0303505070708721,1.0
EC:1.14.11.39,0.1519198528032591,1.0
EC:1.14.11.47,-0.6736838571129411,1.0
EC:1.14.12.10,-0.6897528935548878,1.0
EC:1.14.12.17,0.3135911603372855,1.0
EC:1.14.12.19,-0.6179487251477871,1.0
EC:1.14.13.1,-0.6733808503859631,1.0
EC:1.14.13.10,-0.590674813679962,1.0
EC:1.14.13.106,0.402459893552939,1.0
EC:1.14.13.113,0.2432791274175172,1.0
EC:1.14.13.127,-0.4428513314282734,1.0
EC:1.14.13.133,-0.1632276657966126,1.0
EC:1.14.13.141,-1.0554217439423972,1.0
EC:1.14.13.142,-1.4059701351809957,1.0
EC:1.14.13.149,-0.3071656743390585,1.0
EC:1.14.13.165,1.743557584319542,1.0
EC:1.14.13.2,-0.3870651167549834,1.0
EC:1.14.13.20,-0.7372542366455814,1.0
EC:1.14.13.200,-0.0728664095801855,1.0
EC:1.14.13.22,-0.0865362240319065,1.0
EC:1.14.13.40,-0.5485462878532221,1.0
EC:1.14.13.50,-1.2274702987444188,1.0
EC:1.14.13.59,-0.2431254278959503,1.0
EC:1.14.13.7,-0.0699977836695993,1.0
EC:1.14.13.82,-0.3519081841806382,1.0
EC:1.14.13.83,-0.6194697413590875,1.0
EC:1.14.14.1,0.3790073806608197,1.0
EC:1.14.14.12,-1.226185769550021,1.0
EC:1.14.14.5,-0.5911765904476467,1.0
EC:1.14.14.9,-0.7045529263106358,1.0
EC:1.14.15.11,0.4727056416133506,1.0
EC:1.14.15.13,0.3247414830710432,1.0
EC:1.14.15.3,0.0806553942773818,1.0
EC:1.14.15.7,-0.3391732732478381,1.0
EC:1.14.16.1,0.8845530576822445,1.0
EC:1.14.18.1,0.4945461303713687,1.0
EC:1.14.19.1,-0.6063851234451565,1.0
EC:1.14.19.2,-0.4510926836895244,1.0
EC:1.14.19.3,0.5719920484435346,1.0
EC:1.14.19.9,0.4037312498295573,1.0
EC:1.14.21.7,0.2657898486402767,1.0
EC:1.14.99.44,0.9904615529709724,1.0
EC:1.14.99.46,-0.3556185687696993,1.0
EC:1.14.99.48,2.1459436830779257,1.0
EC:1.14.99.50,-0.6075197855772707,1.0
EC:1.15.1.1,0.0616321782653029,1.0
EC:1.15.1.2,-2.21130162204942,7.593826312147306e-05
EC:1.16.1.1,-0.4295302018953213,1.0
EC:1.16.1.3,-0.5872081730625609,1.0
EC:1.16.1.9,-0.5915711191091735,1.0
EC:1.16.3.1,-1.5545740400206016,0.0233869798325065
EC:1.16.3.2,-0.6814304755357263,1.0
EC:1.17.1.1,-0.6060777402126816,1.0
EC:1.17.1.2,-1.6250170914904336,3.307630073402239e-05
EC:1.17.1.4,-1.8717976399859808,1.3522996906030496e-05
EC:1.17.1.8,0.1026528503342233,1.0
EC:1.17.4.1,0.4703048227034746,1.0
EC:1.17.4.2,-0.0181058851940491,1.0
EC:1.17.7.1,-1.5447881535324974,0.00012788286677214484
EC:1.17.7.3,-1.5447895595100904,0.00012788286677214484
EC:1.17.99.6,1.031396523030207,1.0
EC:1.18.1.1,-0.3314494936254502,1.0
EC:1.18.1.2,-1.899229612563828,2.655687632193102e-06
EC:1.18.1.3,-0.8158576420790937,1.0
EC:1.18.6.1,-2.0232483731333053,0.0775173550744983
EC:1.2.1.10,0.1227582815491603,1.0
EC:1.2.1.11,0.1940747806211621,1.0
EC:1.2.1.12,0.3687702216972287,1.0
EC:1.2.1.16,0.6150631321368334,1.0
EC:1.2.1.18,-0.949670550043678,1.0
EC:1.2.1.19,-0.5892610719869691,1.0
EC:1.2.1.2,-1.4376661740069054,0.0225244982684562
EC:1.2.1.20,0.6297159158875564,1.0
EC:1.2.1.21,1.1526899482852278,1.0
EC:1.2.1.22,1.152768192421716,1.0
EC:1.2.1.24,-0.577166557488831,1.0
EC:1.2.1.27,-1.0006869942865595,1.0
EC:1.2.1.28,-0.2321050306640761,1.0
EC:1.2.1.3,-0.7936025726971345,1.0
EC:1.2.1.38,-0.5590769955333388,1.0
EC:1.2.1.39,-0.0624956306636139,1.0
EC:1.2.1.4,-0.4430130636367209,1.0
EC:1.2.1.41,-0.2120305302080171,1.0
EC:1.2.1.43,-0.3460041642017981,1.0
EC:1.2.1.46,-0.6278323127586831,1.0
EC:1.2.1.58,0.1899084085377508,1.0
EC:1.2.1.60,0.0819372680788381,1.0
EC:1.2.1.68,1.0910566698515436,1.0
EC:1.2.1.70,-0.6944055537456348,1.0
EC:1.2.1.71,-0.6224761798150829,1.0
EC:1.2.1.72,-0.5852194200788667,1.0
EC:1.2.1.76,-0.2272042278342276,1.0
EC:1.2.1.79,0.6292407785250262,1.0
EC:1.2.1.8,0.6263576023018294,1.0
EC:1.2.1.81,-0.7696126036314304,1.0
EC:1.2.1.87,-2.1771578379847187,0.00011331569468306438
EC:1.2.1.88,0.3514777713702174,1.0
EC:1.2.1.9,-0.7508322076174216,1.0
EC:1.2.1.91,-0.5503024248401964,1.0
EC:1.2.3.3,1.227795888931242,1.0
EC:1.2.4.1,1.017479639655367,1.0
EC:1.2.4.2,1.225138585259919,1.0
EC:1.2.4.4,0.8562652115941132,1.0
EC:1.2.5.1,-0.6700076032277331,1.0
EC:1.2.7.1,-1.267706813437238,0.0918558323633605
EC:1.2.7.11,-0.3789426592899065,1.0
EC:1.2.7.3,-0.6361480594721061,1.0
EC:1.2.7.4,-2.6693041763065204,5.323114361218491e-09
EC:1.2.7.5,-2.394161431361388,0.037856221934974
EC:1.2.7.8,-2.496369952613599,1.8811892115070208e-06
EC:1.2.98.1,-0.5778387547807033,1.0
EC:1.2.99.2,-2.096938376649592,6.064703905373378e-07
EC:1.2.99.5,-2.74025751375514,1.8664909643979884e-05
EC:1.2.99.7,-2.2264364123173346,0.1533231753263272
EC:1.20.4.1,0.1716667659624186,1.0
EC:1.20.4.3,-0.0209794730451297,1.0
EC:1.21.4.1,-2.5270162493071235,8.849340741182567e-05
EC:1.21.4.2,-1.7136909858857,0.0288932661002346
EC:1.21.4.4,-2.774857205784285,4.043710110967981e-06
EC:1.21.98.1,-0.2254663248115469,1.0
EC:1.3.1.1,-1.5275321572661409,1.0
EC:1.3.1.10,1.2036701610593412,1.0
EC:1.3.1.106,-1.649962099072491,0.0131039436287918
EC:1.3.1.12,-0.1144931692013179,1.0
EC:1.3.1.14,-0.3979029880804707,1.0
EC:1.3.1.20,-2.183578410639764,0.2446808281461703
EC:1.3.1.22,-1.0124363498731606,1.0
EC:1.3.1.25,0.660895040328976,1.0
EC:1.3.1.28,-0.8546243739817436,1.0
EC:1.3.1.31,-2.1863561520150028,0.0307686404293987
EC:1.3.1.32,0.2995816649802402,1.0
EC:1.3.1.34,-0.3563585256843551,1.0
EC:1.3.1.44,-2.505512894093057,0.00035639464099337383
EC:1.3.1.54,-1.7541714697618112,0.0021626568438183
EC:1.3.1.58,-0.4630105676879907,1.0
EC:1.3.1.76,-0.6889664100099309,1.0
EC:1.3.1.86,-0.3600360464587024,1.0
EC:1.3.1.87,-0.6404185098382718,1.0
EC:1.3.1.9,0.2340597057204169,1.0
EC:1.3.1.98,0.1725953161491469,1.0
EC:1.3.3.11,-0.9048577963178576,1.0
EC:1.3.3.14,0.4007207916306782,1.0
EC:1.3.3.3,-0.570956663079685,1.0
EC:1.3.3.4,0.6858687695316756,1.0
EC:1.3.3.6,-0.4879583478785663,1.0
EC:1.3.4.1,-1.182697041475821,1.0
EC:1.3.5.1,-0.5198175901156219,1.0
EC:1.3.5.2,-0.6885983771795519,1.0
EC:1.3.5.3,-1.6186115998372967,0.5784120949992471
EC:1.3.5.4,0.3654883507772046,1.0
EC:1.3.7.9,-1.9283639388732672,1.0
EC:1.3.8.1,-2.290268337504402,7.924028575954726e-05
EC:1.3.8.4,0.9943977243240252,1.0
EC:1.3.8.6,-0.3349223151960432,1.0
EC:1.3.8.7,-0.5918049815058903,1.0
EC:1.3.8.8,-0.4222030274128632,1.0
EC:1.3.98.1,1.2706544878528356,0.4530198110672226
EC:1.3.99.12,0.4727310051078393,1.0
EC:1.3.99.16,-0.7514362834773303,1.0
EC:1.3.99.22,-0.0738945758992111,1.0
EC:1.3.99.26,-0.9672505119175904,1.0
EC:1.3.99.28,-0.9587954043104124,1.0
EC:1.3.99.29,-0.9608202562101856,1.0
EC:1.3.99.31,-0.92101184808319,1.0
EC:1.3.99.33,-0.0301759698841213,1.0
EC:1.3.99.4,-1.288595535733641,1.0
EC:1.3.99.5,-1.2206460641218733,1.0
EC:1.3.99.8,-0.4342726793049547,1.0
EC:1.4.1.1,-0.0577488354557694,1.0
EC:1.4.1.11,-0.7921005808391144,1.0
EC:1.4.1.13,-0.2944285322642181,1.0
EC:1.4.1.14,-0.2987123936124101,1.0
EC:1.4.1.16,-1.968150602157192,0.0006398412696133881
EC:1.4.1.2,0.0136198645572265,1.0
EC:1.4.1.21,-0.9649275749746672,1.0
EC:1.4.1.23,-0.3544385857841452,1.0
EC:1.4.1.3,-1.8309356433185324,0.0052261809197622
EC:1.4.1.4,-0.2597997403303984,1.0
EC:1.4.1.9,-1.1156003339294345,1.0
EC:1.4.3.16,-1.8589683073138936,1.919416025356211e-06
EC:1.4.3.19,1.3100214197744575,1.0
EC:1.4.3.21,-0.7153792014369718,1.0
EC:1.4.3.3,0.4727310051078393,1.0
EC:1.4.3.4,-1.0421391817107957,1.0
EC:1.4.3.5,-0.5592383530368741,1.0
EC:1.4.4.2,-0.2362855562721025,1.0
EC:1.4.7.1,-2.694762889633793,2.6997969532646717e-10
EC:1.4.99.6,0.8846093001247775,1.0
EC:1.5.1.2,0.0921731885904501,1.0
EC:1.5.1.20,-0.5032139380418794,1.0
EC:1.5.1.24,-1.9243751527469937,0.785294631714082
EC:1.5.1.28,0.8975150364747162,1.0
EC:1.5.1.3,0.2208495382780028,1.0
EC:1.5.1.34,-0.738819598399842,1.0
EC:1.5.1.36,-0.3741325852070665,1.0
EC:1.5.1.38,0.0795273757426329,1.0
EC:1.5.1.39,-0.76019536074094,1.0
EC:1.5.1.41,-0.5872081730625609,1.0
EC:1.5.1.5,0.1724596392296399,1.0
EC:1.5.1.7,-2.216338705729933,0.0004674209094996987
EC:1.5.3.1,-2.124933059870997,0.0869930494241383
EC:1.5.5.1,0.994449449504523,1.0
EC:1.5.5.2,-1.0041535894166465,1.0
EC:1.5.98.2,-0.9441249235874504,1.0
EC:1.5.99.6,0.1080277323438103,1.0
EC:1.6.1.1,-0.3667636523712887,1.0
EC:1.6.1.2,-0.3730382702982793,1.0
EC:1.6.3.4,0.7665546556044041,1.0
EC:1.6.5.2,0.1363872904476877,1.0
EC:1.6.5.3,-0.9736474354755976,0.811963464560301
EC:1.6.5.5,-0.4229521251755204,1.0
EC:1.6.99.1,-1.6537988609167438,1.0
EC:1.6.99.3,1.162553521195579,1.0
EC:1.7.1.13,0.1524127875640742,1.0
EC:1.7.1.15,1.1364409411321224,1.0
EC:1.7.1.7,1.2733692756057593,1.0
EC:1.7.2.1,-0.0448813109092099,1.0
EC:1.7.2.2,-0.8722589558885423,1.0
EC:1.7.2.3,-0.8147724143732598,1.0
EC:1.7.2.4,0.8020330100903845,1.0
EC:1.7.2.5,-0.476012753722828,1.0
EC:1.7.3.3,-0.6074695639318353,1.0
EC:1.7.7.1,-2.2529570446700538,0.00016996265461517078
EC:1.7.99.1,-1.755402615546135,6.662457976741296e-05
EC:1.7.99.4,0.8015105378095078,1.0
EC:1.8.1.14,2.247752862196177,0.8853463987016948
EC:1.8.1.15,-0.7150876581212433,1.0
EC:1.8.1.2,1.430388325189719,1.0
EC:1.8.1.4,0.8398161891826649,1.0
EC:1.8.1.7,1.1316989473371952,1.0
EC:1.8.1.8,-0.7424029313995153,1.0
EC:1.8.1.9,-0.0800775965533787,1.0
EC:1.8.2.2,0.6496396393040058,1.0
EC:1.8.4.11,0.9998926901558702,1.0
EC:1.8.4.12,0.8226896734352096,1.0
EC:1.8.4.8,0.1369313658576895,1.0
EC:1.8.5.2,1.1458697748739448,1.0
EC:1.8.5.3,-0.9480125195829128,1.0
EC:1.8.7.1,-0.4913778599696634,1.0
EC:1.8.98.1,-3.1690477569073545,3.856024827611898e-06
EC:1.8.99.2,-2.0194754789434235,1.0
EC:1.9.3.1,-0.7210451948989596,1.0
EC:1.97.1.4,-0.134865394853172,1.0
EC:1.97.1.9,-1.7963268255584055,0.0006014275616076754
EC:2.1.1.10,0.1762512258723092,1.0
EC:2.1.1.104,-0.4931494482225307,1.0
EC:2.1.1.107,-0.4971921851666165,1.0
EC:2.1.1.113,-1.55937093161097,1.0
EC:2.1.1.13,-1.721629808832593,2.4877555502514752e-06
EC:2.1.1.130,-1.9069451361785528,2.9857173334745543e-05
EC:2.1.1.131,-2.0181301289936355,1.0893862839660967e-05
EC:2.1.1.132,-2.1175478114061046,2.8937757755823452e-05
EC:2.1.1.133,-2.09939238664184,1.91022324832043e-06
EC:2.1.1.14,1.0303150936987702,1.0
EC:2.1.1.144,-0.7468315280311633,1.0
EC:2.1.1.148,-1.854719293762027,0.0360933243682603
EC:2.1.1.151,-2.159966032494684,5.068791654478171e-06
EC:2.1.1.152,0.4298556736528491,1.0
EC:2.1.1.157,-0.5330259429273707,1.0
EC:2.1.1.163,0.3868027573009092,1.0
EC:2.1.1.166,-0.7735498785340604,1.0
EC:2.1.1.170,0.1958910312236215,1.0
EC:2.1.1.171,-0.7306827645496463,1.0
EC:2.1.1.172,0.4123104318482489,1.0
EC:2.1.1.173,-0.6390518101062366,1.0
EC:2.1.1.174,-0.5872081730625609,1.0
EC:2.1.1.176,0.1005645876995867,1.0
EC:2.1.1.177,0.1659293375062266,1.0
EC:2.1.1.178,-0.4976987091687184,1.0
EC:2.1.1.181,-0.7300409888369275,1.0
EC:2.1.1.182,0.1773493267845833,1.0
EC:2.1.1.184,-0.4257545199898265,1.0
EC:2.1.1.185,0.1622150139775381,1.0
EC:2.1.1.186,-0.5810229560906055,1.0
EC:2.1.1.187,0.3195032265222703,1.0
EC:2.1.1.189,-0.6586081497350149,1.0
EC:2.1.1.190,-0.0793159576986328,1.0
EC:2.1.1.191,-0.3753060616178514,1.0
EC:2.1.1.192,-0.1910984160586664,1.0
EC:2.1.1.193,0.1367126119742499,1.0
EC:2.1.1.195,-1.984513800791929,0.00011119724443860644
EC:2.1.1.196,-1.6474791796051305,0.3903430074923688
EC:2.1.1.197,-0.6666906557977326,1.0
EC:2.1.1.198,0.1922598315381795,1.0
EC:2.1.1.199,-0.006411767062904,1.0
EC:2.1.1.200,-0.6390518101062366,1.0
EC:2.1.1.201,0.3886685592040481,1.0
EC:2.1.1.207,0.1055965654292626,1.0
EC:2.1.1.217,-0.0392431116352928,1.0
EC:2.1.1.219,-0.281287408677322,1.0
EC:2.1.1.220,-0.281287408677322,1.0
EC:2.1.1.222,-0.8056337129726405,1.0
EC:2.1.1.223,-1.6981180883255926,0.0135750222295947
EC:2.1.1.226,-0.452493991720571,1.0
EC:2.1.1.227,-0.4524808802645912,1.0
EC:2.1.1.228,0.1857492026181467,1.0
EC:2.1.1.234,-0.0136576256203392,1.0
EC:2.1.1.235,-0.3343294457393215,1.0
EC:2.1.1.242,-1.3752206100912567,1.0
EC:2.1.1.245,-3.23327028390651,5.290205539025667e-09
EC:2.1.1.246,-2.962278873576365,0.0002566647771458949
EC:2.1.1.248,0.6055246603984717,1.0
EC:2.1.1.250,-2.7822201576318872,0.0076092216052304
EC:2.1.1.255,0.4600583001324682,1.0
EC:2.1.1.258,-3.1726727880476644,3.569574622766425e-09
EC:2.1.1.264,-0.6390518101062366,1.0
EC:2.1.1.265,-0.6843658192636888,1.0
EC:2.1.1.266,-0.6232043879888836,1.0
EC:2.1.1.271,-2.0211653685549957,8.567526351862389e-06
EC:2.1.1.289,-1.635755587471729,0.4582636240147179
EC:2.1.1.297,0.2166404555980531,1.0
EC:2.1.1.298,-0.8357296666157552,1.0
EC:2.1.1.33,0.1850195805572403,1.0
EC:2.1.1.34,-0.9959283816468936,1.0
EC:2.1.1.35,-0.4278817762933227,1.0
EC:2.1.1.37,-0.4341060725500052,1.0
EC:2.1.1.44,-0.6072707286863834,1.0
EC:2.1.1.45,0.1758543676457221,1.0
EC:2.1.1.61,-0.6516123469146069,1.0
EC:2.1.1.63,0.2165113929835291,1.0
EC:2.1.1.64,-0.8056337129726405,1.0
EC:2.1.1.72,0.1684895897819149,1.0
EC:2.1.1.74,0.6684313387703681,1.0
EC:2.1.1.77,-0.7860270145801456,1.0
EC:2.1.1.79,-0.3472430887963442,1.0
EC:2.1.1.80,-1.2923930053217432,0.5315195032242362
EC:2.1.1.90,-1.6654623063635805,0.5565259324247669
EC:2.1.2.1,0.1417751385223273,1.0
EC:2.1.2.10,-0.1278371251209008,1.0
EC:2.1.2.11,-0.2442961593335045,1.0
EC:2.1.2.13,-0.8525629184991279,1.0
EC:2.1.2.2,0.1971109366969492,1.0
EC:2.1.2.3,0.1657560223519619,1.0
EC:2.1.2.5,-1.7366229993642608,0.1901481822095992
EC:2.1.2.9,0.1811570668425295,1.0
EC:2.1.3.11,-0.782656191109087,1.0
EC:2.1.3.2,0.1765654829673524,1.0
EC:2.1.3.3,0.0320811660424357,1.0
EC:2.1.3.6,-0.2889548260361558,1.0
EC:2.10.1.1,-0.6013842023327736,1.0
EC:2.2.1.1,-0.4369761533577636,1.0
EC:2.2.1.10,-2.1337305350957143,0.4281855984963463
EC:2.2.1.2,-0.4208510101931846,1.0
EC:2.2.1.6,-0.0412016493235053,1.0
EC:2.2.1.7,-0.7538910197990396,1.0
EC:2.2.1.9,0.6950178224189284,1.0
EC:2.3.1.1,-0.7158693312014694,1.0
EC:2.3.1.102,-0.2694491027584766,1.0
EC:2.3.1.109,-0.622389609234685,1.0
EC:2.3.1.117,-0.4304185437462695,1.0
EC:2.3.1.118,-1.5418300368746731,0.3284351438903122
EC:2.3.1.12,1.0815880833120777,1.0
EC:2.3.1.128,0.1105889862867438,1.0
EC:2.3.1.129,-0.6798141783463005,1.0
EC:2.3.1.15,0.0984417922300122,1.0
EC:2.3.1.157,0.6709238807727863,1.0
EC:2.3.1.16,-0.4558972293063905,1.0
EC:2.3.1.168,2.094734659627174,0.7924356834059018
EC:2.3.1.169,-3.171642640636226,3.778722599545202e-09
EC:2.3.1.174,-0.4364590215784605,1.0
EC:2.3.1.178,-0.3574039734706709,1.0
EC:2.3.1.179,0.1827315924139121,1.0
EC:2.3.1.18,-1.2824799372682558,1.0
EC:2.3.1.180,0.3039604250526851,1.0
EC:2.3.1.181,-0.4778998226815296,1.0
EC:2.3.1.182,-0.789688392532212,1.0
EC:2.3.1.183,-0.1378547751564144,1.0
EC:2.3.1.184,0.0659296067467263,1.0
EC:2.3.1.187,0.8282119625339865,1.0
EC:2.3.1.189,-0.4328546745772703,1.0
EC:2.3.1.19,-0.7270137032209423,1.0
EC:2.3.1.191,-0.7888289371475696,1.0
EC:2.3.1.193,-0.6552188008739708,1.0
EC:2.3.1.20,0.745902193749559,1.0
EC:2.3.1.201,-2.1174421482765293,0.122044228930771
EC:2.3.1.203,-0.5285105663788048,1.0
EC:2.3.1.204,0.966948929213178,1.0
EC:2.3.1.207,0.8967974839321731,1.0
EC:2.3.1.210,-0.6595817469205831,1.0
EC:2.3.1.222,-1.0987262225697227,1.0
EC:2.3.1.223,-0.4389905286831181,1.0
EC:2.3.1.233,0.1140666208247263,1.0
EC:2.3.1.234,0.158974841786062,1.0
EC:2.3.1.235,0.0592938611622075,1.0
EC:2.3.1.241,-0.4710791637791047,1.0
EC:2.3.1.242,-0.5915711191091735,1.0
EC:2.3.1.243,-0.6595817469205831,1.0
EC:2.3.1.28,-1.6421339889538702,0.0547439364531944
EC:2.3.1.29,-0.5097990762619984,1.0
EC:2.3.1.30,-0.0194351692832398,1.0
EC:2.3.1.31,0.8394871376801478,1.0
EC:2.3.1.35,-0.9855927304993092,1.0
EC:2.3.1.39,0.2418424276917311,1.0
EC:2.3.1.40,-0.3595430871523823,1.0
EC:2.3.1.41,-0.3790807244478469,1.0
EC:2.3.1.46,-0.4099680518997477,1.0
EC:2.3.1.47,0.2783147789407443,1.0
EC:2.3.1.51,-0.0546206642080903,1.0
EC:2.3.1.54,-0.1041849608225768,1.0
EC:2.3.1.57,0.4722913710971995,1.0
EC:2.3.1.59,-0.830837261827071,1.0
EC:2.3.1.61,0.7660676516459617,1.0
EC:2.3.1.79,-0.4423579375486786,1.0
EC:2.3.1.8,0.009091860312126,1.0
EC:2.3.1.81,-0.2968269093568012,1.0
EC:2.3.1.82,-0.6109124136557655,1.0
EC:2.3.1.89,0.7494901942305457,1.0
EC:2.3.1.9,0.5914775960277583,1.0
EC:2.3.2.10,-1.0774678267516573,1.0
EC:2.3.2.13,-1.3980899107030416,1.0
EC:2.3.2.16,1.5999775858656506,1.0
EC:2.3.2.17,0.0770424358085843,1.0
EC:2.3.2.18,2.247752862196177,0.8853463987016948
EC:2.3.2.2,0.0913845478849557,1.0
EC:2.3.2.3,1.201842232489072,1.0
EC:2.3.2.5,0.0409636497438368,1.0
EC:2.3.2.6,-1.3675366958351374,1.0
EC:2.3.2.8,0.8362599852724636,1.0
EC:2.3.3.1,-0.704216680595799,1.0
EC:2.3.3.10,1.0494130667458743,1.0
EC:2.3.3.13,-0.4741096212985989,1.0
EC:2.3.3.14,-2.302575273640785,0.0242095898996567
EC:2.3.3.5,-0.5548947882473263,1.0
EC:2.3.3.9,-0.4335390119984585,1.0
EC:2.4.1.1,-0.6837260530107656,1.0
EC:2.4.1.10,-0.4796007526671622,1.0
EC:2.4.1.109,0.3545383490479903,1.0
EC:2.4.1.11,-0.9764471771502186,1.0
EC:2.4.1.117,0.4098496924689984,1.0
EC:2.4.1.12,-0.4955274437396089,1.0
EC:2.4.1.129,-0.3120726947954197,1.0
EC:2.4.1.144,-0.1967850612676152,1.0
EC:2.4.1.15,-0.2780945514229425,1.0
EC:2.4.1.18,-0.796715237084747,1.0
EC:2.4.1.180,-0.8109511196295647,1.0
EC:2.4.1.182,-0.6991922331765019,1.0
EC:2.4.1.187,-0.3790682275432009,1.0
EC:2.4.1.20,-1.8664037137636669,0.6697642309170173
EC:2.4.1.208,-0.7595835067973404,1.0
EC:2.4.1.21,-0.7815488862349791,1.0
EC:2.4.1.211,-3.016619496686342,5.5202106245593015e-08
EC:2.4.1.212,-0.9456224744335088,1.0
EC:2.4.1.216,-0.392521577590784,1.0
EC:2.4.1.227,0.1770847124885139,1.0
EC:2.4.1.230,-2.1577478062281528,0.1727692268749961
EC:2.4.1.247,-0.49299132797494,1.0
EC:2.4.1.25,-1.3953287122858122,0.000985150318612793
EC:2.4.1.250,-0.3585419101109677,1.0
EC:2.4.1.266,-0.2968912076078094,1.0
EC:2.4.1.280,-1.6239279643368327,1.0
EC:2.4.1.281,-1.4124054849044985,1.0
EC:2.4.1.287,-1.1808047280253402,1.0
EC:2.4.1.288,-1.2678753379457062,1.0
EC:2.4.1.289,-0.7150876581212433,1.0
EC:2.4.1.290,0.75973889370815,1.0
EC:2.4.1.291,0.030819871580945,1.0
EC:2.4.1.292,0.7242118264388137,1.0
EC:2.4.1.310,-0.55989640044419,1.0
EC:2.4.1.315,-0.8951569149455256,1.0
EC:2.4.1.319,-1.3479499162430535,1.0
EC:2.4.1.320,-1.4545230948173544,1.0
EC:2.4.1.325,-0.6595817469205831,1.0
EC:2.4.1.4,-3.0234410652590635,1.6093098129507428e-06
EC:2.4.1.44,-0.0201802861451821,1.0
EC:2.4.1.5,-3.84689437059475,1.741138377328433e-07
EC:2.4.1.52,1.3284291810106663,1.0
EC:2.4.1.57,-0.3585419101109677,1.0
EC:2.4.1.58,-0.4604359898847061,1.0
EC:2.4.1.64,-1.325133690940088,1.0
EC:2.4.1.7,-1.1389897939447746,1.0
EC:2.4.1.8,0.8100876633269315,1.0
EC:2.4.1.80,-1.880380501531075,0.303976138543832
EC:2.4.1.83,-1.3187739409926929,0.3696743629725559
EC:2.4.2.1,0.1580882960123595,1.0
EC:2.4.2.10,-0.025141542343699,1.0
EC:2.4.2.12,-1.155501062565599,1.0
EC:2.4.2.14,-0.053490650360161,1.0
EC:2.4.2.17,-0.5348795659887293,1.0
EC:2.4.2.18,-0.0494224209935522,1.0
EC:2.4.2.19,-1.8622981274801136,8.578107170217471e-07
EC:2.4.2.2,0.2226957439413904,1.0
EC:2.4.2.21,-1.632209933497665,0.0004522541304785986
EC:2.4.2.22,0.2307717652486025,1.0
EC:2.4.2.28,-1.0198495229185385,1.0
EC:2.4.2.29,0.1349581462567269,1.0
EC:2.4.2.3,-1.429925014491476,0.1568026451281085
EC:2.4.2.4,-0.2881911800056809,1.0
EC:2.4.2.43,-0.5094809551077886,1.0
EC:2.4.2.45,-0.2519392849448408,1.0
EC:2.4.2.46,-1.1806498732122062,1.0
EC:2.4.2.47,0.3734653042166565,1.0
EC:2.4.2.52,0.146855219926319,1.0
EC:2.4.2.53,-2.1362143713387227,0.0051743910287656
EC:2.4.2.6,0.2172143169850945,1.0
EC:2.4.2.7,0.3379600702612724,1.0
EC:2.4.2.8,0.1761803933997615,1.0
EC:2.4.2.9,0.3591659752354257,1.0
EC:2.4.99.12,-0.6545875256034162,1.0
EC:2.4.99.13,-0.6806673881352163,1.0
EC:2.4.99.14,-0.6557929165486092,1.0
EC:2.4.99.15,-0.6920342583053662,1.0
EC:2.4.99.16,-0.3937761808799627,1.0
EC:2.4.99.17,0.1644162271139467,1.0
EC:2.4.99.19,0.7364200788255593,1.0
EC:2.5.1.1,0.1686354445650364,1.0
EC:2.5.1.10,0.1703483872443163,1.0
EC:2.5.1.101,-1.2095750158765743,1.0
EC:2.5.1.105,-2.584345430420916,2.195986212829609e-07
EC:2.5.1.120,-0.2748574724076493,1.0
EC:2.5.1.15,-0.3131415340005552,1.0
EC:2.5.1.16,-1.4392176666609275,0.0009251423703914196
EC:2.5.1.17,-1.2987073969205871,0.0113523816884982
EC:2.5.1.18,-0.8987770688648871,1.0
EC:2.5.1.19,-0.0991575300538182,1.0
EC:2.5.1.21,0.1634707432909278,1.0
EC:2.5.1.26,-0.3726653413175294,1.0
EC:2.5.1.29,0.0342826488542857,1.0
EC:2.5.1.3,-0.3668006024429062,1.0
EC:2.5.1.30,0.0665445131323436,1.0
EC:2.5.1.31,0.146399147326366,1.0
EC:2.5.1.32,-0.2472776076690445,1.0
EC:2.5.1.39,-0.898508676584642,1.0
EC:2.5.1.46,0.6759635414356282,1.0
EC:2.5.1.47,0.1794470624322613,1.0
EC:2.5.1.48,0.6789767122875973,1.0
EC:2.5.1.49,-1.243541906089197,0.0268963795803902
EC:2.5.1.54,-0.3917683206225897,1.0
EC:2.5.1.55,-0.5993820070399869,1.0
EC:2.5.1.56,-1.719844975003499,0.820560449213964
EC:2.5.1.57,-0.1826368598087075,1.0
EC:2.5.1.6,-0.0044837846234555,1.0
EC:2.5.1.61,-0.6691386020807626,1.0
EC:2.5.1.68,-0.358543691344054,1.0
EC:2.5.1.7,0.196318259056876,1.0
EC:2.5.1.72,-1.894614644268946,7.981841013930028e-07
EC:2.5.1.74,1.1407359410931368,1.0
EC:2.5.1.75,0.193386543671354,1.0
EC:2.5.1.76,0.183362731245931,1.0
EC:2.5.1.78,-0.0488876330149818,1.0
EC:2.5.1.9,-0.0890682805158502,1.0
EC:2.5.1.90,-0.6431677951550674,1.0
EC:2.5.1.97,-0.8824755686923005,1.0
EC:2.6.1.1,-1.605660035318944,0.000364573561241886
EC:2.6.1.102,-1.1974281261845612,1.0
EC:2.6.1.103,0.0089026170503493,1.0
EC:2.6.1.11,-0.6204219167751868,1.0
EC:2.6.1.13,0.8493397841782256,1.0
EC:2.6.1.16,0.0749145191403335,1.0
EC:2.6.1.17,-1.9029584201389211,1.9527666820109913e-08
EC:2.6.1.18,0.9874057240466249,1.0
EC:2.6.1.19,0.6355533936371421,1.0
EC:2.6.1.2,-0.8648014641129462,1.0
EC:2.6.1.21,0.3623530479602697,1.0
EC:2.6.1.22,-0.855341421704396,1.0
EC:2.6.1.34,0.75973889370815,1.0
EC:2.6.1.37,-1.2976412551214225,1.0
EC:2.6.1.42,0.0862381969145981,1.0
EC:2.6.1.52,-1.0118097375417174,0.1542942456007326
EC:2.6.1.55,-0.7487950554896674,1.0
EC:2.6.1.57,-1.079881940202568,1.0
EC:2.6.1.59,-1.97533693090402,0.0118181441655423
EC:2.6.1.62,-0.170913370392249,1.0
EC:2.6.1.66,-0.7734492270797186,1.0
EC:2.6.1.76,-0.2011765671954535,1.0
EC:2.6.1.81,-0.6044071780084319,1.0
EC:2.6.1.82,-0.2456133623171891,1.0
EC:2.6.1.83,-2.1787562314757305,2.6239695023839124e-05
EC:2.6.1.85,-0.1593815372062407,1.0
EC:2.6.1.86,-0.0064897612149873,1.0
EC:2.6.1.87,-0.5126351229231572,1.0
EC:2.6.1.9,-0.1707706346148811,1.0
EC:2.6.99.2,-0.8825363190722137,1.0
EC:2.7.1.1,-0.5450034717219152,1.0
EC:2.7.1.100,-0.3930033991406965,1.0
EC:2.7.1.107,0.3804125057380942,1.0
EC:2.7.1.11,-0.3322738863193641,1.0
EC:2.7.1.113,0.497532872258948,1.0
EC:2.7.1.119,-0.4007152302807846,1.0
EC:2.7.1.12,1.0898734880191412,1.0
EC:2.7.1.130,-0.6217610193323331,1.0
EC:2.7.1.14,-1.690463710988825,1.0
EC:2.7.1.144,0.7391222012056231,1.0
EC:2.7.1.146,-1.9442146631075,1.0
EC:2.7.1.147,-1.955411377305824,1.0
EC:2.7.1.148,0.0727931025825637,1.0
EC:2.7.1.15,0.0406132958383615,1.0
EC:2.7.1.156,-1.7366472747492434,0.00011503580475895064
EC:2.7.1.16,0.4495047914176656,1.0
EC:2.7.1.165,-0.1691500773050095,1.0
EC:2.7.1.167,-0.6811244526125033,1.0
EC:2.7.1.168,-0.946867008967091,1.0
EC:2.7.1.17,-0.4590261794587984,1.0
EC:2.7.1.170,-0.5138254604408572,1.0
EC:2.7.1.175,-0.3955972467362501,1.0
EC:2.7.1.176,-0.2603803899391794,1.0
EC:2.7.1.177,-1.24197462730328,1.0
EC:2.7.1.184,-1.3793318029728905,1.0
EC:2.7.1.19,-0.5601010298735383,1.0
EC:2.7.1.2,0.0316033244992024,1.0
EC:2.7.1.20,-1.592296742448792,1.0
EC:2.7.1.21,0.6392892119995589,1.0
EC:2.7.1.22,-0.8978970756186451,1.0
EC:2.7.1.23,0.1739251436187912,1.0
EC:2.7.1.24,0.1808343535973875,1.0
EC:2.7.1.25,0.7484597630926915,1.0
EC:2.7.1.26,0.1583887348836798,1.0
EC:2.7.1.27,-0.337571592428767,1.0
EC:2.7.1.29,-0.9690666624139967,1.0
EC:2.7.1.30,0.0259821267040792,1.0
EC:2.7.1.31,0.0551257691058469,1.0
EC:2.7.1.33,0.1745006536158974,1.0
EC:2.7.1.35,0.428344339528134,1.0
EC:2.7.1.36,1.04981077818252,1.0
EC:2.7.1.37,0.6265944911362831,1.0
EC:2.7.1.39,0.2862954640424052,1.0
EC:2.7.1.4,-0.092049037258967,1.0
EC:2.7.1.40,0.1552766314807678,1.0
EC:2.7.1.45,-0.5389396598867793,1.0
EC:2.7.1.48,0.0332148450769672,1.0
EC:2.7.1.49,0.1188747111551837,1.0
EC:2.7.1.5,-0.7402362357044698,1.0
EC:2.7.1.50,-0.2953063944984357,1.0
EC:2.7.1.51,-2.4099440659192037,1.9194929101634874e-06
EC:2.7.1.52,-2.0001971654920947,1.0
EC:2.7.1.53,-1.0148582234829822,1.0
EC:2.7.1.55,-1.179100296474384,1.0
EC:2.7.1.56,0.158508652959855,1.0
EC:2.7.1.58,-0.8289221869170746,1.0
EC:2.7.1.59,-0.6885688160036232,1.0
EC:2.7.1.6,-0.3184506612507052,1.0
EC:2.7.1.60,-0.7176899667044505,1.0
EC:2.7.1.63,-0.1906084692745442,1.0
EC:2.7.1.66,0.9427051893011976,1.0
EC:2.7.1.69,0.261590288163638,1.0
EC:2.7.1.71,-0.2480120850646702,1.0
EC:2.7.1.72,-0.5883552008573107,1.0
EC:2.7.1.73,-0.5872081730625609,1.0
EC:2.7.1.74,0.497532872258948,1.0
EC:2.7.1.76,0.9067727896274294,1.0
EC:2.7.1.8,0.9153412189967576,1.0
EC:2.7.1.83,-1.9417737875120376,0.0190303168119285
EC:2.7.1.85,0.6433399597033509,1.0
EC:2.7.1.87,-1.0688732237347376,1.0
EC:2.7.1.89,-0.5915711191091735,1.0
EC:2.7.1.90,-0.8264816914222783,1.0
EC:2.7.1.92,-1.2750298410655585,1.0
EC:2.7.1.95,-0.4022429790023478,1.0
EC:2.7.11.1,-0.1996589194946476,1.0
EC:2.7.11.5,-0.583481223630878,1.0
EC:2.7.13.3,0.1400816699596525,1.0
EC:2.7.14.1,-0.3328228578569421,1.0
EC:2.7.2.1,0.1519087616981196,1.0
EC:2.7.2.11,-0.2000755356385835,1.0
EC:2.7.2.15,-0.3311256291235027,1.0
EC:2.7.2.2,-0.1943908024716084,1.0
EC:2.7.2.3,0.1738260365467715,1.0
EC:2.7.2.4,0.1303697754135846,1.0
EC:2.7.2.7,-0.951751695554444,1.0
EC:2.7.2.8,-0.5652545906553108,1.0
EC:2.7.3.9,0.0125830942715717,1.0
EC:2.7.4.1,-0.5033423782530169,1.0
EC:2.7.4.14,-0.113579287980167,1.0
EC:2.7.4.16,-0.567181100869383,1.0
EC:2.7.4.2,1.0500798563322629,1.0
EC:2.7.4.22,0.177317624532398,1.0
EC:2.7.4.23,-0.4964983635335043,1.0
EC:2.7.4.3,0.1773434358116323,1.0
EC:2.7.4.6,0.849908846779705,1.0
EC:2.7.4.7,0.1137028753498959,1.0
EC:2.7.4.8,0.2479046766013791,1.0
EC:2.7.4.9,0.5118843954049974,1.0
EC:2.7.6.1,0.0786307889767666,1.0
EC:2.7.6.2,0.0273419773051606,1.0
EC:2.7.6.3,-0.3356860456681096,1.0
EC:2.7.6.5,-0.0505532436645235,1.0
EC:2.7.7.1,-2.4640760687027488,0.0023927446257532
EC:2.7.7.12,-0.3491532274247761,1.0
EC:2.7.7.13,-1.110247297251157,1.0
EC:2.7.7.15,-0.8249464739508758,1.0
EC:2.7.7.18,0.1718905771400858,1.0
EC:2.7.7.19,-0.644057928615086,1.0
EC:2.7.7.2,0.1679699897128554,1.0
EC:2.7.7.23,0.6832449391311404,1.0
EC:2.7.7.24,-0.2473812400268061,1.0
EC:2.7.7.27,-0.973888042036214,1.0
EC:2.7.7.3,0.1745394907199032,1.0
EC:2.7.7.33,-1.5899538154646429,0.5734567790799777
EC:2.7.7.38,-0.671883298109067,1.0
EC:2.7.7.39,-0.3280098802225153,1.0
EC:2.7.7.4,-0.220322341481734,1.0
EC:2.7.7.41,0.1836071924336213,1.0
EC:2.7.7.42,-0.3906648259334988,1.0
EC:2.7.7.43,-1.0312594265133836,1.0
EC:2.7.7.47,-0.3023342590847269,1.0
EC:2.7.7.49,-0.9695796393376744,1.0
EC:2.7.7.53,-0.2973585727015313,1.0
EC:2.7.7.56,-1.2654689788050546,0.2827111582915189
EC:2.7.7.58,-0.4266939903412876,1.0
EC:2.7.7.59,-0.3868103037157495,1.0
EC:2.7.7.6,0.1767751105481292,1.0
EC:2.7.7.60,-0.3114406491950545,1.0
EC:2.7.7.61,-0.3403412367498559,1.0
EC:2.7.7.62,-1.750643217772851,8.56400571362941e-05
EC:2.7.7.63,0.8619099036898249,1.0
EC:2.7.7.65,0.8213086518386035,1.0
EC:2.7.7.66,0.830569085146102,1.0
EC:2.7.7.68,-0.3658959180971723,1.0
EC:2.7.7.7,0.1735842318086861,1.0
EC:2.7.7.70,-0.6820134052605542,1.0
EC:2.7.7.71,-2.139315708957794,0.0526748229438284
EC:2.7.7.72,0.0847048990499724,1.0
EC:2.7.7.73,-1.5940621183932362,0.0727527163365211
EC:2.7.7.75,-0.4935746672146524,1.0
EC:2.7.7.76,-1.9170348385756053,0.0002012278045095508
EC:2.7.7.77,-0.1679165877687882,1.0
EC:2.7.7.8,-0.1650949133549256,1.0
EC:2.7.7.82,-1.021207414246869,1.0
EC:2.7.7.83,-1.4714550351100537,1.0
EC:2.7.7.85,-0.086693419646788,1.0
EC:2.7.7.87,0.1765661666045506,1.0
EC:2.7.7.9,0.6670483372361304,1.0
EC:2.7.8.12,-0.8400259000660095,1.0
EC:2.7.8.13,0.1182982073282634,1.0
EC:2.7.8.14,-0.9690502230525404,1.0
EC:2.7.8.20,0.2100815095661821,1.0
EC:2.7.8.26,-1.6723897112098638,0.0002645107490115375
EC:2.7.8.28,-0.351995264205353,1.0
EC:2.7.8.33,0.4553387941464654,1.0
EC:2.7.8.36,0.1828064560268907,1.0
EC:2.7.8.37,-0.9569831491536168,1.0
EC:2.7.8.41,-1.920155096490903,0.0129123137332639
EC:2.7.8.5,0.1785778678417783,1.0
EC:2.7.8.6,-2.3026698727095463,0.0023516219627594
EC:2.7.8.7,0.556118762273208,1.0
EC:2.7.8.8,-1.653410933087239,1.3017118887293687e-05
EC:2.7.9.1,-0.4641890721554844,1.0
EC:2.7.9.2,-0.3420136878123256,1.0
EC:2.7.9.3,-1.5848671939803345,0.0001277446709485866
EC:2.8.1.1,-0.6781077838112735,1.0
EC:2.8.1.10,-0.6705662564162638,1.0
EC:2.8.1.12,1.6454588799011522,0.5404987114074788
EC:2.8.1.2,-0.794164009429847,1.0
EC:2.8.1.6,-0.934521975590473,1.0
EC:2.8.1.7,0.2278970266259898,1.0
EC:2.8.1.8,0.4483737334602162,1.0
EC:2.8.2.22,0.0821215131204485,1.0
EC:2.8.3.1,-2.58658260925658,0.0006057447552304744
EC:2.8.3.10,-0.307077729353999,1.0
EC:2.8.3.12,-2.204104240288059,0.0636835767699793
EC:2.8.3.15,-0.561865483898851,1.0
EC:2.8.3.16,-0.0306249848344024,1.0
EC:2.8.3.17,0.4114551950852262,1.0
EC:2.8.3.18,-1.4421186660304866,1.0
EC:2.8.3.19,-0.3864891016870089,1.0
EC:2.8.3.21,-1.5137793111216649,1.0
EC:2.8.3.5,-1.864465445802176,0.0047696106220858
EC:2.8.3.6,0.5037609814721168,1.0
EC:2.8.3.8,-0.9441340044912712,1.0
EC:2.8.3.9,-1.019716377167266,1.0
EC:2.8.4.3,-0.8472294753784653,1.0
EC:2.8.4.4,-1.7443788467686328,6.81861367400087e-05
EC:2.8.4.5,-1.3303051913794717,0.4311366290825364
EC:2.9.1.1,-0.3834460833423621,1.0
EC:3.1.1.1,1.5464915366394294,0.772707336055817
EC:3.1.1.11,0.1930367240644978,1.0
EC:3.1.1.17,-0.8045996855786888,1.0
EC:3.1.1.24,0.0284505658944217,1.0
EC:3.1.1.29,0.1773440099946059,1.0
EC:3.1.1.3,0.6453192151487848,1.0
EC:3.1.1.31,-0.0413016137970085,1.0
EC:3.1.1.32,-0.680100545799948,1.0
EC:3.1.1.4,-0.6685359024666881,1.0
EC:3.1.1.41,-0.3467750156077263,1.0
EC:3.1.1.45,-0.5273203773479105,1.0
EC:3.1.1.5,-1.196829147680088,1.0
EC:3.1.1.53,-1.380144577172961,1.0
EC:3.1.1.57,-0.4684790107502179,1.0
EC:3.1.1.61,-0.9790221263489594,1.0
EC:3.1.1.73,-0.6082764530045532,1.0
EC:3.1.1.74,-0.7029084941112043,1.0
EC:3.1.1.75,0.9438103432355732,1.0
EC:3.1.1.85,-0.7140320128220332,1.0
EC:3.1.11.1,-0.8891830780575176,1.0
EC:3.1.11.2,-0.1112498482131734,1.0
EC:3.1.11.5,0.166463487348303,1.0
EC:3.1.11.6,0.1745862081038608,1.0
EC:3.1.12.1,-1.714408274544346,0.034293747670466
EC:3.1.13.1,-0.7548160649416267,1.0
EC:3.1.13.3,0.0545440564792308,1.0
EC:3.1.13.5,-0.3351746799932082,1.0
EC:3.1.2.12,-0.5280373280810111,1.0
EC:3.1.2.20,0.2182906839114264,1.0
EC:3.1.2.21,0.53584026855292,1.0
EC:3.1.2.23,0.998197314353186,1.0
EC:3.1.2.26,-0.8155112976265524,1.0
EC:3.1.2.28,-0.5576812100291315,1.0
EC:3.1.2.6,-0.4750133983496776,1.0
EC:3.1.21.1,-0.7245315809886816,1.0
EC:3.1.21.2,0.041334116720845,1.0
EC:3.1.21.3,0.0275351636674803,1.0
EC:3.1.21.4,-1.0718990281150356,1.0
EC:3.1.21.5,-0.2369400590383295,1.0
EC:3.1.21.7,-0.4087305340380807,1.0
EC:3.1.22.4,-0.8233390219424668,1.0
EC:3.1.26.11,0.0297676246371696,1.0
EC:3.1.26.12,-0.3138012886442618,1.0
EC:3.1.26.3,0.1752432927005855,1.0
EC:3.1.26.4,0.2568689139494247,1.0
EC:3.1.26.5,0.1874453776478249,1.0
EC:3.1.26.8,0.5237930848337149,1.0
EC:3.1.27.1,0.5439006297376209,1.0
EC:3.1.27.3,-0.653155799395013,1.0
EC:3.1.27.6,-0.5826776433418985,1.0
EC:3.1.3.1,-0.0814748256601771,1.0
EC:3.1.3.10,-0.5192005330980298,1.0
EC:3.1.3.11,0.1984012161783926,1.0
EC:3.1.3.12,-0.3638970852537169,1.0
EC:3.1.3.15,-0.5951379783363431,1.0
EC:3.1.3.16,-0.1018610099621503,1.0
EC:3.1.3.18,-0.6099904066601773,1.0
EC:3.1.3.2,-0.6703292412069375,1.0
EC:3.1.3.23,-0.2743459191974278,1.0
EC:3.1.3.25,0.1463299438742411,1.0
EC:3.1.3.26,-0.3189771328952009,1.0
EC:3.1.3.27,-0.6315120138914474,1.0
EC:3.1.3.3,-0.2746177388561319,1.0
EC:3.1.3.4,-0.752695851633941,1.0
EC:3.1.3.41,0.3554936201121737,1.0
EC:3.1.3.45,-0.5026824210350631,1.0
EC:3.1.3.48,0.110653103995703,1.0
EC:3.1.3.5,-0.6301118494251166,1.0
EC:3.1.3.6,0.1092959474038895,1.0
EC:3.1.3.7,0.2031545719341421,1.0
EC:3.1.3.70,-0.32903711934019,1.0
EC:3.1.3.71,-1.3213430545829858,1.0
EC:3.1.3.73,-1.6817496862864978,0.0004806403693944977
EC:3.1.3.77,0.1410931521616951,1.0
EC:3.1.3.8,0.5641516264028322,1.0
EC:3.1.3.81,-0.752695851633941,1.0
EC:3.1.3.82,-0.2149659884417266,1.0
EC:3.1.3.83,-0.2223200213245502,1.0
EC:3.1.3.89,-1.3733691771653187,1.0
EC:3.1.3.90,-0.3135880237722448,1.0
EC:3.1.31.1,0.2470989032574302,1.0
EC:3.1.4.14,-0.5915711191091735,1.0
EC:3.1.4.16,0.1312076506392182,1.0
EC:3.1.4.17,0.894287974817188,1.0
EC:3.1.4.3,0.2090972101685454,1.0
EC:3.1.4.37,0.6265944911362831,1.0
EC:3.1.4.46,0.5909242502847393,1.0
EC:3.1.4.52,-0.6351605959938249,1.0
EC:3.1.4.55,-1.072984053083076,1.0
EC:3.1.5.1,-1.6063733631025523,3.5708617005942924e-05
EC:3.1.6.1,-1.0141129128678288,1.0
EC:3.1.6.12,-0.0135844236714141,1.0
EC:3.1.6.6,-1.6840738401770392,1.0
EC:3.1.6.8,-0.2718183744718443,1.0
EC:3.1.7.2,-0.4646923328089505,1.0
EC:3.11.1.1,-1.269939154060065,1.0
EC:3.11.1.2,-0.1351139153193846,1.0
EC:3.13.1.1,-0.5342916219627478,1.0
EC:3.2.1.1,-0.2995218795545948,1.0
EC:3.2.1.10,-1.2315796592865578,0.8542142006795219
EC:3.2.1.11,-1.719066350093866,1.0
EC:3.2.1.122,0.5404414997230245,1.0
EC:3.2.1.130,-0.1209212057820156,1.0
EC:3.2.1.132,0.332695085424962,1.0
EC:3.2.1.135,0.0024337720688417,1.0
EC:3.2.1.136,-0.6443433155742135,1.0
EC:3.2.1.139,-1.5507124963958518,1.0
EC:3.2.1.14,-0.5994511998997507,1.0
EC:3.2.1.141,-0.4340312663048429,1.0
EC:3.2.1.156,-1.490921768117509,1.0
EC:3.2.1.164,0.4554527060107639,1.0
EC:3.2.1.165,0.0096592075649551,1.0
EC:3.2.1.17,-0.3492477822795399,1.0
EC:3.2.1.170,0.632290468531926,1.0
EC:3.2.1.172,-0.7629811998022746,1.0
EC:3.2.1.177,-1.0651029891140755,1.0
EC:3.2.1.18,-1.544245014567819,1.0
EC:3.2.1.180,-0.3385646264744397,1.0
EC:3.2.1.183,-0.3046890217264479,1.0
EC:3.2.1.184,-1.3740588392407465,1.0
EC:3.2.1.20,-0.0817172962250002,1.0
EC:3.2.1.21,-0.781404216412134,1.0
EC:3.2.1.22,-0.5087115217567486,1.0
EC:3.2.1.23,-0.4553421675514508,1.0
EC:3.2.1.24,-0.7040803001628226,1.0
EC:3.2.1.25,-1.9492971859342227,0.0030906034785755
EC:3.2.1.26,-0.2535829040569719,1.0
EC:3.2.1.28,-0.8310769317348352,1.0
EC:3.2.1.31,-0.0563455946825012,1.0
EC:3.2.1.35,-2.739080363803787,0.0027602008457499
EC:3.2.1.37,-1.3974277099314492,1.0
EC:3.2.1.4,-1.6552794996522446,0.008018085840896
EC:3.2.1.40,-0.9197177173384716,1.0
EC:3.2.1.41,-0.8507420455725037,1.0
EC:3.2.1.45,0.1590182887523938,1.0
EC:3.2.1.50,-1.1887316837175117,1.0
EC:3.2.1.51,-0.9679378756035004,1.0
EC:3.2.1.52,-0.4151864266269658,1.0
EC:3.2.1.55,-1.482456153514626,1.0
EC:3.2.1.58,-0.3479565283575376,1.0
EC:3.2.1.64,-2.256603959350296,0.3062604706749696
EC:3.2.1.65,-0.3426348911598271,1.0
EC:3.2.1.70,-0.4585792883016999,1.0
EC:3.2.1.73,-1.0031105797268096,1.0
EC:3.2.1.78,-1.2519488209581164,1.0
EC:3.2.1.8,-0.8867630581509882,1.0
EC:3.2.1.80,-2.2885042948556062,0.0791699655215452
EC:3.2.1.82,-0.1599031106884455,1.0
EC:3.2.1.85,1.33323214406457,1.0
EC:3.2.1.86,-0.125108502565585,1.0
EC:3.2.1.89,-0.1417703919737118,1.0
EC:3.2.1.91,-0.4599689004314953,1.0
EC:3.2.1.93,0.2642605637971633,1.0
EC:3.2.1.96,1.5019709323644874,1.0
EC:3.2.1.97,-0.7650802679312965,1.0
EC:3.2.1.99,-0.6179695554649633,1.0
EC:3.2.2.1,-0.4256626690448482,1.0
EC:3.2.2.20,0.597717045388301,1.0
EC:3.2.2.21,1.0504913941303191,1.0
EC:3.2.2.23,0.665074611358184,1.0
EC:3.2.2.26,0.0894064671987587,1.0
EC:3.2.2.27,0.2088368249442292,1.0
EC:3.2.2.30,0.8115077822454,1.0
EC:3.2.2.4,-0.7353066192332085,1.0
EC:3.2.2.8,-1.0147275568122465,1.0
EC:3.2.2.9,0.1436797280153436,1.0
EC:3.3.1.1,-1.3601602690597852,1.0
EC:3.3.2.1,-0.8409739118833601,1.0
EC:3.3.2.12,-0.5502661867998662,1.0
EC:3.3.2.8,-0.5793091664368613,1.0
EC:3.3.2.9,-0.7110084524219675,1.0
EC:3.4.11.1,-0.508133270319707,1.0
EC:3.4.11.10,0.4909111927956836,1.0
EC:3.4.11.14,1.41413104982766,1.0
EC:3.4.11.18,0.0241278131401887,1.0
EC:3.4.11.19,-0.9266857140436088,1.0
EC:3.4.11.2,0.3732249697361419,1.0
EC:3.4.11.21,-2.4232146009379263,4.520848585252245e-08
EC:3.4.11.23,-0.6552188008739708,1.0
EC:3.4.11.24,0.3593070778516228,1.0
EC:3.4.11.4,0.4261507231003137,1.0
EC:3.4.11.5,-0.1911696306236977,1.0
EC:3.4.11.6,0.5889259982417541,1.0
EC:3.4.11.7,0.920664271664094,1.0
EC:3.4.11.9,0.1820457493189553,1.0
EC:3.4.13.19,-2.136983716002214,4.920592696664549e-07
EC:3.4.13.21,-0.8995931236226471,1.0
EC:3.4.13.22,0.0471719684494331,1.0
EC:3.4.13.9,0.4691691977246636,1.0
EC:3.4.14.11,0.2223723175639811,1.0
EC:3.4.14.4,-0.5593245254202002,1.0
EC:3.4.14.5,-0.6213094238080326,1.0
EC:3.4.15.5,-0.7956717449595394,1.0
EC:3.4.15.6,-2.0753747283737423,0.3661776355254423
EC:3.4.16.4,-0.4910556122189164,1.0
EC:3.4.17.11,-1.1668885738350756,1.0
EC:3.4.17.13,-0.8811897750594708,1.0
EC:3.4.17.14,-0.3406847239333463,1.0
EC:3.4.17.18,-0.051295435478031,1.0
EC:3.4.17.19,-0.4077324049143203,1.0
EC:3.4.19.1,-2.1463314232729305,0.1229499845922132
EC:3.4.19.11,-2.844724728912384,5.147302590736826e-07
EC:3.4.19.12,0.2111455331199615,1.0
EC:3.4.19.13,0.0758996987193852,1.0
EC:3.4.19.3,0.6154415807003328,1.0
EC:3.4.19.5,-0.6140454966718087,1.0
EC:3.4.21.102,-0.116084978750287,1.0
EC:3.4.21.105,-0.1829927879371841,1.0
EC:3.4.21.107,-0.6873093170230609,1.0
EC:3.4.21.116,-2.9698819834091514,3.344237695202642e-09
EC:3.4.21.19,2.3440272442006,0.5404987114074788
EC:3.4.21.26,-0.7386781701325296,1.0
EC:3.4.21.53,-1.3951224168620953,0.0052889601257722
EC:3.4.21.66,-0.1641309954304081,1.0
EC:3.4.21.81,-0.2616805880522115,1.0
EC:3.4.21.83,-0.4922640321177549,1.0
EC:3.4.21.88,-0.0090617828565904,1.0
EC:3.4.21.89,0.0035969507871157,1.0
EC:3.4.21.92,0.1157998840915542,1.0
EC:3.4.21.96,-0.2732089577861554,1.0
EC:3.4.22.40,0.629656310703708,1.0
EC:3.4.22.48,2.340526361870638,0.5624397069384761
EC:3.4.22.70,-0.4320571704340048,1.0
EC:3.4.22.8,-0.0701144689056941,1.0
EC:3.4.23.36,0.1128025051688026,1.0
EC:3.4.23.43,-0.1080734388318895,1.0
EC:3.4.23.51,-0.4318461676742537,1.0
EC:3.4.24.13,-0.8703055601774845,1.0
EC:3.4.24.28,0.7067299940045814,1.0
EC:3.4.24.29,1.883460368583186,1.0
EC:3.4.24.3,-0.3197396464820379,1.0
EC:3.4.24.30,0.3536252172265652,1.0
EC:3.4.24.55,-0.6552188008739708,1.0
EC:3.4.24.69,0.5750379265208851,1.0
EC:3.4.24.70,-0.7498800341427683,1.0
EC:3.4.24.77,0.0912852204031261,1.0
EC:3.4.24.78,-2.961789653648492,3.720014996899883e-09
EC:3.4.24.84,0.4954851802004105,1.0
EC:3.4.25.1,-0.465226102902001,1.0
EC:3.4.25.2,1.4505625967323916,1.0
EC:3.5.1.1,0.3074463577868433,1.0
EC:3.5.1.10,-0.4254809375037665,1.0
EC:3.5.1.101,0.0377670961184478,1.0
EC:3.5.1.103,-0.3585419101109677,1.0
EC:3.5.1.105,-0.6348473282379754,1.0
EC:3.5.1.106,-0.6811456060013934,1.0
EC:3.5.1.108,-0.6975426144127417,1.0
EC:3.5.1.11,-0.5301614418821943,1.0
EC:3.5.1.110,-0.6578874585461449,1.0
EC:3.5.1.115,-0.4846141028936253,1.0
EC:3.5.1.116,-0.6483100530555064,1.0
EC:3.5.1.118,-0.5895256036872458,1.0
EC:3.5.1.16,0.0737336842579702,1.0
EC:3.5.1.18,0.1408245938808388,1.0
EC:3.5.1.19,-0.3949252629452549,1.0
EC:3.5.1.2,-0.1490553547508072,1.0
EC:3.5.1.23,-0.5708715193045679,1.0
EC:3.5.1.24,0.2038798362534952,1.0
EC:3.5.1.25,0.2172739449619193,1.0
EC:3.5.1.26,-3.186540743413524,5.317499145114842e-07
EC:3.5.1.28,-0.2988463097447482,1.0
EC:3.5.1.32,-0.8283065922241193,1.0
EC:3.5.1.4,-0.1213090059823785,1.0
EC:3.5.1.42,-0.2210953938705446,1.0
EC:3.5.1.44,-2.235489665444676,0.0015702082267939
EC:3.5.1.46,0.1364062507740836,1.0
EC:3.5.1.47,0.2003424515400185,1.0
EC:3.5.1.49,-1.5465301116784125,1.0
EC:3.5.1.5,-0.7682691278400609,1.0
EC:3.5.1.53,-1.226439201414948,1.0
EC:3.5.1.54,-0.201638693915048,1.0
EC:3.5.1.56,0.4098496924689984,1.0
EC:3.5.1.59,-0.6930681826314005,1.0
EC:3.5.1.78,-0.5826776433418985,1.0
EC:3.5.1.81,-1.373055409741899,1.0
EC:3.5.1.86,0.6994648331691908,1.0
EC:3.5.1.87,-1.4719133205416828,0.0445552182234694
EC:3.5.1.88,0.109759737875236,1.0
EC:3.5.1.9,-2.4935032770470373,0.0002935636098991508
EC:3.5.1.90,-0.5686311236188117,1.0
EC:3.5.1.94,-0.6254208146214246,1.0
EC:3.5.1.96,-0.6139754258063834,1.0
EC:3.5.1.97,0.8361880433274057,1.0
EC:3.5.2.10,-1.961760828380965,1.6929532862355765e-06
EC:3.5.2.14,-1.1274933746532587,1.0
EC:3.5.2.17,-0.2694753681274531,1.0
EC:3.5.2.18,0.1078922323085587,1.0
EC:3.5.2.2,-2.1115431275402563,4.369779663668433e-08
EC:3.5.2.3,0.2874097612218996,1.0
EC:3.5.2.5,-1.6939600336903764,0.0433235785749876
EC:3.5.2.6,0.0282102864896066,1.0
EC:3.5.2.7,-0.9944791205920316,1.0
EC:3.5.2.9,-0.0692576626046047,1.0
EC:3.5.3.1,-1.3331262100076269,1.0
EC:3.5.3.11,-1.7398287902806358,0.0002045825700469789
EC:3.5.3.12,-1.434464813142005,0.9977251683893962
EC:3.5.3.13,0.4472596103434365,1.0
EC:3.5.3.15,0.5769075169081659,1.0
EC:3.5.3.18,-0.2959008826246627,1.0
EC:3.5.3.23,-0.6210007629089875,1.0
EC:3.5.3.26,-1.846085961456457,0.2901845531912708
EC:3.5.3.4,-0.5964126488037316,1.0
EC:3.5.3.6,1.0495850594027505,1.0
EC:3.5.3.7,0.442618199570961,1.0
EC:3.5.3.8,1.157864394172294,1.0
EC:3.5.3.9,-1.6350325093199682,0.2146175963748057
EC:3.5.4.1,-0.0221194807254911,1.0
EC:3.5.4.10,0.1698184894841808,1.0
EC:3.5.4.12,0.040024505937406,1.0
EC:3.5.4.13,-1.0246690350795695,1.0
EC:3.5.4.16,-0.3661213375797623,1.0
EC:3.5.4.19,-0.2830246685058,1.0
EC:3.5.4.2,-1.2611580376028182,0.021658992597809
EC:3.5.4.25,0.006642391901839,1.0
EC:3.5.4.26,-0.1747305855530528,1.0
EC:3.5.4.28,-0.6426291936513651,1.0
EC:3.5.4.3,-1.2485364974342754,0.0410015250385979
EC:3.5.4.31,-0.6155734483348643,1.0
EC:3.5.4.33,0.1658580937810209,1.0
EC:3.5.4.4,-0.5831867252232545,1.0
EC:3.5.4.40,0.0824181567109381,1.0
EC:3.5.4.5,0.1022339210139998,1.0
EC:3.5.4.9,0.1724561031086631,1.0
EC:3.5.5.1,-1.6350592745465184,1.0
EC:3.5.5.7,0.3963076975146321,1.0
EC:3.5.99.10,-0.4011744423248264,1.0
EC:3.5.99.2,0.6736632706639807,1.0
EC:3.5.99.3,-1.1037799888617994,1.0
EC:3.5.99.6,0.0776257846896188,1.0
EC:3.5.99.7,-0.906602055528481,1.0
EC:3.6.1.1,-0.0580812618987583,1.0
EC:3.6.1.11,0.0295073509398255,1.0
EC:3.6.1.13,0.1381000851321058,1.0
EC:3.6.1.15,-3.0106892524455744,3.912701683974659e-05
EC:3.6.1.22,-1.3383930875208163,0.0970488986644112
EC:3.6.1.23,-0.0299890847226936,1.0
EC:3.6.1.25,-0.5872081730625609,1.0
EC:3.6.1.26,-0.6114135306009625,1.0
EC:3.6.1.27,0.0732939024578794,1.0
EC:3.6.1.31,-0.2941410902340713,1.0
EC:3.6.1.40,-0.0603168766468407,1.0
EC:3.6.1.41,-0.8542768006867405,1.0
EC:3.6.1.45,-0.5303553003237327,1.0
EC:3.6.1.54,-0.6587728135918252,1.0
EC:3.6.1.55,0.0109808248636361,1.0
EC:3.6.1.63,-0.762180847296666,1.0
EC:3.6.1.65,-0.5250886309328582,1.0
EC:3.6.1.66,-0.3692026555305692,1.0
EC:3.6.1.7,0.2130831779697681,1.0
EC:3.6.1.8,-0.5760955269814179,1.0
EC:3.6.3.12,-1.0782465140181157,0.6723059718973522
EC:3.6.3.14,0.0032788395820507,1.0
EC:3.6.3.16,0.7053659764722284,1.0
EC:3.6.3.17,-0.7148734076383996,1.0
EC:3.6.3.2,0.1361850926846884,1.0
EC:3.6.3.20,-0.2118423724842627,1.0
EC:3.6.3.21,0.143393481907209,1.0
EC:3.6.3.24,1.0530128143997537,1.0
EC:3.6.3.25,-1.9182245050311724,0.0012478295629105
EC:3.6.3.27,0.3037015169092547,1.0
EC:3.6.3.28,0.9979200182347124,1.0
EC:3.6.3.29,-0.7257412596478185,1.0
EC:3.6.3.3,-0.4130210817054058,1.0
EC:3.6.3.30,-1.0302965534092714,1.0
EC:3.6.3.31,0.0627020604586727,1.0
EC:3.6.3.32,0.7904669101801804,1.0
EC:3.6.3.33,-0.5915711191091735,1.0
EC:3.6.3.34,0.0086668415927292,1.0
EC:3.6.3.36,0.3492105707419368,1.0
EC:3.6.3.4,-0.0855126190773385,1.0
EC:3.6.3.40,-0.7241083836405917,1.0
EC:3.6.3.41,-0.9760300613102072,1.0
EC:3.6.3.44,1.4336246035008648,1.0
EC:3.6.3.5,-0.3001904651651985,1.0
EC:3.6.3.54,0.0013123621431077,1.0
EC:3.6.3.55,-2.449802546244637,0.0021737045664904
EC:3.6.3.6,1.0376669670482526,1.0
EC:3.6.3.8,-0.572429348442433,1.0
EC:3.6.4.12,0.1724074712850909,1.0
EC:3.6.4.13,0.5205257648138,1.0
EC:3.7.1.12,-2.247731765571969,1.0842916495150892e-06
EC:3.7.1.14,-0.7812336788702441,1.0
EC:3.7.1.17,-0.7398396310842605,1.0
EC:3.7.1.2,-0.323646599856088,1.0
EC:3.7.1.20,-0.2506688303616123,1.0
EC:3.7.1.22,-1.149450560313181,1.0
EC:3.7.1.3,-0.4660609735101189,1.0
EC:3.7.1.5,-0.7632660474143473,1.0
EC:3.7.1.9,-0.579321027145028,1.0
EC:3.8.1.2,-0.4712554808535512,1.0
EC:3.8.1.3,-0.0135686612815042,1.0
EC:3.8.1.5,-0.8709923801879487,1.0
EC:4.1.1.11,-0.4571043270969681,1.0
EC:4.1.1.12,-1.0075440313531616,1.0
EC:4.1.1.15,-0.3083041901197605,1.0
EC:4.1.1.17,0.069492284622918,1.0
EC:4.1.1.18,-0.576773555313856,1.0
EC:4.1.1.19,-0.7982222439584183,1.0
EC:4.1.1.2,0.8798102780125109,1.0
EC:4.1.1.20,-0.0227853101402274,1.0
EC:4.1.1.22,-1.298412555264392,1.0
EC:4.1.1.23,0.177367156689819,1.0
EC:4.1.1.28,-1.1658140020089949,1.0
EC:4.1.1.3,-1.2642375745953665,0.8046296183178319
EC:4.1.1.31,-0.343964738917776,1.0
EC:4.1.1.32,-1.56046831510589,0.5638912527667737
EC:4.1.1.33,1.0499937115483406,1.0
EC:4.1.1.35,-0.8281619386731711,1.0
EC:4.1.1.36,0.2636398858926667,1.0
EC:4.1.1.37,-0.7184015734450895,1.0
EC:4.1.1.39,-0.8321454353611595,1.0
EC:4.1.1.4,-0.7536153946270063,1.0
EC:4.1.1.41,-0.5171283347758722,1.0
EC:4.1.1.44,-0.2825334555144216,1.0
EC:4.1.1.45,-0.4676679696209429,1.0
EC:4.1.1.47,-0.2434890904729423,1.0
EC:4.1.1.48,-0.0998199828423146,1.0
EC:4.1.1.49,0.1742636651048397,1.0
EC:4.1.1.5,1.3444612599703667,0.8367851948643629
EC:4.1.1.50,-1.065670380394423,1.0
EC:4.1.1.55,0.8217812560729023,1.0
EC:4.1.1.64,0.0283681586106535,1.0
EC:4.1.1.65,-1.3263661480181383,0.0075678645288645
EC:4.1.1.68,0.2011685992633882,1.0
EC:4.1.1.7,-0.1757298243950127,1.0
EC:4.1.1.70,-1.4482088852779231,1.0
EC:4.1.1.71,-0.7150876581212433,1.0
EC:4.1.1.73,-1.2216478673056084,1.0
EC:4.1.1.74,1.4408135949823853,1.0
EC:4.1.1.77,-0.520867544938723,1.0
EC:4.1.1.8,0.7546038176100165,1.0
EC:4.1.1.81,-2.1852536484737346,9.39037526412999e-06
EC:4.1.1.82,-1.3795463612108918,1.0
EC:4.1.1.83,-1.396249125902492,1.0
EC:4.1.1.85,0.6877523736253548,1.0
EC:4.1.1.86,-0.5378221821118698,1.0
EC:4.1.1.87,0.7949625930387524,1.0
EC:4.1.1.96,-2.1505351158995887,0.0010627277369461
EC:4.1.1.97,-0.3436098325798167,1.0
EC:4.1.1.98,-0.5512834501321717,1.0
EC:4.1.2.13,0.1913476634044856,1.0
EC:4.1.2.14,-0.4085488792809602,1.0
EC:4.1.2.17,-1.0634512096904751,1.0
EC:4.1.2.19,-0.3331427637937534,1.0
EC:4.1.2.20,-0.6458642746929077,1.0
EC:4.1.2.21,-0.602863564787131,1.0
EC:4.1.2.22,0.2854319370283233,1.0
EC:4.1.2.25,-0.2999365653543586,1.0
EC:4.1.2.29,1.2717134678914412,1.0
EC:4.1.2.4,0.2269683754589001,1.0
EC:4.1.2.40,0.3101353798751501,1.0
EC:4.1.2.41,-0.5959306979503538,1.0
EC:4.1.2.43,-0.0211995065181885,1.0
EC:4.1.2.44,-0.475701409739224,1.0
EC:4.1.2.5,-0.7396351873460794,1.0
EC:4.1.2.50,0.0278422303571055,1.0
EC:4.1.2.52,-0.977869801966033,1.0
EC:4.1.2.53,-0.3469683419005624,1.0
EC:4.1.2.56,0.4098496924689984,1.0
EC:4.1.2.57,-0.7780599812083466,1.0
EC:4.1.2.9,0.3070247284098982,1.0
EC:4.1.3.1,-0.8033941941499019,1.0
EC:4.1.3.17,-0.3217603336372605,1.0
EC:4.1.3.24,-0.762364431188941,1.0
EC:4.1.3.25,-0.6898079250505333,1.0
EC:4.1.3.27,-0.3643954494377808,1.0
EC:4.1.3.3,-1.082238586792807,0.5860538631648381
EC:4.1.3.30,-1.4229771470967387,1.0
EC:4.1.3.34,-0.2596943790307295,1.0
EC:4.1.3.36,0.9780321337303568,1.0
EC:4.1.3.38,-0.0937468987834988,1.0
EC:4.1.3.39,-1.6097945910285505,0.923310152042838
EC:4.1.3.4,-1.3149908834442283,1.0
EC:4.1.3.40,-0.6574830567857985,1.0
EC:4.1.3.42,-0.407594587882041,1.0
EC:4.1.3.46,-0.4630105676879907,1.0
EC:4.1.99.1,-1.345761826986598,1.0
EC:4.1.99.12,-0.0327763503438772,1.0
EC:4.1.99.14,-2.309611894264439,0.0005226722381756331
EC:4.1.99.16,-0.5799787078213015,1.0
EC:4.1.99.17,-1.478002986866504,0.00044329446878512926
EC:4.1.99.18,-0.661735295819682,1.0
EC:4.1.99.19,-1.76137181381067,3.4886183389453374e-05
EC:4.1.99.2,-0.3468719699345295,1.0
EC:4.1.99.20,-1.5378554528038966,1.0
EC:4.1.99.3,1.4452812634324426,0.5065338360851812
EC:4.2.1.1,0.5537663393198442,1.0
EC:4.2.1.10,-0.0550200973838326,1.0
EC:4.2.1.101,-0.5959306979503538,1.0
EC:4.2.1.103,1.0930871039811356,1.0
EC:4.2.1.104,-0.1357324749491283,1.0
EC:4.2.1.106,-1.3006459780632302,1.0
EC:4.2.1.108,-0.3573625376470006,1.0
EC:4.2.1.109,0.237262200266149,1.0
EC:4.2.1.11,0.0625134289380745,1.0
EC:4.2.1.113,0.9162278727951788,1.0
EC:4.2.1.114,-0.6554672377232682,1.0
EC:4.2.1.115,-0.1583668616501186,1.0
EC:4.2.1.12,-0.8612372231214995,1.0
EC:4.2.1.120,-2.3902220110714567,0.0303807736243524
EC:4.2.1.126,0.9176492863053408,1.0
EC:4.2.1.129,-0.8832387782997522,1.0
EC:4.2.1.130,-0.1865065196639053,1.0
EC:4.2.1.135,0.75973889370815,1.0
EC:4.2.1.144,-1.4008465161807409,1.0
EC:4.2.1.149,-0.7372925262115317,1.0
EC:4.2.1.151,-0.3365823255441391,1.0
EC:4.2.1.153,-1.147759414550846,1.0
EC:4.2.1.17,-0.8747066307258724,1.0
EC:4.2.1.18,-0.5637258141243402,1.0
EC:4.2.1.19,-0.2755367733553631,1.0
EC:4.2.1.2,-0.4714713260028444,1.0
EC:4.2.1.20,-0.1572268579661323,1.0
EC:4.2.1.22,-0.3609170963742976,1.0
EC:4.2.1.24,-0.6045146174234217,1.0
EC:4.2.1.28,-1.87612426320906,0.319581768758927
EC:4.2.1.3,-0.5426763642074637,1.0
EC:4.2.1.30,-2.3907407727801857,0.1559728284469965
EC:4.2.1.32,-1.7014688764465005,0.0672852656592939
EC:4.2.1.33,-0.530619306614553,1.0
EC:4.2.1.35,-0.5333995265985434,1.0
EC:4.2.1.40,-0.859202854870468,1.0
EC:4.2.1.41,-0.4654027678669128,1.0
EC:4.2.1.42,-0.9853473611907342,1.0
EC:4.2.1.44,-1.4107301415686735,1.0
EC:4.2.1.45,-1.8986118263360647,0.4331655332994372
EC:4.2.1.46,-0.2118885449127548,1.0
EC:4.2.1.47,-1.5232923642308545,1.0
EC:4.2.1.49,-1.1509391010353267,1.0
EC:4.2.1.5,-0.9872707396343808,1.0
EC:4.2.1.51,-0.0960272172143893,1.0
EC:4.2.1.53,-0.1610687874211698,1.0
EC:4.2.1.55,-1.7639155518103116,1.0
EC:4.2.1.59,0.3073260442267613,1.0
EC:4.2.1.6,-1.0779311810251664,1.0
EC:4.2.1.68,-0.4967530510268907,1.0
EC:4.2.1.7,-1.1043966296722132,1.0
EC:4.2.1.75,-0.6561643937610315,1.0
EC:4.2.1.77,-0.1008028453646612,1.0
EC:4.2.1.79,-0.5922379527338726,1.0
EC:4.2.1.8,-0.4274503108988667,1.0
EC:4.2.1.80,-1.3074420239163032,1.0
EC:4.2.1.83,-0.959311935326266,1.0
EC:4.2.1.84,-0.5867272189206809,1.0
EC:4.2.1.9,-0.6315897974583116,1.0
EC:4.2.1.90,-0.635408541856338,1.0
EC:4.2.1.91,-0.2500276422334549,1.0
EC:4.2.1.96,-0.4073079810387323,1.0
EC:4.2.1.99,-0.4944098285575204,1.0
EC:4.2.2.1,0.317649163280974,1.0
EC:4.2.2.2,-0.3218392618038661,1.0
EC:4.2.2.20,-0.7763315531290951,1.0
EC:4.2.2.21,-0.7763315531290951,1.0
EC:4.2.2.23,-1.2074767087632503,1.0
EC:4.2.2.3,0.5872889007052716,1.0
EC:4.2.2.5,-0.7682089385383262,1.0
EC:4.2.2.6,-0.9110092411657892,1.0
EC:4.2.2.7,-0.9243615446862768,1.0
EC:4.2.2.8,-1.0509977540938829,1.0
EC:4.2.3.1,-0.0173925896155643,1.0
EC:4.2.3.118,0.438637222149931,1.0
EC:4.2.3.12,0.0635719580659894,1.0
EC:4.2.3.22,-0.5799787078213015,1.0
EC:4.2.3.3,-1.1898890346242414,0.1039280293096618
EC:4.2.3.37,0.4905444488403777,1.0
EC:4.2.3.4,-0.1012120991279912,1.0
EC:4.2.3.5,-0.1025132470016487,1.0
EC:4.2.3.75,-0.5799787078213015,1.0
EC:4.2.99.18,0.1445937583048839,1.0
EC:4.2.99.20,1.1054309000533475,1.0
EC:4.2.99.21,-0.4008407515176082,1.0
EC:4.3.1.1,-1.2100546921810231,1.0
EC:4.3.1.12,0.0933839403404311,1.0
EC:4.3.1.14,-2.2223942612979664,0.1131672710089293
EC:4.3.1.15,-1.7603734801185469,4.361191878034185e-05
EC:4.3.1.17,0.1069037717063594,1.0
EC:4.3.1.18,-1.8921325467607848,0.1091507724381892
EC:4.3.1.19,-0.2483972173056078,1.0
EC:4.3.1.2,-2.2908009898656863,0.0025172024299947
EC:4.3.1.29,-0.521564693519474,1.0
EC:4.3.1.3,-1.1906258915162915,1.0
EC:4.3.1.4,-1.8687224563661315,0.0491055791602619
EC:4.3.1.7,-2.121781915819668,0.0015707493784141
EC:4.3.2.1,-0.1191561488200337,1.0
EC:4.3.2.2,0.1703145592381487,1.0
EC:4.3.2.3,-2.2243501757169097,0.0048677465356246
EC:4.3.2.6,-0.1434530299755266,1.0
EC:4.3.3.6,-0.2797931845638741,1.0
EC:4.3.3.7,0.03955735044383,1.0
EC:4.3.99.3,0.2690379535617884,1.0
EC:4.4.1.1,0.472633640437361,1.0
EC:4.4.1.11,-1.2999276204148624,1.0
EC:4.4.1.15,-1.4249761081079075,1.0
EC:4.4.1.16,0.8260024764277507,1.0
EC:4.4.1.19,-0.5965641950218996,1.0
EC:4.4.1.2,2.1003675760463114,1.0
EC:4.4.1.21,0.175851994184768,1.0
EC:4.4.1.24,0.1511615557350685,1.0
EC:4.4.1.25,-1.2186221094643688,1.0
EC:4.4.1.5,-0.4796019149690116,1.0
EC:4.4.1.8,0.457053543436941,1.0
EC:4.6.1.1,-1.123757974389121,1.0
EC:4.6.1.12,-1.5705670317669769,0.00010824167038690072
EC:4.6.1.13,-0.6771838058801674,1.0
EC:4.7.1.1,-0.6228607761277025,1.0
EC:4.99.1.1,0.8754658211955543,1.0
EC:4.99.1.3,-1.8713613785282648,0.000912631328709097
EC:4.99.1.4,-0.7057437398147863,1.0
EC:5.1.1.1,0.2733355051400015,1.0
EC:5.1.1.13,0.2827363307949214,1.0
EC:5.1.1.17,-0.0347276075927945,1.0
EC:5.1.1.18,-2.199254123532842,0.177446495568397
EC:5.1.1.3,-0.0128226423343932,1.0
EC:5.1.1.4,-2.176430891943664,0.0002399488778134291
EC:5.1.1.7,-0.6694404806141312,1.0
EC:5.1.2.3,-0.3367318680862465,1.0
EC:5.1.3.1,0.1842297161993776,1.0
EC:5.1.3.10,0.600283456168241,1.0
EC:5.1.3.13,-0.1942272045243538,1.0
EC:5.1.3.14,0.0538357324427929,1.0
EC:5.1.3.15,-0.6160851683481474,1.0
EC:5.1.3.2,-0.1812890710632799,1.0
EC:5.1.3.20,-0.5353239828219525,1.0
EC:5.1.3.22,-2.091174323320541,0.0003062316294012765
EC:5.1.3.23,-2.1979145010535968,0.0320960659073026
EC:5.1.3.24,-0.0559544242229558,1.0
EC:5.1.3.25,-0.4823893030295578,1.0
EC:5.1.3.29,-2.478433119225836,6.6312683574702444e-09
EC:5.1.3.3,0.1815237243462515,1.0
EC:5.1.3.30,-2.438766411502864,0.0005210323267895375
EC:5.1.3.31,-2.4399568225483845,0.0005226722381756331
EC:5.1.3.32,-0.2796242279388223,1.0
EC:5.1.3.4,-0.623250961692394,1.0
EC:5.1.3.6,-0.5475083188690935,1.0
EC:5.1.3.7,-1.2986353297091575,1.0
EC:5.1.3.8,-1.146500260088821,1.0
EC:5.1.3.9,-0.6148844647180427,1.0
EC:5.1.99.1,-1.2554398095875583,1.0
EC:5.1.99.3,-0.4689812543566916,1.0
EC:5.1.99.4,-0.5376305461036419,1.0
EC:5.1.99.6,-1.630795335128831,0.0005159045469447849
EC:5.2.1.1,-1.1775073179918918,1.0
EC:5.2.1.2,0.9693916091726588,1.0
EC:5.2.1.4,-0.3859903139106131,1.0
EC:5.2.1.8,0.2219560344030439,1.0
EC:5.3.1.1,0.1508270554344862,1.0
EC:5.3.1.12,-0.5666653062243487,1.0
EC:5.3.1.13,-0.4227160649415882,1.0
EC:5.3.1.14,-0.1738616885870109,1.0
EC:5.3.1.16,-0.2844896899444291,1.0
EC:5.3.1.17,-0.4073101781187074,1.0
EC:5.3.1.22,-1.5127075814172382,0.2060549539658162
EC:5.3.1.23,-0.7485121008006967,1.0
EC:5.3.1.24,-0.1004235130780842,1.0
EC:5.3.1.25,-2.1152200653169846,3.264053010133005e-06
EC:5.3.1.26,1.1769937625733755,1.0
EC:5.3.1.27,-0.0231823374734377,1.0
EC:5.3.1.28,-0.8435723933548045,1.0
EC:5.3.1.29,-0.7740344040321381,1.0
EC:5.3.1.30,-1.1347202671724606,1.0
EC:5.3.1.31,-0.6494767411471745,1.0
EC:5.3.1.4,-0.6429172327206518,1.0
EC:5.3.1.5,-0.0233454998997908,1.0
EC:5.3.1.6,0.0583165769464802,1.0
EC:5.3.1.8,0.3835212703924773,1.0
EC:5.3.1.9,0.093520095376225,1.0
EC:5.3.2.5,-2.5573815800530078,0.0030544750986353
EC:5.3.2.6,1.0560125172453168,1.0
EC:5.3.2.8,-0.2574005793166598,1.0
EC:5.3.3.10,0.3462417140345465,1.0
EC:5.3.3.14,-0.4203978129765449,1.0
EC:5.3.3.17,0.557484969084024,1.0
EC:5.3.3.18,-0.3808643841516792,1.0
EC:5.3.3.2,0.9682018652272716,1.0
EC:5.3.3.3,-2.385305660572232,0.0310247803421806
EC:5.3.3.4,-1.252121301117774,1.0
EC:5.3.3.8,-0.5833675250201946,1.0
EC:5.3.4.1,-0.7091982661526848,1.0
EC:5.3.99.10,2.1780702446511206,1.0
EC:5.3.99.11,-1.174895719043726,1.0
EC:5.4.1.3,-0.64575602242975,1.0
EC:5.4.2.10,0.1334129585086206,1.0
EC:5.4.2.11,1.1383642717751663,0.9840795632295262
EC:5.4.2.12,0.084050063280453,1.0
EC:5.4.2.2,0.0677999649779841,1.0
EC:5.4.2.6,-0.1013241614206963,1.0
EC:5.4.2.7,0.0829897787027701,1.0
EC:5.4.2.8,-0.8018798247327299,1.0
EC:5.4.2.9,-1.3674972387543445,1.0
EC:5.4.3.2,-1.7494940154093688,0.4608250202416958
EC:5.4.3.3,-0.8047019258480959,1.0
EC:5.4.3.5,-2.203389750964795,0.2302189639242207
EC:5.4.3.8,-0.5469867826755435,1.0
EC:5.4.4.2,0.7149080654605601,1.0
EC:5.4.99.1,-1.7637693169516524,0.1003303838382505
EC:5.4.99.12,-0.0159075746937513,1.0
EC:5.4.99.15,-0.4222979725213951,1.0
EC:5.4.99.16,-0.7541310079164754,1.0
EC:5.4.99.17,-0.8826420448900341,1.0
EC:5.4.99.18,0.1512208447556203,1.0
EC:5.4.99.19,0.0530731279915365,1.0
EC:5.4.99.2,-1.0211260871697994,1.0
EC:5.4.99.20,-1.0059279367867298,1.0
EC:5.4.99.21,-2.2823539683220804,2.655687632193102e-06
EC:5.4.99.22,0.6659493759112912,1.0
EC:5.4.99.23,0.1120899562570343,1.0
EC:5.4.99.24,-2.2576459130098256,2.782350400278901e-07
EC:5.4.99.25,0.1773541314407246,1.0
EC:5.4.99.26,-0.8310550400057224,1.0
EC:5.4.99.27,-0.4909480802132295,1.0
EC:5.4.99.28,-0.4502581267318886,1.0
EC:5.4.99.29,-0.4502581267318886,1.0
EC:5.4.99.5,-0.3079392958496472,1.0
EC:5.4.99.60,-2.00851622789818,9.149150616843326e-06
EC:5.4.99.61,-2.011925867446874,8.782461279311828e-06
EC:5.4.99.62,0.2212373519953593,1.0
EC:5.4.99.9,-0.5750809837152577,1.0
EC:5.5.1.1,-1.1531797447104188,1.0
EC:5.5.1.19,-0.0469528356026633,1.0
EC:5.5.1.2,-0.7577006702243256,1.0
EC:5.5.1.4,-0.8508894542122483,1.0
EC:5.99.1.2,-0.1245366144921136,1.0
EC:5.99.1.3,-0.0654046293986814,1.0
EC:6.1.1.1,0.1455135676347442,1.0
EC:6.1.1.10,0.0905337794208371,1.0
EC:6.1.1.11,0.178966124207872,1.0
EC:6.1.1.12,0.1360761220879348,1.0
EC:6.1.1.13,0.6841901505456334,1.0
EC:6.1.1.14,0.3407970874015076,1.0
EC:6.1.1.15,0.1874082850094566,1.0
EC:6.1.1.16,0.1878163213923375,1.0
EC:6.1.1.17,-1.5926458949951896,0.0002573558336310655
EC:6.1.1.18,-1.713723927573267,0.000102944484464841
EC:6.1.1.19,0.1635715436004176,1.0
EC:6.1.1.2,0.2002971341950076,1.0
EC:6.1.1.20,0.1731706320972126,1.0
EC:6.1.1.21,0.174559009217345,1.0
EC:6.1.1.22,0.1567399916976618,1.0
EC:6.1.1.23,-2.9186266313589684,1.732674810338653e-07
EC:6.1.1.24,0.8812883637114892,1.0
EC:6.1.1.3,0.1305243529331659,1.0
EC:6.1.1.4,0.1815212674018806,1.0
EC:6.1.1.5,0.1773179815482445,1.0
EC:6.1.1.6,0.2988363203228923,1.0
EC:6.1.1.7,-0.0681196382062804,1.0
EC:6.1.1.9,0.1740716208398189,1.0
EC:6.1.2.1,-0.5760642201459534,1.0
EC:6.2.1.1,0.3759744877056864,1.0
EC:6.2.1.13,-0.1388642510561664,1.0
EC:6.2.1.14,0.009034859690714,1.0
EC:6.2.1.16,-0.299637272026517,1.0
EC:6.2.1.17,-1.3425216913836455,1.0
EC:6.2.1.20,-0.3497746621914299,1.0
EC:6.2.1.22,-0.4039852587048909,1.0
EC:6.2.1.25,-0.4909700902905221,1.0
EC:6.2.1.26,0.9929127826665703,1.0
EC:6.2.1.3,-1.3178778048565871,0.021773300269652
EC:6.2.1.30,-1.8734151022904089,0.00011485540801508598
EC:6.2.1.31,-0.4547864133181543,1.0
EC:6.2.1.32,-0.2309068392246844,1.0
EC:6.2.1.34,-0.1023407732042925,1.0
EC:6.2.1.5,0.7065281966169281,1.0
EC:6.3.1.1,-0.7773091114871296,1.0
EC:6.3.1.10,-1.8872267848927908,6.39509997381263e-05
EC:6.3.1.11,-0.5451374505105637,1.0
EC:6.3.1.12,0.3388000546325945,1.0
EC:6.3.1.13,-0.3585419101109677,1.0
EC:6.3.1.2,-0.1785933861669233,1.0
EC:6.3.1.5,1.082348996388531,1.0
EC:6.3.1.8,-0.5826776433418985,1.0
EC:6.3.2.1,-0.4630720582728862,1.0
EC:6.3.2.10,0.1656401971450911,1.0
EC:6.3.2.12,0.0256233214686307,1.0
EC:6.3.2.13,-0.1394130667291918,1.0
EC:6.3.2.17,0.0220868583738647,1.0
EC:6.3.2.2,0.4426352593356765,1.0
EC:6.3.2.29,-2.0909810156090223,0.3732450396799494
EC:6.3.2.3,-0.5778157047994352,1.0
EC:6.3.2.30,-2.0913364683359874,0.372651349810065
EC:6.3.2.31,-0.351995264205353,1.0
EC:6.3.2.32,0.5175701884176527,1.0
EC:6.3.2.34,-0.351995264205353,1.0
EC:6.3.2.35,-1.7910856453633557,1.0
EC:6.3.2.38,-0.2694491027584766,1.0
EC:6.3.2.39,0.199463967831076,1.0
EC:6.3.2.4,0.1935188412539752,1.0
EC:6.3.2.43,0.4562051998164654,1.0
EC:6.3.2.5,0.2381858346322168,1.0
EC:6.3.2.6,0.146731383281072,1.0
EC:6.3.2.7,0.8720416425771913,1.0
EC:6.3.2.8,0.1925082754479757,1.0
EC:6.3.2.9,0.1770333687536738,1.0
EC:6.3.3.1,0.1428267479269229,1.0
EC:6.3.3.2,0.1443604428825962,1.0
EC:6.3.3.3,-0.1380565783379861,1.0
EC:6.3.4.13,0.1591774578836653,1.0
EC:6.3.4.14,0.1400740731190939,1.0
EC:6.3.4.15,0.0280323884004004,1.0
EC:6.3.4.18,1.0631007670942152,1.0
EC:6.3.4.19,0.2034988430087839,1.0
EC:6.3.4.2,0.1416097541743471,1.0
EC:6.3.4.20,0.1726961015668763,1.0
EC:6.3.4.21,0.2254485751249938,1.0
EC:6.3.4.3,-0.009359926925852,1.0
EC:6.3.4.4,0.1759813502034501,1.0
EC:6.3.4.5,-0.0869974662679515,1.0
EC:6.3.4.6,-0.0643241293049383,1.0
EC:6.3.5.1,-2.315229351963815,3.116760349137248e-07
EC:6.3.5.10,-1.706422913721071,0.0002877330093536504
EC:6.3.5.11,-1.9463265888594967,3.895052019094548e-05
EC:6.3.5.2,0.1446841768566678,1.0
EC:6.3.5.3,0.3761063116988761,1.0
EC:6.3.5.4,-0.5817546520835808,1.0
EC:6.3.5.5,0.0814049856346968,1.0
EC:6.3.5.6,0.1306683128598973,1.0
EC:6.3.5.7,0.1280517391203273,1.0
EC:6.3.5.9,-1.946291311181307,3.811561432270756e-05
EC:6.4.1.1,0.8192270878600255,1.0
EC:6.4.1.2,0.2503549064315707,1.0
EC:6.4.1.3,-0.7954331115040847,1.0
EC:6.4.1.4,-0.297424436134573,1.0
EC:6.5.1.1,-1.43597425537823,1.0
EC:6.5.1.2,0.1809702864154635,1.0
EC:6.5.1.3,-1.0764502701821652,1.0
EC:6.5.1.4,-0.3335150437187923,1.0
EC:6.5.1.6,-0.6053020838020815,1.0
EC:6.5.1.7,-0.6315761323784836,1.0
EC:6.6.1.1,-0.9638681138457852,1.0
EC:6.6.1.2,-0.4949100894756604,1.0
