id,(Intercept),cohortAfter abduction
EC:1.1.1.1,38.32747298094034,1.7013421561713427
EC:1.1.1.100,38.23327296996981,0.4687015695052102
EC:1.1.1.103,4.347947980308013,-4.21380509965297
EC:1.1.1.108,-9.726559067915849,3.204696618679918
EC:1.1.1.11,-23.129982872784627,1.3467535602832093
EC:1.1.1.122,-7.5348907961920135,-0.6931210812754202
EC:1.1.1.125,9.084140914894661,-2.206866419402926
EC:1.1.1.130,2.630089099927496,-3.0770785966475036
EC:1.1.1.132,-7.515541294258906,-0.5861294515357477
EC:1.1.1.133,30.07097955774956,-1.2186121362030136
EC:1.1.1.136,-6.595184375352208,-3.255290885670754
EC:1.1.1.137,-4.17714154497599,3.583821996567944
EC:1.1.1.14,19.47894661569988,-5.004742729525658
EC:1.1.1.140,3.28647763564423,0.6066933350455389
EC:1.1.1.157,18.421985648720355,-2.42491686501774
EC:1.1.1.159,5.815708845799481,-5.993641878937071
EC:1.1.1.169,25.751305302134373,0.9883865946523543
EC:1.1.1.17,6.672960443944239,0.4832043623812094
EC:1.1.1.179,-3.610383559600481,-3.7828264056805163
EC:1.1.1.18,7.97564000941853,-1.9297954139800253
EC:1.1.1.193,20.751943062083548,-0.3418526074001246
EC:1.1.1.202,-6.791933440828957,-0.6813688174890178
EC:1.1.1.203,-14.093778033747668,0.6388001321425831
EC:1.1.1.205,31.93218679977224,0.6213875833183542
EC:1.1.1.206,-10.88727188251373,-1.2900753710372415
EC:1.1.1.215,-8.415500339825838,-1.0925565627623728
EC:1.1.1.219,-0.81821478791352,-3.8330215356705133
EC:1.1.1.22,22.271655338889346,-3.7972849244404716
EC:1.1.1.23,26.290125761241203,-1.224613312231997
EC:1.1.1.243,-9.64007964824143,-1.1900697639341589
EC:1.1.1.25,31.87533926669148,-1.234745529837122
EC:1.1.1.251,-10.81575272611476,-0.7491032002845429
EC:1.1.1.26,-6.730758875062991,-2.8892423474701325
EC:1.1.1.261,6.220568123763735,-5.245266515281825
EC:1.1.1.262,10.537777639403785,-3.8749626615160384
EC:1.1.1.264,-9.668834280300082,0.5138121815098512
EC:1.1.1.267,23.709257091730215,-5.403668020729607
EC:1.1.1.27,29.123906931281386,0.088295754019656
EC:1.1.1.271,1.7892724464237455,-3.0445367108489543
EC:1.1.1.275,-11.578996158521928,-1.0143921866856727
EC:1.1.1.28,20.869771480784866,0.8541284252995544
EC:1.1.1.281,-6.920206860099914,-1.5937267595538487
EC:1.1.1.282,-10.328334910820208,-0.9371180030942362
EC:1.1.1.284,2.81242762446831,-0.4668408009434207
EC:1.1.1.287,-12.81901916755175,-1.9836954106983835
EC:1.1.1.289,-15.33057798498987,-1.4185402080332
EC:1.1.1.29,18.740367604965396,-3.211049323113265
EC:1.1.1.290,-3.8233261491125816,-1.3255175061377709
EC:1.1.1.291,-24.812869213393164,0.4979116684287462
EC:1.1.1.3,31.037518740955168,-0.9233696326023121
EC:1.1.1.30,-6.121340004076965,0.06909628466487283
EC:1.1.1.300,-15.204600594831007,-0.15218195449019892
EC:1.1.1.301,-16.451554929881517,1.7114555194352534
EC:1.1.1.302,-6.49980598949105,-1.7756823678598483
EC:1.1.1.303,2.925197110196453,0.38375560841934286
EC:1.1.1.304,2.3164622146306493,2.3039746165302692
EC:1.1.1.305,-7.290483035668902,-1.5308899293131928
EC:1.1.1.306,-7.707189548582375,-0.6635749570932729
EC:1.1.1.308,-9.151401875240174,-2.3589037334754543
EC:1.1.1.31,23.37228958097813,-1.5386211130663596
EC:1.1.1.310,-11.743486398448654,-1.270627477052084
EC:1.1.1.328,-7.702867995992333,-0.6986401169190201
EC:1.1.1.333,-8.476269411665186,-0.38968089421455954
EC:1.1.1.335,-23.726122099443355,0.9859117794879398
EC:1.1.1.336,-1.0719169731749258,-1.5444767904305199
EC:1.1.1.337,-3.610383559600481,-3.7828264056805163
EC:1.1.1.343,16.06952578632077,2.5632786208341605
EC:1.1.1.346,-1.4937539577593055,-0.21386153511080763
EC:1.1.1.35,-2.4322845320106747,-0.8232674261821902
EC:1.1.1.350,2.103124712112747,-3.747706204618609
EC:1.1.1.36,-30.208909223328895,2.329897985105414
EC:1.1.1.363,15.043032678317033,3.197396367716196
EC:1.1.1.367,-0.26693932427946954,-3.2069677772606684
EC:1.1.1.369,8.157478275085511,-1.9498532866285985
EC:1.1.1.37,3.531506386386714,1.1728710517707635
EC:1.1.1.370,-2.524790203605754,-3.05855079225831
EC:1.1.1.371,-25.28457164663453,1.6825808932792148
EC:1.1.1.373,-8.989402435424555,-1.246167364575424
EC:1.1.1.38,28.534532111768964,0.2154771481143562
EC:1.1.1.380,2.5423476759112793,-3.722024784630487
EC:1.1.1.381,-7.177637067024046,-0.6327388990165389
EC:1.1.1.385,-12.38580680063197,-0.9607303553796727
EC:1.1.1.39,-16.03283218782107,1.5483223542120137
EC:1.1.1.4,4.574122177220278,-0.3693048044230738
EC:1.1.1.40,-2.5244696275901832,-1.3994670995099363
EC:1.1.1.41,3.3773730992113355,-6.617947628922521
EC:1.1.1.42,25.450608144204203,-1.9413298215854309
EC:1.1.1.44,16.837691528195446,2.46354623285656
EC:1.1.1.47,2.1778893766520677,2.246978427134627
EC:1.1.1.49,15.079593704190355,3.193364598315877
EC:1.1.1.53,-6.115228496617684,-1.2993771124654343
EC:1.1.1.56,-31.197154792281005,2.437628009252574
EC:1.1.1.57,16.71211673341544,-2.4851409992957634
EC:1.1.1.58,14.38621673204359,-2.4298426419464167
EC:1.1.1.6,22.182803598924753,0.00924915112985781
EC:1.1.1.60,15.234156393221117,-6.215524274839852
EC:1.1.1.61,0.7205617588601632,-4.171951522144953
EC:1.1.1.67,-16.075560261609432,0.23768243403647069
EC:1.1.1.69,17.441903774381394,-2.768624963985155
EC:1.1.1.76,2.370824398959099,2.19770461803634
EC:1.1.1.77,18.09537561888185,-2.917402520330325
EC:1.1.1.79,-7.802148742723918,-0.7532984496716225
EC:1.1.1.81,-2.530865154580305,-3.14701516540343
EC:1.1.1.83,-4.319697848885071,-2.616499764945177
EC:1.1.1.85,27.889717395701982,-1.8257121581432925
EC:1.1.1.86,27.501216037167307,-1.8216019725777783
EC:1.1.1.88,10.250657902707562,2.7027170673521095
EC:1.1.1.90,-0.7185672743981538,0.16131748412469074
EC:1.1.1.93,-4.098328049799711,-2.752752090672862
EC:1.1.1.94,30.383109899763134,0.8015362501736406
EC:1.1.1.95,31.44721569277475,-0.8212252702129726
EC:1.1.2.3,-4.470958308420034,-1.43432165976944
EC:1.1.2.4,-8.431160486449981,-3.3867784209818073
EC:1.1.2.8,-12.31025156432752,-1.062163807316979
EC:1.1.3.15,10.025982722810495,-1.627730471853635
EC:1.1.3.21,2.1529528600337695,1.2188422186648527
EC:1.1.3.41,-14.51234257968307,0.39543307030321945
EC:1.1.3.45,-17.710121067527048,0.8945868845189676
EC:1.1.3.46,-16.83692426652166,0.7389701551819918
EC:1.1.3.6,-4.600863557172271,-1.1542345205116866
EC:1.1.3.8,-13.482565586592278,0.7774033702993542
EC:1.1.5.2,-8.459425086716688,-0.9889667245373254
EC:1.1.5.3,24.424058298071138,-1.4819533715597812
EC:1.1.5.4,-4.3836319650886315,2.8619175216143273
EC:1.1.5.6,-6.5931044300352974,-1.1618904197817725
EC:1.1.5.8,-13.582062411043323,0.2007266332665891
EC:1.1.98.2,-9.187108074972263,-1.3961300623036534
EC:1.1.98.3,-8.564209290128597,-0.5023574742892176
EC:1.1.99.1,-3.5746250122675174,3.291547149392393
EC:1.1.99.3,-18.685854696144432,1.5833425647468238
EC:1.10.2.2,-17.32382670048093,0.4979810635184581
EC:1.10.3.12,-8.197588955275572,3.1308550965984376
EC:1.11.1.1,-0.9137938394866704,1.6438198148053569
EC:1.11.1.10,9.446246962741927,-5.203340615715575
EC:1.11.1.15,30.891251643916895,1.6488317075999297
EC:1.11.1.19,-14.504854250433644,0.18513886475096256
EC:1.11.1.21,-0.17458010117698972,-1.9351536259553443
EC:1.11.1.5,-5.033103701673145,-2.071003907544428
EC:1.11.1.6,6.026097461831667,1.3705781373185457
EC:1.11.1.9,12.69371996584436,2.5407497525092273
EC:1.11.2.4,-6.1228239657126595,0.6915501525788068
EC:1.12.1.3,10.129753951573763,-4.398577925876724
EC:1.12.5.1,-23.506959161414496,1.5617796346600643
EC:1.12.7.2,9.38641814630054,-6.270562067488757
EC:1.12.99.6,2.5652624491496767,-3.7921905342878857
EC:1.13.11.1,-10.309668336328114,-1.9843512180534426
EC:1.13.11.11,-7.6853173814866285,-0.6597347747485387
EC:1.13.11.15,-13.649391140316212,0.15881264714567106
EC:1.13.11.16,-6.562462815881326,-1.4843856590198727
EC:1.13.11.2,8.010266654678627,3.2412971697943114
EC:1.13.11.24,-13.316105691817075,-0.9432772920833673
EC:1.13.11.25,-9.187136385403113,-1.419145925482405
EC:1.13.11.27,-6.899134743082014,-1.0652394774788156
EC:1.13.11.3,-7.150596898843916,-0.7231184195829972
EC:1.13.11.37,-24.75558049548709,1.2489246438688681
EC:1.13.11.4,-4.072857593802627,-2.70334179991879
EC:1.13.11.46,-15.806662147337182,0.26760184953666033
EC:1.13.11.49,-2.3125063263829224,1.6650753766491315
EC:1.13.11.5,-8.521457443262307,-1.2012546599310563
EC:1.13.11.53,-12.973665904036116,0.5498274920936373
EC:1.13.11.54,-12.973665904036116,0.5498274920936373
EC:1.13.11.79,-9.176307194704243,-1.1967868174498277
EC:1.13.11.8,-9.630901343102638,-1.0788970140563858
EC:1.13.11.9,-12.177488915028201,-1.0456173403629772
EC:1.13.12.16,-3.393031636030129,-2.6619815664631905
EC:1.13.12.3,-17.15557274480326,1.2049063720120605
EC:1.14.11.1,-27.057176081366116,1.4980619145145333
EC:1.14.11.17,-4.263881975085261,-0.389199541678938
EC:1.14.11.33,-7.699638351999867,-0.06577342356544329
EC:1.14.11.39,-14.464802718149272,0.3182008003322059
EC:1.14.11.47,-7.739406489639299,-1.1473534576079978
EC:1.14.12.10,-10.419887557760676,-1.2095763990506376
EC:1.14.12.17,1.2917006308970382,0.7019940846918828
EC:1.14.12.19,-8.699277210476998,-1.0580779754879963
EC:1.14.13.1,-7.522456270116892,-1.417326115107843
EC:1.14.13.10,-12.177488915028201,-1.0911158073943907
EC:1.14.13.106,-17.538923084793275,0.9014539497001508
EC:1.14.13.113,-15.298405866891951,0.4292402178303596
EC:1.14.13.127,-4.975524525643481,-0.9524025072994778
EC:1.14.13.133,-20.774719305834907,-0.4057605116132365
EC:1.14.13.141,-10.361441447027962,-2.0986620722932003
EC:1.14.13.142,-8.6622937807685485,-2.47055963181356
EC:1.14.13.149,-2.52316148001984,-0.6550787262567654
EC:1.14.13.165,-11.022989128888542,2.665365191709322
EC:1.14.13.2,-6.795107338484969,-0.7769770930342634
EC:1.14.13.20,-10.166402233924904,-1.3864718485326948
EC:1.14.13.200,-20.507053725015442,-0.17150429107527237
EC:1.14.13.22,-21.48141683012909,-0.21322035064779113
EC:1.14.13.40,-8.386752228658105,-1.081496273997327
EC:1.14.13.50,-10.490389658454482,-2.3315201018926466
EC:1.14.13.59,-6.638883295581833,-0.49633815335807746
EC:1.14.13.7,-15.199676400501724,-0.14840057095619036
EC:1.14.13.82,-6.789807566532496,-0.7064194805813393
EC:1.14.13.83,-9.20605630361628,-1.197673939255975
EC:1.14.14.1,-14.57963273720525,0.8314934450640485
EC:1.14.14.12,-10.489795801911471,-2.328717173336037
EC:1.14.14.5,-5.0160551903529065,-1.1492435792970912
EC:1.14.14.9,-5.59561100262314,-1.3868941955265675
EC:1.14.15.11,-17.2402307162283,1.1044832108329077
EC:1.14.15.13,-13.759006612477924,0.7095110036314455
EC:1.14.15.3,-15.281529751480898,0.1771054296168555
EC:1.14.15.7,-13.338425662437105,-0.6286778053628316
EC:1.14.16.1,-30.132382603796795,2.3937515460249212
EC:1.14.18.1,-16.587240256770453,1.1546730874366888
EC:1.14.19.1,-5.5904726092536965,-1.0997887138150437
EC:1.14.19.2,-9.008219993345191,-0.9200741562846729
EC:1.14.19.3,-24.883567766303553,1.4969707279407642
EC:1.14.19.9,-23.255072367687102,0.997261292202046
EC:1.14.21.7,-15.330961515186257,0.5698281676986896
EC:1.14.99.44,-13.043261443263997,1.4847002588477298
EC:1.14.99.46,-8.993580737670715,-0.5976778355773911
EC:1.14.99.48,-12.136639036650903,3.2703736144354214
EC:1.14.99.50,-8.54120509973979,-1.2522785306655748
EC:1.15.1.1,31.350566453270957,0.27050962884669194
EC:1.15.1.2,10.758844249006408,-5.471111499076649
EC:1.16.1.1,-11.299812549178249,-0.827194914610682
EC:1.16.1.3,-8.370486427452862,-1.0034661119743524
EC:1.16.1.9,-8.37048642745286,-1.0108837095999117
EC:1.16.3.1,9.888952776454548,-4.3377941122258745
EC:1.16.3.2,16.31080428897936,-1.9601623299884408
EC:1.17.1.1,-11.370332715370312,-1.1323443838552065
EC:1.17.1.2,24.098640904192518,-5.617575862523411
EC:1.17.1.4,15.687646822150185,-5.770699043591871
EC:1.17.1.8,32.65277973982964,0.4389290602186527
EC:1.17.4.1,32.706267797606536,1.9235461511079353
EC:1.17.4.2,33.620188373364094,-0.07310382601499554
EC:1.17.7.1,23.885084293506793,-5.376726329948171
EC:1.17.7.3,23.885111344126038,-5.376732197631634
EC:1.17.99.6,8.518215428028013,2.7483542966621433
EC:1.18.1.1,-12.38555991589294,-0.6113566785492706
EC:1.18.1.2,20.124602346025053,-6.0402624953239386
EC:1.18.1.3,-4.285276680238633,-1.5388789616139744
EC:1.18.6.1,0.20096265883932518,-4.06342591052472
EC:1.2.1.10,29.048132410290563,0.482262488485046
EC:1.2.1.11,30.24742269760346,0.8004238801089296
EC:1.2.1.12,31.993197335307453,1.4888846818748585
EC:1.2.1.16,5.213133745295488,1.500342408767571
EC:1.2.1.18,4.320731816582879,-2.235103020930449
EC:1.2.1.19,-8.478909008284397,-1.0095843112011091
EC:1.2.1.2,15.430040242702376,-4.346182936772963
EC:1.2.1.20,4.688074565787658,1.5302084642987082
EC:1.2.1.21,-3.7673769308652787,2.3394088414438787
EC:1.2.1.22,-3.767685893800823,2.339568230699262
EC:1.2.1.24,-8.445615046388463,-1.0042977272327431
EC:1.2.1.27,4.623443247406651,-2.3630092711208146
EC:1.2.1.28,-9.286959515782675,-0.48955099815966296
EC:1.2.1.3,23.527682235019995,-2.5028674116252194
EC:1.2.1.38,26.76469383254287,-2.2403364756358544
EC:1.2.1.39,-8.71485311100006,-0.1342801307136388
EC:1.2.1.4,-6.658018204006317,-0.8521785037427408
EC:1.2.1.41,28.380420765468187,-0.8261907232501439
EC:1.2.1.43,-18.44237846151738,-0.7735152927885552
EC:1.2.1.46,-8.659026339754872,-1.305979831522444
EC:1.2.1.58,-24.71653471258886,0.47429918922326614
EC:1.2.1.60,-9.995265178697974,0.16399178777789425
EC:1.2.1.68,-25.95887647876858,2.577224302449467
EC:1.2.1.70,15.053130799750239,-2.1725807416877707
EC:1.2.1.71,-8.472049161581893,-1.088525209388871
EC:1.2.1.72,-8.449073422613187,-1.0170172495737584
EC:1.2.1.76,-9.398696399145008,-0.4035385725654589
EC:1.2.1.79,4.686853194510235,1.5287092092910466
EC:1.2.1.8,1.7401222275222963,1.6111013777860637
EC:1.2.1.81,-12.08750221418676,-1.4342055481081293
EC:1.2.1.87,8.627725111906102,-5.3989000684735755
EC:1.2.1.88,3.6950176712709686,0.9355193684606848
EC:1.2.1.9,3.998181344229939,-1.9907683491984345
EC:1.2.1.91,-5.662643269739665,-1.0984106367286823
EC:1.2.3.3,5.731605615832804,2.69387041536357
EC:1.2.4.1,20.52696721379155,3.1357678126312556
EC:1.2.4.2,-3.2870397680849552,2.752373541599471
EC:1.2.4.4,-0.9619147241064729,1.7252764008257202
EC:1.2.5.1,3.3343907836203712,-1.8542381969269945
EC:1.2.7.1,25.189384509149278,-4.023211509807331
EC:1.2.7.11,14.238677159377605,-0.9906273414037501
EC:1.2.7.3,15.619082292663437,-1.6344947449225153
EC:1.2.7.4,14.456781684278091,-6.976101140674518
EC:1.2.7.5,-6.283426209907487,-4.229315090366212
EC:1.2.7.8,14.360777840755395,-6.0961161814153355
EC:1.2.98.1,-12.164705712114099,-1.065255376989379
EC:1.2.99.2,26.392303421685344,-6.275395507833484
EC:1.2.99.5,3.774773388565221,-5.716057274060454
EC:1.2.99.7,-2.024981517416127,-3.8997086076422978
EC:1.20.4.1,32.412578725431324,0.706642825684436
EC:1.20.4.3,-14.660921391340478,-0.0490930346205514
EC:1.21.4.1,9.820618359232045,-5.443620116000089
EC:1.21.4.2,18.65177285943293,-4.290671599084743
EC:1.21.4.4,5.682618982366629,-5.971582758452095
EC:1.21.98.1,-12.149555644068595,-0.5280674662105374
EC:1.3.1.1,-0.9222243401544141,-3.04783044007896
EC:1.3.1.10,6.255106853441088,3.337221278749192
EC:1.3.1.106,13.810001657364754,-4.4643991093311985
EC:1.3.1.12,29.56740667272195,-0.48562529656909026
EC:1.3.1.14,28.09911615254688,-1.3766738530627152
EC:1.3.1.20,-3.610383559600481,-3.7828264056805163
EC:1.3.1.22,-5.970458039391749,-1.7650737276879558
EC:1.3.1.25,-30.50331060223477,1.8172392433568538
EC:1.3.1.28,-7.747982282874198,-1.5637988983098143
EC:1.3.1.31,3.4785169241354925,-4.276411653726127
EC:1.3.1.32,-24.0185938084618,0.7732465334147659
EC:1.3.1.34,-4.132890111128649,-0.849923802118212
EC:1.3.1.44,3.743697133073006,-5.187483600217796
EC:1.3.1.54,13.911952946553024,-4.838244833531414
EC:1.3.1.58,-13.324338660748086,-0.8477817377773531
EC:1.3.1.76,24.706871989990304,-2.4576272296381556
EC:1.3.1.86,-7.702879893956243,-0.7175022505685795
EC:1.3.1.87,-8.166703865619159,-1.1258331986310568
EC:1.3.1.9,29.98812765728096,0.9625014038078084
EC:1.3.1.98,30.10088166524931,0.7038675114532335
EC:1.3.3.11,-8.11996701704859,-1.7505265354786386
EC:1.3.3.14,-17.710121067527048,0.8945868845189676
EC:1.3.3.3,-8.488968324410232,-1.0039687966339497
EC:1.3.3.4,-1.0236976281178414,1.630571202032134
EC:1.3.3.6,-9.395453568797807,-0.9985627766094552
EC:1.3.4.1,-11.289667471982243,-2.2508665920022946
EC:1.3.5.1,19.372103771166536,-1.7048408734871923
EC:1.3.5.2,-1.2920211402711117,-1.6140719444885094
EC:1.3.5.3,0.07771864969345839,-3.557856999122766
EC:1.3.5.4,30.75801104031277,1.4289663580891039
EC:1.3.7.9,-4.623920596103122,-3.1379167406847563
EC:1.3.8.1,10.464571752122719,-5.463459687825798
EC:1.3.8.4,-31.303272733928484,2.8141967076441814
EC:1.3.8.6,-2.6203639132329344,-0.7378021572437022
EC:1.3.8.7,-3.505319726465489,-1.0130188654919552
EC:1.3.8.8,-13.306850327847519,-0.7815905689406657
EC:1.3.98.1,9.557556991538727,3.6235530352870926
EC:1.3.99.12,-17.240596360106625,1.1045496041315424
EC:1.3.99.16,-7.277190227600206,-1.332130136977245
EC:1.3.99.22,34.819192404672265,-0.3340141651215176
EC:1.3.99.26,-1.1404819711446699,-2.0455251556698295
EC:1.3.99.28,-1.1485926306800274,-2.0318769937388863
EC:1.3.99.29,-1.1389401577570504,-2.0356838288004364
EC:1.3.99.31,-1.1359707532565988,-1.9679946055586295
EC:1.3.99.33,-16.817923077521023,-0.06315388737219632
EC:1.3.99.4,-9.133565040009099,-2.418035253256512
EC:1.3.99.5,-10.489228093828892,-2.322027355545105
EC:1.3.99.8,-13.332015673139997,-0.798812332879786
EC:1.4.1.1,19.410835233054055,-0.20389892279356223
EC:1.4.1.11,-10.213807812823372,-1.483661603997567
EC:1.4.1.13,31.11557892902221,-1.0767353688437322
EC:1.4.1.14,30.91853755351718,-1.0900210860047057
EC:1.4.1.16,12.50638815631885,-5.076008257955585
EC:1.4.1.2,4.607579473929164,0.033880409310927284
EC:1.4.1.21,-2.0317991544276253,-1.7656151476946245
EC:1.4.1.23,-7.702867995992336,-0.7062500972272895
EC:1.4.1.3,5.556565111763203,-4.6584045068855255
EC:1.4.1.4,29.09155118947092,-1.0079287850925667
EC:1.4.1.9,-10.22658330581668,-2.058953059730406
EC:1.4.3.16,23.779618844671038,-6.092712875266623
EC:1.4.3.19,-6.313648956942905,2.95108118325145
EC:1.4.3.21,-5.711188947143132,-1.3477747841797383
EC:1.4.3.3,-17.240596360106625,1.1045496041315424
EC:1.4.3.4,-10.22790584346496,-2.197460353964623
EC:1.4.3.5,-0.23300745887671206,-1.310210198939298
EC:1.4.4.2,17.236419672891742,-0.6829581924543272
EC:1.4.7.1,16.421559976235248,-7.38417848563858
EC:1.4.99.6,-31.91804898875662,2.501714745582821
EC:1.5.1.2,31.321974797235015,0.38353632049165093
EC:1.5.1.20,25.62233183271362,-1.8398202094449743
EC:1.5.1.24,-5.456699539336883,-3.4758325341011065
EC:1.5.1.28,-4.2102531385803,1.717039701911182
EC:1.5.1.3,29.73769375714618,0.8795830537880931
EC:1.5.1.34,-6.204236486539402,-1.2117601784908518
EC:1.5.1.36,-11.795351939893953,-0.653296261602653
EC:1.5.1.38,9.125340747699244,0.23558496105886736
EC:1.5.1.39,-0.3929281034812247,-1.6598739722459002
EC:1.5.1.41,-8.370486427452862,-1.0034661119743524
EC:1.5.1.5,30.99933536161047,0.7148902316334925
EC:1.5.1.7,10.41612168067537,-5.1362811317207235
EC:1.5.3.1,-1.6674301769319104,-4.036144767547498
EC:1.5.5.1,-31.03679489781028,2.7917983218305302
EC:1.5.5.2,-3.816016559539671,-1.750561412976168
EC:1.5.98.2,-14.854969036979703,-2.10403009577608
EC:1.5.99.6,-15.862461142738642,0.2137559703483393
EC:1.6.1.1,-8.297625378091503,-0.6900232881676011
EC:1.6.1.2,-1.8690782383062936,-0.8169875511342594
EC:1.6.3.4,-6.574191881791671,1.0885899521777025
EC:1.6.5.2,10.266523064681346,0.38008706695686867
EC:1.6.5.3,29.94158841404483,-3.4663420633481485
EC:1.6.5.5,-0.3625703890635457,-0.9493458702560973
EC:1.6.99.1,-4.876422337196639,-2.7841955272427246
EC:1.6.99.3,11.475617790904872,3.2832944189542737
EC:1.7.1.13,11.73949454379794,0.4701375400998794
EC:1.7.1.15,0.3075861837140778,2.7384006118152504
EC:1.7.1.7,7.629155229281498,3.2332619381699885
EC:1.7.2.1,-15.139569144754027,-0.09911979627129809
EC:1.7.2.2,-5.403954795521174,-1.6153956361986497
EC:1.7.2.3,-7.17526919138177,-1.4109231608771942
EC:1.7.2.4,-25.90245932889459,1.9547223544542938
EC:1.7.2.5,-6.732995699323274,-0.8048565436970189
EC:1.7.3.3,-8.541084923986883,-1.252155823097705
EC:1.7.7.1,10.64453985288572,-5.3250451946064405
EC:1.7.99.1,22.187803617459647,-5.494459300400613
EC:1.7.99.4,9.638419292683041,2.1997855000474194
EC:1.8.1.14,-12.67799763911078,3.4423081132030804
EC:1.8.1.15,-9.19289014851416,-1.3467267966220537
EC:1.8.1.2,-2.427053422049635,2.666791229505658
EC:1.8.1.4,27.045387095956336,3.057227783646204
EC:1.8.1.7,9.773025649676788,2.9842613900350368
EC:1.8.1.8,-1.6614850090032485,-1.3521909965271612
EC:1.8.1.9,36.671652858378124,-0.32865066692135997
EC:1.8.2.2,-26.79971379846009,1.6854649211657642
EC:1.8.4.11,20.65968391576782,3.2665633414282502
EC:1.8.4.12,19.918964084347135,2.9323392445331646
EC:1.8.4.8,7.539564793938904,0.38870636200210235
EC:1.8.5.2,-5.4172150957256955,2.2888932228484644
EC:1.8.5.3,-7.463380520285376,-1.6326371286671773
EC:1.8.7.1,-7.532897716127392,-0.9988278860031959
EC:1.8.98.1,4.160749143609482,-5.9794246513516605
EC:1.8.99.2,-1.5510132767019993,-3.192868598530641
EC:1.9.3.1,-2.9239798739319975,-1.3088664059840844
EC:1.97.1.4,40.635763160434415,-0.5975961271606662
EC:1.97.1.9,10.013906759487552,-5.087994547427446
EC:2.1.1.10,7.962456389371567,0.5217786506036305
EC:2.1.1.104,-12.533354520325593,-1.0651484793365475
EC:2.1.1.107,27.542202295494352,-1.6961280398537735
EC:2.1.1.113,-6.07839991658783,-2.700749676403298
EC:2.1.1.13,23.765412365565506,-6.050886743305162
EC:2.1.1.130,16.745821309084697,-5.635347664571677
EC:2.1.1.131,19.129707055664515,-5.807213632861755
EC:2.1.1.132,15.158007024453362,-5.64083583277593
EC:2.1.1.133,19.13681146416557,-6.093573605991674
EC:2.1.1.14,11.688711288133268,2.9662490854899373
EC:2.1.1.144,1.8130247459861437,-1.99921835433117
EC:2.1.1.148,5.120569779643291,-4.240170793198138
EC:2.1.1.151,16.295955477154077,-5.934525132423979
EC:2.1.1.152,-17.419232427969654,1.0345223282278775
EC:2.1.1.157,-18.430277124062084,-1.2885114958873283
EC:2.1.1.163,14.848768455104256,1.3105049319257822
EC:2.1.1.166,-7.868993154314801,-1.3575614385284025
EC:2.1.1.170,30.05486504924202,0.7997089524543958
EC:2.1.1.171,16.0739149227772,-2.511776251673902
EC:2.1.1.172,11.759612776663731,1.1712928325094503
EC:2.1.1.173,-8.39669189553352,-1.1185129627781907
EC:2.1.1.174,-8.370486427452862,-1.0034661119743524
EC:2.1.1.176,30.10582400771439,0.3973014988466241
EC:2.1.1.177,29.25153333905743,0.6681214730563271
EC:2.1.1.178,-8.299171471689982,-0.8574973178875763
EC:2.1.1.181,-5.504516926362047,-1.2711935354096708
EC:2.1.1.182,30.491433460614342,0.7283350921350035
EC:2.1.1.184,-2.3218790874611566,-0.7492727704101959
EC:2.1.1.185,30.79209053286939,0.6713582902805434
EC:2.1.1.186,-8.37727684042216,-1.0059184984888914
EC:2.1.1.187,16.091879415436914,1.0192317336929513
EC:2.1.1.189,-8.314047311618966,-1.1321785442522725
EC:2.1.1.190,31.039219910537902,-0.31509505204753663
EC:2.1.1.191,30.033489105809096,-1.5098359683699045
EC:2.1.1.192,31.0558832515928,-0.792540686437027
EC:2.1.1.193,30.199903952825235,0.5658679590518291
EC:2.1.1.195,20.35450045222191,-5.40239138404621
EC:2.1.1.196,1.1597405465748214,-3.6625268074818123
EC:2.1.1.197,-3.601859065509416,-1.2397233588387397
EC:2.1.1.198,30.48044134592503,0.7874777867995802
EC:2.1.1.199,31.558568002425254,-0.026579016483209397
EC:2.1.1.200,-8.39669189553352,-1.1185129627781907
EC:2.1.1.201,14.832127417185486,1.3167595757252388
EC:2.1.1.207,29.902803254296142,0.416375118912651
EC:2.1.1.217,27.681787766932768,-0.1349773063944717
EC:2.1.1.219,-7.681530388635183,-0.5549833720315912
EC:2.1.1.220,-7.681530388635183,-0.5549833720315912
EC:2.1.1.222,-6.615217685807786,-1.4691562087081744
EC:2.1.1.223,14.883008857990847,-4.456699142372854
EC:2.1.1.226,29.265756286614597,-1.5419455894083385
EC:2.1.1.227,29.265844099825248,-1.541902859227086
EC:2.1.1.228,30.462975108424757,0.7567597551360739
EC:2.1.1.234,-20.86634613883884,-0.03376750555751394
EC:2.1.1.235,-19.944097257409556,-0.8290537256630118
EC:2.1.1.242,-2.0305646147529757,-2.5999329227439953
EC:2.1.1.245,8.456703053162546,-6.977052908574543
EC:2.1.1.246,-2.1374327020206336,-5.249181309512847
EC:2.1.1.248,-22.1536512393666,1.2728177100714606
EC:2.1.1.250,0.4069227111532894,-4.580066900833009
EC:2.1.1.255,-17.198747226578977,1.075054490533669
EC:2.1.1.258,5.971392767774168,-7.032374804177455
EC:2.1.1.264,-8.39669189553352,-1.1185129627781907
EC:2.1.1.265,5.879324806811619,-1.8431166050643066
EC:2.1.1.266,-6.575588838792094,-1.1001371104165596
EC:2.1.1.271,19.13828908832365,-5.847704885134559
EC:2.1.1.289,1.172982620869104,-3.620410635157981
EC:2.1.1.297,31.178795751101124,0.9066466670064246
EC:2.1.1.298,-7.916302553009835,-1.4806973156038146
EC:2.1.1.33,30.11382447698212,0.7575606816748166
EC:2.1.1.34,-7.6526740460146705,-1.7603922053673946
EC:2.1.1.35,-5.908100264622773,-0.819740785928172
EC:2.1.1.37,25.970108101576177,-1.6259122028363184
EC:2.1.1.44,-8.541996646960635,-1.2517663880601908
EC:2.1.1.45,27.931513385864296,0.678689135490074
EC:2.1.1.61,-7.913636652539606,-1.1784942731981156
EC:2.1.1.63,32.62616842251385,0.9068184361207448
EC:2.1.1.64,-6.615217685807786,-1.4691562087081744
EC:2.1.1.72,37.85704847431768,0.6860522226840551
EC:2.1.1.74,14.168773765164245,1.9225475915892147
EC:2.1.1.77,-5.065863421356099,-1.6916736203883511
EC:2.1.1.79,20.92927884564806,-1.0953779396721202
EC:2.1.1.80,13.156406837493968,-3.581189738519917
EC:2.1.1.90,-12.8136102706669,-3.5686557718746177
EC:2.1.2.1,31.4064504677518,0.5887332481365807
EC:2.1.2.10,10.908873471116936,-0.37417394742555404
EC:2.1.2.11,13.78314831389933,-0.7532539462121549
EC:2.1.2.13,-7.231911831796434,-1.567838865627443
EC:2.1.2.2,30.697527494850387,0.8393554105732367
EC:2.1.2.3,29.612066980809562,0.6787883926218574
EC:2.1.2.5,3.627975494420596,-3.846192941452101
EC:2.1.2.9,31.154711189259253,0.7518290254240909
EC:2.1.3.11,-7.250546810179909,-1.207328800773012
EC:2.1.3.2,30.491239972969705,0.7250913829515128
EC:2.1.3.3,27.71253767870525,0.11966213770146837
EC:2.1.3.6,-6.4127124130441935,-0.5922092376210141
EC:2.10.1.1,21.17922657875334,-2.067628040547997
EC:2.2.1.1,36.90516589438241,-1.935063544112566
EC:2.2.1.10,-5.730905090575613,-3.6385978214352384
EC:2.2.1.2,28.079263622358976,-1.749088072292792
EC:2.2.1.6,40.69326364853599,-0.19073523048152446
EC:2.2.1.7,28.04719673492508,-2.6230730928495296
EC:2.2.1.9,6.400017698377477,2.0090337270149154
EC:2.3.1.1,27.295456720184173,-2.8544997061551793
EC:2.3.1.102,-9.519211515490303,-0.4502066384901517
EC:2.3.1.109,-8.467827809401006,-1.0915226707104975
EC:2.3.1.117,13.815002161558043,-1.392015287934591
EC:2.3.1.118,3.8003615573923364,-3.707323639310788
EC:2.3.1.12,15.652553276733373,3.388075858990667
EC:2.3.1.128,36.2393843540677,0.4634243461115782
EC:2.3.1.129,2.5687023714195827,-1.5896066190666311
EC:2.3.1.15,36.35176766750024,0.3927799277654713
EC:2.3.1.157,18.97592279947394,2.2661995237572357
EC:2.3.1.16,0.32476808347306846,-1.0862848476861433
EC:2.3.1.168,-9.421172433472877,3.4732298775721735
EC:2.3.1.169,5.972406836216628,-7.0242694268983525
EC:2.3.1.174,-9.356741818899797,-0.7481988393604758
EC:2.3.1.178,-7.699927524928981,-0.7123094897811096
EC:2.3.1.179,30.46349237709599,0.7627585565799011
EC:2.3.1.18,9.956154391253566,-3.2049688575192667
EC:2.3.1.180,29.488623600462045,1.265077954814552
EC:2.3.1.181,-0.12833144570926674,-1.0935370542747842
EC:2.3.1.182,-7.249633858848107,-1.218972666281616
EC:2.3.1.183,26.230003999483724,-0.5263495707397333
EC:2.3.1.184,-15.373664821962725,0.12154325142942062
EC:2.3.1.187,-4.975584561654281,1.2874180249185465
EC:2.3.1.189,-6.569654761421376,-0.8571882309250536
EC:2.3.1.19,5.614911745619752,-1.849479782839445
EC:2.3.1.191,1.8947616959309748,-1.8560916202479443
EC:2.3.1.193,-8.310125944056995,-1.1263299681324868
EC:2.3.1.20,-33.205576979885265,2.1047316744893223
EC:2.3.1.201,-7.049119921036454,-3.95490596262927
EC:2.3.1.203,-7.612776598411714,-0.8642622001276968
EC:2.3.1.204,0.41559973584539533,1.9769366371083856
EC:2.3.1.207,-31.66180513999434,2.5153436696147877
EC:2.3.1.210,-8.310125944056997,-1.1337866482738164
EC:2.3.1.222,-5.860170514134053,-1.9360897798016394
EC:2.3.1.223,-9.290339012228428,-0.7420348519962184
EC:2.3.1.233,-14.409993034231604,0.25772368545645696
EC:2.3.1.234,31.062110660117032,0.6526578095261018
EC:2.3.1.235,-15.279679557535058,0.14018772345787073
EC:2.3.1.241,5.136699321383654,-1.318807782349373
EC:2.3.1.242,-8.37048642745286,-1.0108837095999117
EC:2.3.1.243,-8.310125944056997,-1.1337866482738164
EC:2.3.1.28,11.422781816955618,-4.144430521304894
EC:2.3.1.29,11.55517847903578,-1.4230222469056133
EC:2.3.1.30,29.52885133775403,-0.08526069075535772
EC:2.3.1.31,-4.855910188438186,1.7122384337728307
EC:2.3.1.35,24.86271549987841,-3.3635813433324895
EC:2.3.1.39,29.94645196982824,0.9742856544067224
EC:2.3.1.40,-6.582033704583863,-0.6129599560028548
EC:2.3.1.41,-5.08462305142572,-0.6556902451414287
EC:2.3.1.46,26.509951645466284,-1.5430568923049925
EC:2.3.1.47,5.967836906818938,0.738519785396227
EC:2.3.1.51,34.86817377977657,-0.23695102983314603
EC:2.3.1.54,34.52667408986153,-0.4701183823311645
EC:2.3.1.57,11.882807870905252,1.36718170253022
EC:2.3.1.59,-10.80674530636367,-1.572053282275281
EC:2.3.1.61,1.6124036123606755,2.061462689249036
EC:2.3.1.79,26.839037471376063,-1.649085112896261
EC:2.3.1.8,32.50251824187304,0.03835569574272445
EC:2.3.1.81,2.7105924230717995,-0.7724284377278203
EC:2.3.1.82,0.7999177467007471,-1.1582012446122896
EC:2.3.1.89,5.600195683819331,1.7053609503030718
EC:2.3.1.9,25.387065818090978,2.077839136367182
EC:2.3.2.10,4.972446449718325,-2.971513122374164
EC:2.3.2.13,-10.265949781014761,-2.7403086230252147
EC:2.3.2.16,-9.428111039160024,2.4753470877733053
EC:2.3.2.17,-4.030290063679152,0.1307467976828121
EC:2.3.2.18,-12.67799763911078,3.4423081132030804
EC:2.3.2.2,10.356744589312973,0.2634233355895593
EC:2.3.2.3,7.033454810275598,2.978700988567446
EC:2.3.2.5,-13.353788423567595,0.08164030017847558
EC:2.3.2.6,-1.283093832992056,-2.5896212357739032
EC:2.3.2.8,-26.006129160347353,2.173620573641055
EC:2.3.3.1,26.764000281359948,-2.631982483526346
EC:2.3.3.10,8.492859572843209,2.6803322951746145
EC:2.3.3.13,28.93647720056336,-1.8665592323737201
EC:2.3.3.14,-2.694503043817513,-4.330052451888926
EC:2.3.3.5,-10.193063150878722,-1.038042187603431
EC:2.3.3.9,-3.081807169630081,-0.9688625455313062
EC:2.4.1.1,31.971430919465377,-2.7582166304267224
EC:2.4.1.10,-4.860248988918409,-0.7144533955639605
EC:2.4.1.109,-23.61423330123059,0.8752635634368849
EC:2.4.1.11,-8.876376994317946,-1.8462532215771792
EC:2.4.1.117,-24.710929129814414,1.046101215989048
EC:2.4.1.12,-0.13889924447264806,-0.9212163396310182
EC:2.4.1.129,26.34198521838871,-1.0576790866049965
EC:2.4.1.144,-13.718158154772336,-0.3619818491215325
EC:2.4.1.15,-2.221945053084209,-0.6385614000637653
EC:2.4.1.18,28.899696896188793,-2.999203628013325
EC:2.4.1.180,-7.364408886126724,-1.406323056741981
EC:2.4.1.182,1.2347737956643658,-1.5870350466799334
EC:2.4.1.187,18.62959638918665,-1.2401842559575083
EC:2.4.1.20,-0.38234711234551955,-3.518799401370935
EC:2.4.1.208,4.3632462432392165,-1.669432728012018
EC:2.4.1.21,26.413663390313946,-2.6923680488085613
EC:2.4.1.211,12.344271831660901,-6.639092186866415
EC:2.4.1.212,-6.5144233622682854,-1.599566256285319
EC:2.4.1.216,-13.412784867675928,-0.7973396717623185
EC:2.4.1.227,30.510856173113154,0.7274306365205667
EC:2.4.1.230,-5.327475086073865,-3.8699329333019654
EC:2.4.1.247,-11.61327388336633,-0.8809171709782379
EC:2.4.1.25,26.379791186728646,-4.992866260102497
EC:2.4.1.250,-7.703210373395282,-0.7157293576203202
EC:2.4.1.266,-6.655063187746326,-0.5850814569046682
EC:2.4.1.280,-1.3901149464062492,-2.834408137824962
EC:2.4.1.281,-4.1921971209028825,-2.3812345474793135
EC:2.4.1.287,-10.48289600991845,-2.25487645173115
EC:2.4.1.288,-9.16337193085232,-2.2688974693925195
EC:2.4.1.289,-9.19289014851416,-1.3467267966220537
EC:2.4.1.290,-25.648935687533072,1.8402800100092527
EC:2.4.1.291,-15.576268172957183,0.056314668388666306
EC:2.4.1.292,-23.571317390915908,1.660656036074371
EC:2.4.1.310,-11.639871912882152,-1.0616522440742948
EC:2.4.1.315,11.487901640982248,-2.231261529236249
EC:2.4.1.319,-3.7556294255043787,-2.421521065402572
EC:2.4.1.320,-3.5299230142701763,-2.6268958079028635
EC:2.4.1.325,-8.310125944056997,-1.1337866482738164
EC:2.4.1.4,4.587837925083415,-6.12121816393757
EC:2.4.1.44,-11.940602411688612,-0.035815190814119324
EC:2.4.1.5,-2.6925946777541525,-6.467372592113137
EC:2.4.1.52,0.8127255473328907,2.324829323986029
EC:2.4.1.57,-7.703210373395282,-0.7157293576203202
EC:2.4.1.58,-15.187136203144657,-0.9494386193665441
EC:2.4.1.64,1.8109197022056336,-3.010931329341193
EC:2.4.1.7,11.91684373269329,-2.711734049972848
EC:2.4.1.8,3.902118629636168,1.8108046706163392
EC:2.4.1.80,-7.882282495214705,-3.7275254432099203
EC:2.4.1.83,13.867667691289615,-3.6769245642361144
EC:2.4.2.1,32.32163947829504,0.6384135985099967
EC:2.4.2.10,33.59233036856431,-0.10729346424556611
EC:2.4.2.12,-9.654728619455623,-2.0996440755344388
EC:2.4.2.14,30.445657926453734,-0.22033573889553762
EC:2.4.2.17,25.99329162859332,-1.8743463041822837
EC:2.4.2.18,26.19010646420359,-0.18796269352525175
EC:2.4.2.19,22.997058569213163,-6.2209573137387455
EC:2.4.2.2,23.41347726676533,0.7384689574974458
EC:2.4.2.21,23.351121900028254,-5.142592385523738
EC:2.4.2.22,28.2772603839325,0.9182428504114182
EC:2.4.2.28,-3.6318102419523037,-2.3636978044761765
EC:2.4.2.29,29.437156613108282,0.5504429863777784
EC:2.4.2.3,20.152512003444205,-3.8938146043416677
EC:2.4.2.4,-4.145441087249748,-0.6632987919909054
EC:2.4.2.43,-8.962453562050724,-0.8989338151838641
EC:2.4.2.45,-8.564209290128597,-0.5023574742892176
EC:2.4.2.46,-10.483489502624579,-2.254593864914757
EC:2.4.2.47,-18.086658782446168,0.860085860650928
EC:2.4.2.52,8.377080247623166,0.3539605153464469
EC:2.4.2.53,4.294440902451456,-4.660580124567571
EC:2.4.2.6,-4.764834254529731,0.3486015191467477
EC:2.4.2.7,26.42127880965753,1.2606467512573674
EC:2.4.2.8,31.34494452784347,0.7143836241106657
EC:2.4.2.9,31.80464811940419,1.3496340102621271
EC:2.4.99.12,0.3621889866020541,-1.4575988279387115
EC:2.4.99.13,0.674731968587127,-1.5263009097495612
EC:2.4.99.14,0.10506289442808611,-1.4339838513807923
EC:2.4.99.15,0.7263692066516648,-1.5647769337903275
EC:2.4.99.16,-8.328683544203768,-0.7958823961221896
EC:2.4.99.17,29.995376732449902,0.6815017401390793
EC:2.4.99.19,-23.783121584956994,1.6938475677815912
EC:2.5.1.1,31.387510264462215,0.7008958857663944
EC:2.5.1.10,31.349968069540253,0.707901204859912
EC:2.5.1.101,-4.994858732441835,-1.9268337234772517
EC:2.5.1.105,11.913098914197517,-6.432110155217627
EC:2.5.1.120,-11.664095550854695,-0.6391984375895847
EC:2.5.1.15,25.00996488021643,-1.2632299682400296
EC:2.5.1.16,19.06513052782694,-5.005218518925387
EC:2.5.1.17,26.05879903770617,-4.495417648649865
EC:2.5.1.18,-3.5998248453130985,-1.5331485848123
EC:2.5.1.19,30.331902964618426,-0.4264566471305259
EC:2.5.1.21,-15.326105375210604,0.3074812556960881
EC:2.5.1.26,-3.7235223980930696,-0.849111734318702
EC:2.5.1.29,30.29426704691507,0.12681628764632896
EC:2.5.1.3,26.720860371464155,-1.3528423403544978
EC:2.5.1.30,27.208748097710213,0.21267162418865995
EC:2.5.1.31,31.59836724770057,0.6071295401097727
EC:2.5.1.32,-4.266631498023054,-0.486158260599552
EC:2.5.1.39,-0.33013582932662,-2.389020790064265
EC:2.5.1.46,-26.683573241983357,1.7888262056157103
EC:2.5.1.47,33.16922842389042,0.7655469561525737
EC:2.5.1.48,12.097084252282999,2.3626643714857685
EC:2.5.1.49,28.399832625428964,-4.30668392109098
EC:2.5.1.54,34.944935779724254,-1.718415334960205
EC:2.5.1.55,0.8066975229186287,-1.3568236293696117
EC:2.5.1.56,-1.46294621903959,-3.463334672206456
EC:2.5.1.57,-16.66779906364189,-0.36445824940461846
EC:2.5.1.6,32.212471581097326,-0.019148467976754846
EC:2.5.1.61,24.729568203486323,-2.425684856984685
EC:2.5.1.68,-7.703198420241087,-0.715732622508282
EC:2.5.1.7,33.80330599409591,0.7854100355215523
EC:2.5.1.72,23.419656359319898,-6.232340004733682
EC:2.5.1.74,8.967332132966806,3.179450255760786
EC:2.5.1.75,30.47322586496863,0.79209814765429
EC:2.5.1.76,-22.200043511097444,0.4425143882088718
EC:2.5.1.78,20.586139980372206,-0.1631954043759103
EC:2.5.1.9,20.75241488465346,-0.3027658745036066
EC:2.5.1.90,0.5760160383866811,-1.435873729125438
EC:2.5.1.97,-6.891588143818267,-1.46667699396771
EC:2.6.1.1,23.35772117644087,-5.183143642072111
EC:2.6.1.102,-10.760775360740746,-2.328948092372025
EC:2.6.1.103,-14.031399581265124,0.018592353265654716
EC:2.6.1.11,27.589218594749266,-2.5205423686019106
EC:2.6.1.13,-4.2200401425799505,1.828056286982818
EC:2.6.1.16,32.405902433200204,0.31714516161118267
EC:2.6.1.17,22.931115337372955,-6.790870056180004
EC:2.6.1.18,-31.193636968678444,2.7900099322378353
EC:2.6.1.19,6.8781069196793805,1.8914294882327503
EC:2.6.1.2,15.704299282944438,-2.5820714994735523
EC:2.6.1.21,1.8862383513256888,0.8147429150271688
EC:2.6.1.22,-4.312535759703291,-2.0679904053603084
EC:2.6.1.34,-25.648935687533072,1.8402800100092527
EC:2.6.1.37,8.998092427559241,-3.051673953157475
EC:2.6.1.42,30.236070271481807,0.35713646825827056
EC:2.6.1.52,25.454993064064404,-3.8980274820031124
EC:2.6.1.55,-8.964670073541859,-1.6209985668744888
EC:2.6.1.57,3.8615813425854504,-2.808974746816094
EC:2.6.1.59,4.4381555924063765,-4.486724609111817
EC:2.6.1.62,14.100988762005658,-0.5400845877298295
EC:2.6.1.66,17.168774979285725,-2.3495632498214376
EC:2.6.1.76,-5.494883232009684,-0.44753677674659964
EC:2.6.1.81,-8.381389418624552,-1.0350516427748735
EC:2.6.1.82,-6.9595933605105955,-0.5257143915370094
EC:2.6.1.83,18.801973023970213,-5.6577628652790315
EC:2.6.1.85,19.44516157168204,-0.539412102289052
EC:2.6.1.86,-13.767751456438932,-0.014551175762555721
EC:2.6.1.87,-8.864862792015247,-0.8869800246797372
EC:2.6.1.9,27.465727689366844,-0.627081276831394
EC:2.6.99.2,-2.8746694100631087,-1.5067512769855462
EC:2.7.1.1,-9.451979176408843,-0.9341198788324916
EC:2.7.1.100,-4.815135930353491,-0.8405377823664084
EC:2.7.1.107,20.760503930113874,1.2928796600885601
EC:2.7.1.11,37.005026197754574,-1.5004027256867825
EC:2.7.1.113,-5.339482040509469,0.8165757651152395
EC:2.7.1.119,-13.061010719614854,-0.9156050860662069
EC:2.7.1.12,8.648654695839918,2.8392021115286
EC:2.7.1.130,0.29756986881480446,-1.3715935291899928
EC:2.7.1.14,-4.623490571394551,-2.6267890821077766
EC:2.7.1.144,9.085538851637148,1.9444430444078398
EC:2.7.1.146,-7.734481488737501,-3.3949018409632687
EC:2.7.1.147,-7.833035335240952,-3.375872977428924
EC:2.7.1.148,28.185259090035267,0.28904504930074415
EC:2.7.1.15,29.872820342329128,0.16179613826570718
EC:2.7.1.156,24.099226084391695,-5.395983595137348
EC:2.7.1.16,3.877523550404986,1.1261869747894622
EC:2.7.1.165,-16.999361835543954,-0.36941209588661866
EC:2.7.1.167,-2.1276403965053134,-1.4940918764103308
EC:2.7.1.168,-2.3889063164868314,-1.8202952796736855
EC:2.7.1.17,30.625247316814008,-1.8077963963270314
EC:2.7.1.170,2.185715152024869,-1.269766619620312
EC:2.7.1.175,-8.338192981090069,-0.7965276595269496
EC:2.7.1.176,1.3609242762773788,-0.5601676755371563
EC:2.7.1.177,-0.8399709967207831,-2.7572242461087813
EC:2.7.1.184,-6.619697931401773,-2.4766167941242223
EC:2.7.1.19,-8.370486427452864,-0.9578304341727825
EC:2.7.1.2,32.93523188961714,0.1337135376825146
EC:2.7.1.20,-0.7809204400998142,-3.218330127019772
EC:2.7.1.21,21.5340558743596,2.365349945938668
EC:2.7.1.22,-6.9690094028076865,-1.632511179085568
EC:2.7.1.23,30.920285473245166,0.7201068839971899
EC:2.7.1.24,30.34004445409201,0.7417494753222482
EC:2.7.1.25,0.882519227941925,1.8557947547379923
EC:2.7.1.26,31.163052415707458,0.6591539826429448
EC:2.7.1.27,-11.781648013073358,-0.6113027606783301
EC:2.7.1.29,1.4845301663101234,-2.527304383381898
EC:2.7.1.30,30.657386106382532,0.10524924220956935
EC:2.7.1.31,30.918373514161054,0.21574600112816436
EC:2.7.1.33,31.629510217914476,0.7233944039900642
EC:2.7.1.35,28.48990253062241,1.786875917746828
EC:2.7.1.36,8.494480230169794,2.6821667032097354
EC:2.7.1.37,-24.62511558064853,1.496580326251853
EC:2.7.1.39,20.612858931601412,0.9222030264725851
EC:2.7.1.4,33.70162099212657,-0.3721215488788589
EC:2.7.1.40,31.979943415306458,0.6622675526313531
EC:2.7.1.45,23.643846432781377,-1.5923858827339157
EC:2.7.1.48,31.401980342483835,0.13787526496642216
EC:2.7.1.49,28.105855547057498,0.4452827707177014
EC:2.7.1.5,25.35177513436853,-2.402243985320435
EC:2.7.1.50,23.92505661208086,-1.0573473538933167
EC:2.7.1.51,8.181304976498735,-6.092613883979243
EC:2.7.1.52,-4.272820947394472,-3.0329038785881584
EC:2.7.1.53,2.6615613530316993,-2.0548287305661503
EC:2.7.1.55,-9.464315079730927,-2.244181526117278
EC:2.7.1.56,29.111347133546136,0.5861857096554962
EC:2.7.1.58,-7.183627920569178,-1.5246249863154926
EC:2.7.1.59,-8.046587210576208,-1.1776565317938408
EC:2.7.1.6,28.81024797705547,-1.2147435624006926
EC:2.7.1.60,-8.936247735885086,-1.2811353652993758
EC:2.7.1.63,-8.473409798784195,-0.38401125757830956
EC:2.7.1.66,9.857658158588807,2.5195121637709383
EC:2.7.1.69,36.54917069238511,0.9460118063089061
EC:2.7.1.71,30.688596927495436,-1.1049180286929738
EC:2.7.1.72,-4.773567982336212,-1.271274253962592
EC:2.7.1.73,-8.370486427452862,-1.0034661119743524
EC:2.7.1.74,-5.339482040509469,0.8165757651152395
EC:2.7.1.76,-2.5273704841465343,1.6647881336110928
EC:2.7.1.8,-26.15585397761263,2.0994307527901177
EC:2.7.1.83,3.106477254967231,-4.383435812886898
EC:2.7.1.85,-23.240033869776127,1.3497268210018882
EC:2.7.1.87,-7.554799617867893,-1.8904450415573837
EC:2.7.1.89,-8.37048642745286,-1.0108837095999117
EC:2.7.1.90,-6.716710316346491,-1.3673982068366521
EC:2.7.1.92,5.141526339181141,-2.8946042281811817
EC:2.7.1.95,-3.5758008212917534,-0.7514081935327048
EC:2.7.11.1,37.56521865251549,-0.8323011632166947
EC:2.7.11.5,-8.476966422349841,-1.0246648849874909
EC:2.7.13.3,48.16938611331295,0.5839816533660293
EC:2.7.14.1,6.718968838092043,-0.8112813010202817
EC:2.7.2.1,28.906199790870776,0.5759546874520735
EC:2.7.2.11,28.32546720797274,-0.7802008296307018
EC:2.7.2.15,-7.91734536859448,-0.5719671452337266
EC:2.7.2.2,29.558791610012644,-0.7470589706477755
EC:2.7.2.3,30.490850687933527,0.713889292015059
EC:2.7.2.4,33.92783786080921,0.5481975862643428
EC:2.7.2.7,10.316173570804029,-2.779669004137557
EC:2.7.2.8,26.77108326292149,-2.2647028038779764
EC:2.7.3.9,32.09072420828761,0.0517420483018068
EC:2.7.4.1,24.01379218222608,-1.7203705591470986
EC:2.7.4.14,33.34824864186268,-0.483926716314287
EC:2.7.4.16,4.320160048406807,-1.6056217428076351
EC:2.7.4.2,8.491938287302267,2.682736194071714
EC:2.7.4.22,30.49232448096426,0.7282090515674364
EC:2.7.4.23,-8.46061831413929,-0.8554420017315906
EC:2.7.4.3,30.491614275447237,0.7283118521837098
EC:2.7.4.6,12.481906902429918,2.608545636573682
EC:2.7.4.7,28.21383262924703,0.42725562358225444
EC:2.7.4.8,29.783227225699314,0.9296490598738881
EC:2.7.4.9,22.064184276044966,1.7959400421532536
EC:2.7.6.1,34.600146940118584,0.3175105793911053
EC:2.7.6.2,27.933122586021753,0.09628241138698565
EC:2.7.6.3,22.54122748250389,-1.2673241131433737
EC:2.7.6.5,36.048460955137415,-0.1979288258851246
EC:2.7.7.1,-0.13306514034150524,-4.817743548421205
EC:2.7.7.12,30.056656663504384,-1.2923557387608644
EC:2.7.7.13,12.37276617187422,-3.312159286844512
EC:2.7.7.15,-10.664492549250731,-1.4804027193348697
EC:2.7.7.18,30.544721706727582,0.7062386684367951
EC:2.7.7.19,-0.4280182831528782,-1.4538567040557988
EC:2.7.7.2,31.024436152394085,0.6985136711254802
EC:2.7.7.23,19.64936997752592,2.3100801960954844
EC:2.7.7.24,29.615036024401647,-0.940650119829848
EC:2.7.7.27,31.531138917594394,-3.359761877444747
EC:2.7.7.3,30.459641064324888,0.7164678234101937
EC:2.7.7.33,1.895330257112809,-3.5602867006125605
EC:2.7.7.38,2.6755117967334074,-1.5883106573833428
EC:2.7.7.39,12.732249347009708,-0.9606506879501651
EC:2.7.7.4,10.400297839626665,-0.6051403686695142
EC:2.7.7.41,30.57108046360416,0.7556589380323743
EC:2.7.7.42,-4.227683009402052,-0.9142962167285886
EC:2.7.7.43,-2.812722545313742,-1.8848940269980414
EC:2.7.7.47,-1.269148434964741,-0.6678430364124622
EC:2.7.7.49,-3.2889685387096432,-1.6448878402119125
EC:2.7.7.53,-7.711552866357601,-0.5896016108444678
EC:2.7.7.56,5.798388465637658,-3.746088584268723
EC:2.7.7.58,-4.8442244383187605,-0.9324324589695806
EC:2.7.7.59,-4.227272890957675,-0.9074900625217737
EC:2.7.7.6,41.40649263867593,0.7181924611498537
EC:2.7.7.60,29.898029343114757,-1.2802909819589785
EC:2.7.7.61,8.083402911426091,-0.8705676727589224
EC:2.7.7.62,24.014936619138997,-5.449557427968989
EC:2.7.7.63,20.754630667695793,2.9267592707618055
EC:2.7.7.65,-3.9585874148860536,1.3232968207400262
EC:2.7.7.66,-4.97969427517782,1.290908380726457
EC:2.7.7.68,-7.563825098141455,-0.7835517132601589
EC:2.7.7.7,47.82203088977142,0.7065819498581779
EC:2.7.7.70,-2.1243970961392162,-1.4961164646403144
EC:2.7.7.71,-0.23385963359242107,-4.153394172743878
EC:2.7.7.72,28.687646931862997,0.3231710740471398
EC:2.7.7.73,6.999558471846462,-4.078346901717618
EC:2.7.7.75,-8.215973356530384,-0.8830337331295451
EC:2.7.7.76,14.799045936324854,-5.294159648664564
EC:2.7.7.77,5.956621037390713,-0.4072239809309434
EC:2.7.7.8,30.39404896466843,-0.6838409859365921
EC:2.7.7.82,-5.348410446572736,-1.6207867819033352
EC:2.7.7.83,-6.943170743034635,-2.3072976374588325
EC:2.7.7.85,29.283629404067852,-0.3018844921167886
EC:2.7.7.87,30.25780098399507,0.7219217706592791
EC:2.7.7.9,20.192603412746568,2.279946917134356
EC:2.7.8.12,15.27458689282546,-2.3792251758527585
EC:2.7.8.13,30.332630079374795,0.48737507376181605
EC:2.7.8.14,2.946160053415809,-1.9950413792834831
EC:2.7.8.20,19.809543184477807,0.6046700027178803
EC:2.7.8.26,23.000192469465887,-5.243301442961032
EC:2.7.8.28,-7.700373140306265,-0.7014523264242548
EC:2.7.8.33,13.03132648035035,1.3775004144782101
EC:2.7.8.36,-16.52879391604441,0.3749813848989243
EC:2.7.8.37,-2.0288785724776104,-1.6282272000020124
EC:2.7.8.41,15.095539768036403,-4.467683655721275
EC:2.7.8.5,31.53504192659501,0.7349038367084592
EC:2.7.8.6,-1.1743696171052367,-4.821323353596117
EC:2.7.8.7,20.66880084402758,1.90155273177905
EC:2.7.8.8,17.56212949767437,-5.777218019358541
EC:2.7.9.1,24.74193574600899,-1.5258931632620398
EC:2.7.9.2,3.0245597929695487,-0.921563578713283
EC:2.7.9.3,21.09944547620603,-5.377033752994802
EC:2.8.1.1,14.535033955895821,-1.9973862236624624
EC:2.8.1.10,16.416270893280977,-2.079165063032043
EC:2.8.1.12,-4.512922070534217,3.576642800704601
EC:2.8.1.2,13.272497403783467,-2.413874062171043
EC:2.8.1.6,26.431519248737672,-3.3737055850666082
EC:2.8.1.7,37.179554738551595,0.8907761557640996
EC:2.8.1.8,3.7346727850870267,1.194083142253137
EC:2.8.2.22,-6.044786672192338,0.13683037085556823
EC:2.8.3.1,1.5602387818622836,-5.086523376615749
EC:2.8.3.10,9.387160262219458,-0.7998036837398711
EC:2.8.3.12,-2.1200042009099085,-4.109489148196956
EC:2.8.3.15,-11.752513677654278,-0.9597714988811918
EC:2.8.3.16,-0.536570842305396,-0.06945386795783733
EC:2.8.3.17,-21.489147657038128,0.978677789877283
EC:2.8.3.18,-1.7900970037374735,-3.0757777750454824
EC:2.8.3.19,-2.0556629040009304,-0.7536232553552366
EC:2.8.3.21,-7.92523520159745,-2.8412681970990947
EC:2.8.3.5,4.01699882152583,-4.677566897669819
EC:2.8.3.6,-19.12254247271857,1.1550337925337433
EC:2.8.3.8,8.712789132887092,-2.3921049153264646
EC:2.8.3.9,7.191913863647196,-2.4919230412522535
EC:2.8.4.3,25.190976628885604,-2.9851593995243886
EC:2.8.4.4,22.531000114850656,-5.490265062318625
EC:2.8.4.5,22.12718896537635,-3.63666328601177
EC:2.9.1.1,15.039072020525154,-1.0825069017454065
EC:3.1.1.1,3.439217864291514,3.4803375251303934
EC:3.1.1.11,2.1993962150567823,0.389857430335966
EC:3.1.1.17,-7.5168630739462445,-1.65691758474936
EC:3.1.1.24,-5.080684307275492,0.05459521689681729
EC:3.1.1.29,30.339696003270124,0.7274166313971373
EC:3.1.1.3,-2.0617374657347827,1.1428033290132333
EC:3.1.1.31,22.871231359964888,-0.14675599244860474
EC:3.1.1.32,-7.8558776446869745,-1.293937213825345
EC:3.1.1.4,-7.854982799672047,-1.274737752424828
EC:3.1.1.41,4.881075638229741,-0.9084837658633869
EC:3.1.1.45,-1.5067352430461292,-1.127444795962355
EC:3.1.1.5,7.92600715243777,-2.6479538360350188
EC:3.1.1.53,0.16163924971753527,-2.431359015632358
EC:3.1.1.57,-12.158318222403938,-0.8655485899435608
EC:3.1.1.61,9.644718046037791,-2.5829692441706857
EC:3.1.1.73,-10.093547114667045,-1.051723066463696
EC:3.1.1.74,-10.029601697925866,-1.2463552542064562
EC:3.1.1.75,-32.03621762265563,2.6846085494538623
EC:3.1.1.85,-3.1076017972211476,-1.2928536461839126
EC:3.1.11.1,-7.920403393639465,-1.5700185397672866
EC:3.1.11.2,31.646172641509125,-0.44840220269508
EC:3.1.11.5,30.63892548919101,0.6747115724713804
EC:3.1.11.6,35.884910918963065,0.7117921951754866
EC:3.1.12.1,10.108435139467934,-4.251775350991773
EC:3.1.13.1,-7.767901625214204,-1.3028232608512353
EC:3.1.13.3,28.05112378675714,0.18925518111188955
EC:3.1.13.5,-3.274351470538927,-0.7643726339303635
EC:3.1.2.12,-6.984932698776342,-0.9265681336173919
EC:3.1.2.20,-12.058053007574042,0.39087765535755975
EC:3.1.2.21,7.989476465127621,1.3441590229902034
EC:3.1.2.23,-32.12627583458955,2.7959618545636524
EC:3.1.2.26,-13.608703374020948,-1.6430550973243083
EC:3.1.2.28,-8.370486427452864,-0.9557780434018358
EC:3.1.2.6,-7.3681740600967345,-1.0339107832929213
EC:3.1.21.1,-7.908296701961346,-1.2515395661644968
EC:3.1.21.2,28.90510043789063,0.16609480575814506
EC:3.1.21.3,29.75979842840769,0.09497264873507065
EC:3.1.21.4,-3.442921844655817,-1.983386118374115
EC:3.1.21.5,3.320127025356587,-0.5982896671792935
EC:3.1.21.7,-6.4760782389092375,-0.8926317842542242
EC:3.1.22.4,13.586090951528057,-2.5488317933027242
EC:3.1.26.11,30.674926987325573,0.12276686055603372
EC:3.1.26.12,-4.212432162397391,-0.7324063109105489
EC:3.1.26.3,30.49147117438322,0.7193032018208203
EC:3.1.26.4,35.11941076612659,0.9880824401690358
EC:3.1.26.5,30.082980558328106,0.7657039625842341
EC:3.1.26.8,16.721710555228633,1.545506828847326
EC:3.1.27.1,-28.439052150339762,1.4800240555124842
EC:3.1.27.3,-11.222228326411381,-1.3245730280860752
EC:3.1.27.6,-8.467623607166827,-0.9901822273962348
EC:3.1.3.1,8.604717675895253,-0.22561221502760087
EC:3.1.3.10,-8.281282881628417,-0.8993366215061587
EC:3.1.3.11,30.31009741448365,0.8374628054967038
EC:3.1.3.12,-4.276295076952527,-0.7573263340577499
EC:3.1.3.15,29.5201876007402,-2.0503870950715126
EC:3.1.3.16,33.40187224708123,-0.4050703351253692
EC:3.1.3.18,33.46355755174371,-2.4583153873728154
EC:3.1.3.2,-5.549153386058775,-1.1666742194812199
EC:3.1.3.23,-3.9315876059244528,-0.5598333065337628
EC:3.1.3.25,28.036534322004204,0.5778740024090552
EC:3.1.3.26,-10.298275180078432,-0.5565820728812104
EC:3.1.3.27,-2.72353142148276,-1.1464194324497787
EC:3.1.3.3,18.111069592318216,-0.9306453944106033
EC:3.1.3.4,-8.233072155922525,-1.3023315780356657
EC:3.1.3.41,7.676384022808456,0.9535593517061405
EC:3.1.3.45,0.26517840083477895,-1.1340579840478098
EC:3.1.3.48,34.70251819176922,0.41510491930181787
EC:3.1.3.5,15.535384960023052,-1.9890731004748607
EC:3.1.3.6,12.177226963614014,0.3170834808889058
EC:3.1.3.7,29.268129849873958,0.7857762871406875
EC:3.1.3.70,-8.935108277481847,-0.5499673833190204
EC:3.1.3.71,-3.1567310669305573,-3.0822581630287154
EC:3.1.3.73,22.244392080820766,-5.130921883742623
EC:3.1.3.77,-12.96279515357372,0.2545750344130721
EC:3.1.3.8,-17.67430767637554,1.3133717044466664
EC:3.1.3.81,-8.233072155922525,-1.3023315780356657
EC:3.1.3.82,4.28483450990389,-0.5615214217501434
EC:3.1.3.83,4.341781845163855,-0.5807730240142556
EC:3.1.3.89,4.653276611233292,-3.2719350159729497
EC:3.1.3.90,7.9634548853885505,-0.7787853590688879
EC:3.1.31.1,-4.014795026621785,0.4464439401494129
EC:3.1.4.14,-8.37048642745286,-1.0108837095999117
EC:3.1.4.16,12.158357321110977,0.382988285456559
EC:3.1.4.17,-26.689451275795193,2.082783147708163
EC:3.1.4.3,-0.9054076330307842,0.43308954652557446
EC:3.1.4.37,-24.62511558064853,1.496580326251853
EC:3.1.4.46,27.03931399390131,2.00368064838253
EC:3.1.4.52,-7.273086627433632,-1.056001064080226
EC:3.1.4.55,1.9895776239329896,-2.3927457850448732
EC:3.1.5.1,25.246595197391773,-5.604123078969771
EC:3.1.6.1,-2.4742303804884136,-1.8613728002345686
EC:3.1.6.12,-12.96273540133904,-0.02351181009013056
EC:3.1.6.6,-5.548297295244361,-2.5832388260347505
EC:3.1.6.8,-12.817986264377279,-0.47690074478392697
EC:3.1.7.2,-8.596798369210994,-0.8417780062526937
EC:3.11.1.1,8.08153387936027,-2.9310944680957625
EC:3.11.1.2,-14.981394182313565,-0.2577802461113729
EC:3.13.1.1,-18.412226030027774,-1.2910375241268188
EC:3.2.1.1,18.14296404497143,-1.0319671039887441
EC:3.2.1.10,17.311649760716623,-3.452154573965346
EC:3.2.1.11,-1.7362551767371817,-3.075253942579911
EC:3.2.1.122,6.260356327726617,1.1804375266218596
EC:3.2.1.130,-15.3655903894878,-0.22413295465715002
EC:3.2.1.132,-14.060061989407275,0.7228690906874248
EC:3.2.1.135,0.5008068496818716,0.006241305169346467
EC:3.2.1.136,-13.814533428973341,-1.3569883066292547
EC:3.2.1.139,-1.590098601014775,-3.0395693059521935
EC:3.2.1.14,1.4113129173526477,-1.4949430742411873
EC:3.2.1.141,-9.083721391468837,-0.8924442486941784
EC:3.2.1.156,-7.052459965855954,-2.9418590745808206
EC:3.2.1.164,-24.633521146210903,1.1698580163730976
EC:3.2.1.165,-23.25705743132617,0.02453913290961595
EC:3.2.1.17,-1.913360089611477,-0.7265684765181841
EC:3.2.1.170,-0.876047442783985,1.1933999893030363
EC:3.2.1.172,10.294858028480812,-1.6337628865383247
EC:3.2.1.177,12.906146975159341,-3.0361923935312167
EC:3.2.1.18,3.9714702607495864,-3.2509016098497923
EC:3.2.1.180,10.859562284673132,-0.850104545906721
EC:3.2.1.183,-17.282484151095584,-0.647596144014101
EC:3.2.1.184,-5.087421401123679,-2.4040640280477605
EC:3.2.1.20,32.63480783863564,-0.33273406932814853
EC:3.2.1.21,32.6476969080016,-2.735340279583625
EC:3.2.1.22,31.210886921854865,-1.7723460247394118
EC:3.2.1.23,38.695992549806896,-1.7103306266234444
EC:3.2.1.24,14.855262549638011,-1.874777748253623
EC:3.2.1.25,8.62773654864281,-4.765921001134093
EC:3.2.1.26,32.134592361097624,-1.0447225142899836
EC:3.2.1.28,-6.40713442678063,-1.377545052692548
EC:3.2.1.31,1.9300002521123412,-0.11936747834334482
EC:3.2.1.35,-0.33938215135355526,-4.788907890790365
EC:3.2.1.37,11.616198967362548,-3.262736408207182
EC:3.2.1.4,14.630373129791185,-4.568980212320032
EC:3.2.1.40,12.354836522817124,-2.292684946147655
EC:3.2.1.41,9.40337315882941,-2.2849871806248196
EC:3.2.1.45,-0.8513886302952284,0.2901057273780301
EC:3.2.1.50,-5.2090279956767995,-1.8147934201797615
EC:3.2.1.51,23.23706099431569,-2.7511796786609
EC:3.2.1.52,21.67859327214591,-1.3519683032979852
EC:3.2.1.55,15.728262703061061,-3.3926223901555934
EC:3.2.1.58,-15.223562671745787,-0.717828564508084
EC:3.2.1.64,-6.61384382302298,-3.72547704442666
EC:3.2.1.65,-13.236700564531011,-0.6977588118613887
EC:3.2.1.70,12.362493203442638,-1.3286693315080385
EC:3.2.1.73,-9.102341369966615,-1.6322056363827588
EC:3.2.1.78,-2.732446640340214,-2.601184029614762
EC:3.2.1.8,-4.89177772635555,-1.85370009465084
EC:3.2.1.80,-1.0287108153857347,-4.058355705362109
EC:3.2.1.82,-14.898835389615925,-0.3049464968537362
EC:3.2.1.85,4.644658332708297,2.88305604323483
EC:3.2.1.86,30.863084498097308,-0.39361422387825235
EC:3.2.1.89,-0.021083573637206605,-0.23324262029323586
EC:3.2.1.91,-10.868171667977524,-0.9725451109189589
EC:3.2.1.93,14.186952218554374,0.7793047700935172
EC:3.2.1.96,-3.6358297788915923,3.2544436187238404
EC:3.2.1.97,-5.769902585830934,-1.48545913472052
EC:3.2.1.99,-1.878057399727354,-1.1804790652442567
EC:3.2.2.1,22.734141197361208,-1.328919306479061
EC:3.2.2.20,20.597854327482455,2.0369649256480984
EC:3.2.2.21,11.833061556201947,2.9937539036014034
EC:3.2.2.23,18.238649844939296,2.263298808149448
EC:3.2.2.26,-13.574804915167583,0.19914093015883041
EC:3.2.2.27,29.130267680120397,0.8385937567188317
EC:3.2.2.30,-25.64893568753308,1.9751764770414724
EC:3.2.2.4,-3.865062652966894,-1.263413201530912
EC:3.2.2.8,-4.523937951841042,-1.9400824870719573
EC:3.2.2.9,30.207083659011108,0.5896836635169297
EC:3.3.1.1,2.8397476651996674,-3.4053573100174352
EC:3.3.2.1,-7.731767704234788,-1.5345767936848882
EC:3.3.2.12,-5.662817007958089,-1.0983422770266713
EC:3.3.2.8,-12.158409835357245,-1.067835147595269
EC:3.3.2.9,-10.537812123231197,-1.224565819591293
EC:3.4.11.1,11.547622969015508,-1.4919034874138846
EC:3.4.11.10,-19.608890681906498,1.0892435207418358
EC:3.4.11.14,-12.722705396343494,2.2272954755972116
EC:3.4.11.18,33.942433462206594,0.10086468719220247
EC:3.4.11.19,-3.876459776641589,-1.7481011073952015
EC:3.4.11.2,11.565816396536281,1.1441926727762781
EC:3.4.11.21,19.525367781927024,-6.668555020033896
EC:3.4.11.23,-8.310125944056995,-1.1263299681324868
EC:3.4.11.24,-13.443762403058162,0.7981911401773323
EC:3.4.11.4,28.81805078814245,1.63291691594626
EC:3.4.11.5,8.570514736497703,-0.4585432214661638
EC:3.4.11.6,-20.914814577720602,1.3313143264531546
EC:3.4.11.7,6.30294209055117,2.4654271030593304
EC:3.4.11.9,31.14417041708079,0.7147195289384072
EC:3.4.13.19,19.615558707866747,-6.3081074979861205
EC:3.4.13.21,6.970934082425598,-2.69888902063702
EC:3.4.13.22,5.95992344898168,0.11562688999550534
EC:3.4.13.9,20.961698232363837,1.5137052230402117
EC:3.4.14.11,7.29495486679437,0.5924594775044847
EC:3.4.14.4,-7.092133113327193,-0.8879047538975547
EC:3.4.14.5,-2.7074812766438923,-1.1359428496644015
EC:3.4.15.5,-1.3528881047325703,-1.4630169056798363
EC:3.4.15.6,-6.0074377150763425,-3.6795120082168884
EC:3.4.16.4,43.08222887199,-2.183204115145239
EC:3.4.17.11,-4.548641541561047,-2.0741125380375314
EC:3.4.17.13,10.322117590756111,-2.6075774759859853
EC:3.4.17.14,-13.336332702229397,-0.7768212951127407
EC:3.4.17.18,-14.77299857129156,-0.10811567028747122
EC:3.4.17.19,7.276033987722454,-1.0268079070093472
EC:3.4.19.1,-5.1520245353539895,-3.952987690545179
EC:3.4.19.11,7.062993614007706,-6.301041573493133
EC:3.4.19.12,-22.74849514961112,0.5069122227943577
EC:3.4.19.13,10.048876322113664,0.21987329040519704
EC:3.4.19.3,11.637081804099735,1.6123090378489477
EC:3.4.19.5,-6.241403084798393,-1.0758208740568194
EC:3.4.21.102,26.1884563157405,-0.42805512839250465
EC:3.4.21.105,23.344632587973773,-0.5650630002619395
EC:3.4.21.107,32.92252381013301,-2.5764864323448027
EC:3.4.21.116,20.08087873229883,-7.041543727799159
EC:3.4.21.19,-12.61947050209003,3.576566203675665
EC:3.4.21.26,-6.088807281011619,-1.3581611276502297
EC:3.4.21.53,26.950520038504717,-4.655819642252353
EC:3.4.21.66,-5.869094368933658,-0.26212154306867114
EC:3.4.21.81,-13.142543575431345,-0.5905561131435151
EC:3.4.21.83,-8.452066044504766,-0.8659281468912378
EC:3.4.21.88,29.138333580170734,-0.03455211921780766
EC:3.4.21.89,36.62213984381987,0.01434706864937631
EC:3.4.21.92,33.137225086419356,0.5017741347617544
EC:3.4.21.96,2.381563992184576,-0.6111524288322187
EC:3.4.22.40,10.95642292175972,1.678406926747952
EC:3.4.22.48,-12.536559936951873,3.5657158766575354
EC:3.4.22.70,33.36609422727689,-1.4018805512456904
EC:3.4.22.8,-17.87497350674552,-0.14879583488101653
EC:3.4.23.36,31.689745942420906,0.471587171106235
EC:3.4.23.43,33.60546968752575,-0.4265257369789564
EC:3.4.23.51,-8.359719176281097,-0.7638017041246237
EC:3.4.24.13,-14.37967404594865,-1.81246124736672
EC:3.4.24.28,-22.025757713359045,1.5838827182569013
EC:3.4.24.29,-12.405034933143087,2.9439517900231182
EC:3.4.24.3,-12.78844090534117,-0.667613750933819
EC:3.4.24.30,-22.598072754265473,0.8415416785424489
EC:3.4.24.55,-8.310125944056995,-1.1263299681324868
EC:3.4.24.69,-24.094117809769596,1.3890407752556024
EC:3.4.24.70,-5.9238855137533175,-1.2707276800499094
EC:3.4.24.77,-10.873607177960249,0.19336361068951388
EC:3.4.24.78,20.105737272888184,-7.026535069213888
EC:3.4.24.84,-19.665555182584544,1.1188192764452454
EC:3.4.25.1,-5.5662656320744945,-0.859462471180517
EC:3.4.25.2,4.5398176754819035,3.356657167274631
EC:3.5.1.1,28.159095616738195,1.2441910247923804
EC:3.5.1.10,-0.6401991152042884,-0.9470266668689848
EC:3.5.1.101,-19.21347859535449,0.08674153749058362
EC:3.5.1.103,-7.703210373395282,-0.7157293576203202
EC:3.5.1.105,4.295695299987998,-1.3972776147957369
EC:3.5.1.106,-10.55417040404144,-1.1767014421465676
EC:3.5.1.108,0.812585418430321,-1.5600631931594469
EC:3.5.1.11,-8.199956493728129,-1.1412514462534176
EC:3.5.1.110,-8.327282254162032,-1.1294294501660347
EC:3.5.1.115,-6.767870858034841,-0.9287112316255499
EC:3.5.1.116,-11.019187009142142,-1.2681586221215844
EC:3.5.1.118,-2.579870188222552,-1.3781748643127925
EC:3.5.1.16,5.292549585687477,0.18673500606082571
EC:3.5.1.18,27.820524757181843,0.472995210082641
EC:3.5.1.19,-4.199766536468249,-0.9253960888731609
EC:3.5.1.2,10.580035507032193,-0.41147843987926885
EC:3.5.1.23,-12.157945959751478,-1.0533089949712149
EC:3.5.1.24,23.92012036382013,0.6392819095206258
EC:3.5.1.25,29.88020258260207,0.8702588554874615
EC:3.5.1.26,-1.487792602655183,-6.2959091152829245
EC:3.5.1.28,39.644531236561654,-1.3465764352238707
EC:3.5.1.32,6.405611398884451,-1.9080936934689245
EC:3.5.1.4,10.510510310171739,-0.31778029887950365
EC:3.5.1.42,30.340121222301367,-0.885870633936237
EC:3.5.1.44,10.298169333501079,-4.901740169794529
EC:3.5.1.46,-16.10570816260503,0.3138837337629596
EC:3.5.1.47,7.704696713388505,0.5535330382256888
EC:3.5.1.49,-9.304559711869206,-2.909402819990829
EC:3.5.1.5,16.026718910181902,-2.2060770913774044
EC:3.5.1.53,4.945926715593377,-3.094983297638131
EC:3.5.1.54,-11.126568173915507,-0.38421185604459623
EC:3.5.1.56,-24.710929129814414,1.046101215989048
EC:3.5.1.59,-10.22030440188597,-1.1750265732345728
EC:3.5.1.78,-8.467623607166827,-0.9901822273962348
EC:3.5.1.81,2.4306603735923673,-3.1123867236071057
EC:3.5.1.86,-24.578957761008123,1.7198669887095765
EC:3.5.1.87,8.00976638229011,-4.191948568162268
EC:3.5.1.88,35.380619700168175,0.4498616855578008
EC:3.5.1.9,0.4352039248880366,-5.22382771538664
EC:3.5.1.90,-7.18014934552237,-0.9475207874658795
EC:3.5.1.94,-9.17568964363598,-1.0832428517714838
EC:3.5.1.96,-8.474643686114366,-1.0721321648061468
EC:3.5.1.97,-31.05245509712667,2.2996518221442037
EC:3.5.2.10,15.802578424953664,-6.113048626099412
EC:3.5.2.14,-2.6973156047900035,-1.8364969125153605
EC:3.5.2.17,-5.248051165415283,-0.5826521442904878
EC:3.5.2.18,-22.500982597217423,0.2655152061504782
EC:3.5.2.2,19.035265375025755,-6.673626020095727
EC:3.5.2.3,30.79239875189183,1.129820327945528
EC:3.5.2.5,3.930093297015275,-4.198442823348867
EC:3.5.2.6,25.306957206156586,0.10093785048508595
EC:3.5.2.7,6.534821743703233,-2.795091389199386
EC:3.5.2.9,-15.631548905253828,-0.15212056650536235
EC:3.5.3.1,1.5285148622484364,-3.002869864757249
EC:3.5.3.11,16.74072337603364,-5.291028300978611
EC:3.5.3.12,3.7790113423193645,-3.409139267277933
EC:3.5.3.13,-21.100763590410526,0.9722455674346006
EC:3.5.3.15,-25.94637916866254,1.497559929616426
EC:3.5.3.18,-5.333704173875841,-0.5711884920353008
EC:3.5.3.23,-8.47432786928737,-1.0853502406262963
EC:3.5.3.26,-0.12832171044112473,-3.7393749107431344
EC:3.5.3.4,-8.533425455515985,-1.2344590177723183
EC:3.5.3.6,7.231316618419958,2.9235625132915697
EC:3.5.3.7,-23.074356552693114,0.9773605429042763
EC:3.5.3.8,-1.7732415097725471,2.2595300762507926
EC:3.5.3.9,6.813022033259576,-3.8159459559055837
EC:3.5.4.1,3.0497793904843733,-0.06026222505351955
EC:3.5.4.10,29.626406826271396,0.6954806687666427
EC:3.5.4.12,28.528823461030356,0.14266055336134031
EC:3.5.4.13,3.133648374642965,-2.8640457808137434
EC:3.5.4.16,23.98687947145326,-1.4345928193720743
EC:3.5.4.19,26.690519866837924,-1.0626453161907499
EC:3.5.4.2,27.564010095889337,-4.355043501472768
EC:3.5.4.25,22.942688806790038,0.023250114198867522
EC:3.5.4.26,19.779095155593573,-0.5622183428764098
EC:3.5.4.28,13.969476629695949,-1.7097543760074736
EC:3.5.4.3,18.432273347666015,-4.211043131308947
EC:3.5.4.31,13.612529718850581,-1.6337056339991818
EC:3.5.4.33,30.38387826019301,0.677341697113373
EC:3.5.4.4,21.92810253253824,-1.8769739159114134
EC:3.5.4.40,-14.514024772496418,0.18927568365732128
EC:3.5.4.5,30.187258896866098,0.41711693545789447
EC:3.5.4.9,30.99933536161049,0.7148761264493411
EC:3.5.5.1,-8.518556555196836,-3.2590733037053967
EC:3.5.5.7,-24.58526835104699,1.0229729462010315
EC:3.5.99.10,27.27214965958738,-1.5987065625157668
EC:3.5.99.2,4.207600044458747,1.520483462352985
EC:3.5.99.3,-9.337887399211839,-2.0904062640863472
EC:3.5.99.6,31.234870360494742,0.31111454049433823
EC:3.5.99.7,-4.75374159733209,-1.9093112023887395
EC:3.6.1.1,33.15972490547078,-0.25316577827303566
EC:3.6.1.11,23.447384724864822,0.09544938666384523
EC:3.6.1.13,30.22899577425675,0.5417414169643787
EC:3.6.1.15,1.6710996571699184,-5.587959297019266
EC:3.6.1.22,19.167697696371974,-4.010098220819343
EC:3.6.1.23,30.795306128727443,-0.12794694639799795
EC:3.6.1.25,-8.370486427452862,-1.0034661119743524
EC:3.6.1.26,-8.252864329759506,-1.054860078943626
EC:3.6.1.27,38.33903863834308,0.31027056382373064
EC:3.6.1.31,26.328870069808914,-1.1016741398366736
EC:3.6.1.40,23.55159854986146,-0.19779630482422617
EC:3.6.1.41,-7.8649386952937945,-1.515722386081216
EC:3.6.1.45,-8.18266057262202,-0.9374800435652073
EC:3.6.1.54,-3.417288088872976,-1.24133752344408
EC:3.6.1.55,38.343643679106336,0.043850052892069204
EC:3.6.1.63,-6.016464989820304,-1.3715787976721612
EC:3.6.1.65,-8.464647157230415,-0.9019478281821962
EC:3.6.1.66,28.623520091509885,-1.4505150708877814
EC:3.6.1.7,23.534786554462286,0.7152174484347175
EC:3.6.1.8,-6.631406681567358,-0.9760111058793837
EC:3.6.3.12,24.079574417442956,-3.5176224946136427
EC:3.6.3.14,40.61218415573349,0.014106012360919913
EC:3.6.3.16,-0.056501619924230854,1.6944763187925727
EC:3.6.3.17,44.05605431663332,-3.0970643648971308
EC:3.6.3.2,20.314946925405955,0.4563032645729328
EC:3.6.3.20,1.6775944558384028,-0.4352302957988469
EC:3.6.3.21,36.888318453849045,0.5766329166007506
EC:3.6.3.24,-3.62750657593894,2.0152902402863546
EC:3.6.3.25,6.030085767160186,-4.946800717130106
EC:3.6.3.27,31.796512507680905,1.1831668858291733
EC:3.6.3.28,4.432836221200838,2.624707755408981
EC:3.6.3.29,22.674426837440816,-2.5515765090999527
EC:3.6.3.3,31.106608778439405,-1.4461837256535413
EC:3.6.3.30,20.90202790081616,-3.2607010833468317
EC:3.6.3.31,29.311207574127597,0.24930486415029546
EC:3.6.3.32,5.960587665001133,2.0746431188605503
EC:3.6.3.33,-8.37048642745286,-1.0108837095999117
EC:3.6.3.34,38.23948865652275,0.03858305104234192
EC:3.6.3.36,-6.0596760096660125,0.5818875980221782
EC:3.6.3.4,20.167727962435116,-0.25638624232318397
EC:3.6.3.40,17.58487465932938,-1.8902078148871044
EC:3.6.3.41,-9.225126928322933,-1.8212878106590988
EC:3.6.3.44,-2.2379454242513135,2.65995215141524
EC:3.6.3.5,31.78052759007258,-1.1131506453089504
EC:3.6.3.54,28.235756641328337,0.0051228387560819065
EC:3.6.3.55,-4.406541820175083,-4.837111296889083
EC:3.6.3.6,-12.85740084184864,1.6289074723076788
EC:3.6.3.8,30.62195917571026,-2.0065239744241867
EC:3.6.4.12,48.07489689379746,0.6949953009122422
EC:3.6.4.13,33.54955009281176,2.175986402084096
EC:3.7.1.12,19.620166891937366,-6.183914519025675
EC:3.7.1.14,-7.036897080985589,-1.3432730979108374
EC:3.7.1.17,-9.186172752379623,-1.3807846791575717
EC:3.7.1.2,-7.682584487075667,-0.6475327505284316
EC:3.7.1.20,-15.308233039998356,-0.5382501404913395
EC:3.7.1.22,3.4123620896341142,-2.530238399856313
EC:3.7.1.3,-8.835234623422899,-0.9542959098858457
EC:3.7.1.5,-9.410270689494185,-1.3828337707980662
EC:3.7.1.9,-12.158409835357242,-1.0678623771434315
EC:3.8.1.2,18.348486182825933,-1.3796273256262872
EC:3.8.1.3,-10.04459944951395,-0.02729956526398204
EC:3.8.1.5,-8.082549350072634,-1.5524059196838782
EC:4.1.1.11,16.039782888246208,-1.4870660337662727
EC:4.1.1.12,1.4415209999098446,-2.1439726067660305
EC:4.1.1.15,2.906771024759925,-0.7614230003082414
EC:4.1.1.17,4.17253256304024,0.1670596348374653
EC:4.1.1.18,-3.820300544583531,-1.2443267511157277
EC:4.1.1.19,3.9210044438432634,-1.8354311651213104
EC:4.1.1.2,-24.285002786347366,1.9176803867240935
EC:4.1.1.20,31.244411997928484,-0.09479855646936541
EC:4.1.1.22,-10.069134062779959,-2.3355206100707413
EC:4.1.1.23,30.489316678980774,0.7283949136469712
EC:4.1.1.28,-10.490389658454484,-2.207696476366005
EC:4.1.1.3,27.577787624391988,-3.4689551009745228
EC:4.1.1.31,7.375644900077786,-0.9815905173873763
EC:4.1.1.32,0.48847056493389246,-3.5648706541557633
EC:4.1.1.33,8.49285957284321,2.6825605406038364
EC:4.1.1.35,-5.0448900172321816,-1.4454126161100724
EC:4.1.1.36,29.654167496335507,1.066915803483109
EC:4.1.1.37,23.898269473943174,-2.621625548734848
EC:4.1.1.39,-6.9868582814987725,-1.4396407096171808
EC:4.1.1.4,-8.522294792453172,-1.2244986681302303
EC:4.1.1.41,-10.314220778945959,-0.9358022270056781
EC:4.1.1.44,26.58223319637301,-0.970827078908598
EC:4.1.1.45,-7.94191104122652,-0.8916723055337312
EC:4.1.1.47,-8.754229356960332,-0.540981846222735
EC:4.1.1.48,26.480681063089275,-0.38443190289890616
EC:4.1.1.49,23.705204518645914,0.6226599019433653
EC:4.1.1.5,7.390688875594257,3.45788804045831
EC:4.1.1.50,7.427020325884431,-2.854951913854632
EC:4.1.1.55,-26.165966527827095,1.8583643632676436
EC:4.1.1.64,-14.80013417091035,0.06162249734006489
EC:4.1.1.65,18.09472965310332,-4.581334304105079
EC:4.1.1.68,-13.282907632005823,0.38715127918749653
EC:4.1.1.7,-8.33774247224797,-0.3759523776438255
EC:4.1.1.70,-0.2512797807503837,-2.8565740485840263
EC:4.1.1.71,-9.19289014851416,-1.3467267966220537
EC:4.1.1.73,-4.323945739435345,-2.61130946849724
EC:4.1.1.74,-8.592917074523957,2.5580973941522127
EC:4.1.1.77,-12.154011172028703,-0.9651802890651183
EC:4.1.1.8,-6.7872506421763505,1.1957265128768322
EC:4.1.1.81,22.080677187061866,-5.832135452825048
EC:4.1.1.82,-5.253810382888911,-2.3558549955556045
EC:4.1.1.83,-8.399833821843643,-2.2408482691345224
EC:4.1.1.85,-0.956247511552763,1.2568972530927343
EC:4.1.1.86,-6.2618034384141525,-1.149739988979905
EC:4.1.1.87,-4.606556757418935,1.2292424320762207
EC:4.1.1.96,9.773029768476388,-4.978094948136849
EC:4.1.1.97,-7.817779250956507,-0.7278609113231812
EC:4.1.1.98,12.933831917416995,-1.3523450214083061
EC:4.1.2.13,32.10712736975621,0.7212322476002714
EC:4.1.2.14,25.135932274826047,-1.2827142987327689
EC:4.1.2.17,27.354646110212943,-3.1479776143417926
EC:4.1.2.19,8.017119222243192,-0.7704878340703889
EC:4.1.2.20,-1.405653423048703,-1.254832968456852
EC:4.1.2.21,-9.180664096760445,-1.0939771364915019
EC:4.1.2.22,6.518308422236885,0.6691095567453665
EC:4.1.2.25,22.390068780377312,-1.159033312357821
EC:4.1.2.29,-11.485520390032097,2.1112003002519666
EC:4.1.2.4,28.914723281383484,0.8912318170841094
EC:4.1.2.40,22.768041270913802,0.9858189743514882
EC:4.1.2.41,-12.13741774723376,-1.1012543566918105
EC:4.1.2.43,1.77136053042989,-0.04709698529179217
EC:4.1.2.44,-12.177488915028201,-0.8830527732718488
EC:4.1.2.5,21.97842840752465,-2.4891969476318843
EC:4.1.2.50,15.481306190446519,0.09059617259383836
EC:4.1.2.52,0.6691992304684791,-2.0441103934391034
EC:4.1.2.53,-10.813777858315882,-0.6262283421690096
EC:4.1.2.56,-24.710929129814414,1.046101215989048
EC:4.1.2.57,-9.05614129499179,-1.3528020826319864
EC:4.1.2.9,6.411315660345925,0.7195099235585747
EC:4.1.3.1,-5.529081716153934,-1.6038534575115178
EC:4.1.3.17,-9.773902078410876,-0.5429202596557151
EC:4.1.3.24,-9.187136385403113,-1.419173705488107
EC:4.1.3.25,-9.160885950890913,-1.311707263214041
EC:4.1.3.27,30.520498963654774,-1.4304600499275246
EC:4.1.3.3,19.014387707025403,-3.554236937572297
EC:4.1.3.30,-5.992539964099836,-2.880075027653714
EC:4.1.3.34,13.245048737588105,-0.7611527445909569
EC:4.1.3.36,5.775429649334964,2.8935028327499923
EC:4.1.3.38,16.42444324926173,-0.32637768561525826
EC:4.1.3.39,1.24172373562366,-3.430581179246546
EC:4.1.3.4,-3.125733871007782,-2.8621293864856034
EC:4.1.3.40,-8.428846017522412,-1.1578485451004346
EC:4.1.3.42,24.675456364383606,-1.2720433310578783
EC:4.1.3.46,-13.324338660748086,-0.8477817377773531
EC:4.1.99.1,-3.076894593072798,-2.6802252297818505
EC:4.1.99.12,22.943782598607232,-0.11196421021093277
EC:4.1.99.14,5.823510586342982,-5.114780553282215
EC:4.1.99.16,-7.916597961154719,-1.1246094595875897
EC:4.1.99.17,21.88862738752379,-5.146461586660997
EC:4.1.99.18,28.761123848969536,-2.4075441897338044
EC:4.1.99.19,23.005038689536796,-5.608259606520858
EC:4.1.99.2,-15.432238348452495,-0.7134584096909256
EC:4.1.99.20,-8.766286307277015,-2.797232992335846
EC:4.1.99.3,-1.9214573010517062,3.594083139677847
EC:4.2.1.1,17.825779354379133,1.9816805030812872
EC:4.2.1.10,31.334420856712924,-0.2269252626469372
EC:4.2.1.101,-12.13741774723376,-1.1012543566918105
EC:4.2.1.103,-26.832934662782026,2.5494454056906397
EC:4.2.1.104,-11.504305782018406,-0.24484698435266514
EC:4.2.1.106,-12.531397062996904,-2.664557615387137
EC:4.2.1.108,-7.699927524928977,-0.7122183108917639
EC:4.2.1.109,-12.907986881896994,0.42323453216071427
EC:4.2.1.11,33.70942513426718,0.2633618388344818
EC:4.2.1.113,3.4005432124488384,2.5031764224851107
EC:4.2.1.114,-17.857662532069465,-1.534192077284278
EC:4.2.1.115,-14.747075567887245,-0.28738349931025764
EC:4.2.1.12,-5.919713971855479,-1.637775983138483
EC:4.2.1.120,-3.749434506440892,-4.279373707164966
EC:4.2.1.126,13.929871827194738,2.7392337887541975
EC:4.2.1.129,-6.827575234840231,-1.782178223199087
EC:4.2.1.130,-11.601436145610235,-0.3327869151041603
EC:4.2.1.135,-25.648935687533072,1.8402800100092527
EC:4.2.1.144,-9.254963841519283,-2.3850932213881135
EC:4.2.1.149,-10.064103955047662,-1.3577676296819197
EC:4.2.1.151,-12.03535880503847,-0.7887887061638535
EC:4.2.1.153,-10.485161474072079,-2.1861314682787722
EC:4.2.1.17,19.297530536478888,-2.5585537024010043
EC:4.2.1.18,-9.176113420160402,-1.0701130848846538
EC:4.2.1.19,26.370920073119603,-1.0315964012337462
EC:4.2.1.2,31.581726555635225,-1.8604182448860977
EC:4.2.1.20,32.460185622466064,-0.6114136155249568
EC:4.2.1.22,-4.637621956961076,-0.8135297024267316
EC:4.2.1.24,16.87487691720701,-1.8814772331424392
EC:4.2.1.28,5.03640978314117,-3.7144017286389475
EC:4.2.1.3,30.95628896091711,-2.145697939743871
EC:4.2.1.30,-1.0104756001913309,-3.8952534051643855
EC:4.2.1.32,4.58763530354236,-4.096621867089193
EC:4.2.1.33,32.63840025531202,-2.0582723528656826
EC:4.2.1.35,32.593014980544645,-2.0679643718387095
EC:4.2.1.40,-1.160327658456411,-2.173982269862946
EC:4.2.1.41,-9.77590958446138,-1.0134739685602316
EC:4.2.1.42,-4.773135320042929,-2.1382247306419537
EC:4.2.1.44,6.732180538173621,-3.0347687025822805
EC:4.2.1.45,-1.8568867031852803,-3.635288041590281
EC:4.2.1.46,31.947735676556142,-0.8536299524626841
EC:4.2.1.47,2.6035657571671895,-3.2998443581506662
EC:4.2.1.49,7.677753574231885,-3.1543199350708826
EC:4.2.1.5,-12.504304033656108,-1.981494573677886
EC:4.2.1.51,30.4515974310571,-0.4136334107081112
EC:4.2.1.53,22.651165176418075,-0.47527931499723447
EC:4.2.1.55,-4.213421024441041,-3.0008781677770098
EC:4.2.1.59,29.34728331933204,1.1859282879753745
EC:4.2.1.6,0.5577379691146971,-2.6701293797405294
EC:4.2.1.68,-10.186683274287397,-0.9549073389521722
EC:4.2.1.7,17.19944298197854,-2.960786422513229
EC:4.2.1.75,27.417911680012413,-2.3945997632241216
EC:4.2.1.77,-11.028671266747233,-0.17725325426841043
EC:4.2.1.79,-10.109008372866878,-1.1082086416876735
EC:4.2.1.8,23.04689303985283,-1.2538267722004164
EC:4.2.1.80,-4.755502138465709,-2.739382873483075
EC:4.2.1.83,-8.025934504961297,-1.6388216901067576
EC:4.2.1.84,-10.827375003408457,-1.0016409539945155
EC:4.2.1.9,30.926440406902223,-2.5542556621430244
EC:4.2.1.90,-9.207369477433762,-1.1564366955938734
EC:4.2.1.91,-15.1039995619929,-0.4921909306527089
EC:4.2.1.96,-6.735936287914576,-0.8104378871831687
EC:4.2.1.99,-8.325814937746273,-0.8932725803599547
EC:4.2.2.1,-4.620010332856689,0.5743339113286833
EC:4.2.2.2,-10.82307304139772,-0.6988210369700538
EC:4.2.2.20,-9.147323626616778,-1.181971532629953
EC:4.2.2.21,-9.147323626616778,-1.181971532629953
EC:4.2.2.23,-6.8051153374761295,-1.9288387644466478
EC:4.2.2.3,-27.399939133974883,1.5500216520326382
EC:4.2.2.5,-9.704278705384986,-1.2860259417988975
EC:4.2.2.6,-6.460981870040773,-1.5317547762430106
EC:4.2.2.7,-10.986665706768411,-1.5204770969273
EC:4.2.2.8,-9.36011248873302,-1.6188206510928724
EC:4.2.3.1,29.166487447383215,-0.06875678103380092
EC:4.2.3.118,-16.589611679177654,1.0102004083428209
EC:4.2.3.12,15.199307733732349,0.20671282851741504
EC:4.2.3.22,-7.916597961154719,-1.1246094595875897
EC:4.2.3.3,27.797803437100306,-3.993602097373538
EC:4.2.3.37,-17.368061564103403,1.1477701433908785
EC:4.2.3.4,30.358868107118525,-0.43647010181265833
EC:4.2.3.5,30.323757875925647,-0.4409993038495244
EC:4.2.3.75,-7.916597961154719,-1.1246094595875897
EC:4.2.99.18,37.11306997140604,0.623698888023343
EC:4.2.99.20,-0.5023858196044305,2.4237013844808124
EC:4.2.99.21,-6.326985212740591,-0.8019819224640538
EC:4.3.1.1,13.417008128757692,-3.3021049363770794
EC:4.3.1.12,11.355468337498817,0.26411559239635163
EC:4.3.1.14,-1.7763072193912364,-3.9730730857730783
EC:4.3.1.15,17.31083549359087,-5.568977042854469
EC:4.3.1.17,33.869735479675754,0.4369255988168495
EC:4.3.1.18,-0.24276953312945068,-3.9818177672080872
EC:4.3.1.19,31.302680425591262,-1.0793643050692392
EC:4.3.1.2,-0.8440363619549822,-4.807491904515976
EC:4.3.1.29,-16.815855993120543,-1.155553462848018
EC:4.3.1.3,8.32202389149441,-3.178405801952875
EC:4.3.1.4,2.6361331040746716,-4.169556345748834
EC:4.3.1.7,4.780426351252135,-4.901553636126647
EC:4.3.2.1,27.270419905076853,-0.46488413782364485
EC:4.3.2.2,30.514611807950445,0.6990645487075573
EC:4.3.2.3,-1.011117693875797,-4.673262630465062
EC:4.3.2.6,-16.488609590883417,-0.29254288331505984
EC:4.3.3.6,13.783904559392683,-0.7742721291407599
EC:4.3.3.7,35.25805571486116,0.17325795439889283
EC:4.3.99.3,8.11934114745641,0.7842835851845544
EC:4.4.1.1,-0.05167488559243548,1.130119385549519
EC:4.4.1.11,-0.9595732768530206,-3.305658366075714
EC:4.4.1.15,3.6163927033999856,-3.181340587875215
EC:4.4.1.16,18.742937896775977,2.8601246497822035
EC:4.4.1.19,-12.030919422105857,-1.097921935714552
EC:4.4.1.2,-12.312283964634373,3.2224018868189024
EC:4.4.1.21,28.423535202459497,0.6875514453475203
EC:4.4.1.24,-23.300842966262607,0.36064264727893497
EC:4.4.1.25,-9.315493919263423,-2.163854572974574
EC:4.4.1.5,29.977858441693723,-1.9235955681728387
EC:4.4.1.8,29.59163670052105,1.7301193480944261
EC:4.6.1.1,1.1853570013802934,-2.6301885598074652
EC:4.6.1.12,23.917429137404227,-5.407431922485262
EC:4.6.1.13,-10.165807321037907,-1.1192928973426644
EC:4.7.1.1,-7.402101540749392,-1.094983560761695
EC:4.99.1.1,8.297812763835656,2.4873795256509323
EC:4.99.1.3,20.720710379140424,-5.007956615517682
EC:4.99.1.4,24.36160729042648,-2.4759164975500307
EC:5.1.1.1,32.71814034759628,1.1339764114151967
EC:5.1.1.13,12.502778662687156,0.7624216172068842
EC:5.1.1.17,-21.487460503532763,-0.0870408336616855
EC:5.1.1.18,0.4659283710358044,-3.8632616952237613
EC:5.1.1.3,29.85522555702066,-0.05337501015437274
EC:5.1.1.4,4.80252308710589,-5.261684249577993
EC:5.1.1.7,30.80692365518923,-2.4515206000210146
EC:5.1.2.3,-2.5581232604872235,-0.7435213088059216
EC:5.1.3.1,33.067023363995176,0.7849203207001726
EC:5.1.3.10,-21.763464299084696,1.3827250304334844
EC:5.1.3.13,28.297322360117583,-0.6909944636521409
EC:5.1.3.14,24.66247267644698,0.1806460103865852
EC:5.1.3.15,-6.685985587957772,-1.0474782122403428
EC:5.1.3.2,34.98567408347321,-0.7092697745748116
EC:5.1.3.20,-2.823743159246827,-1.0971278539210576
EC:5.1.3.22,6.7400284987722054,-5.215892686098505
EC:5.1.3.23,-7.295231363208311,-4.2667189954360705
EC:5.1.3.24,-11.68291417656783,-0.09876297041654483
EC:5.1.3.25,-6.760334886328003,-0.9231642021566476
EC:5.1.3.29,10.497927874092717,-6.945066854866398
EC:5.1.3.3,31.24042481571478,0.7203498827877189
EC:5.1.3.30,2.3938634669782437,-5.11548710392125
EC:5.1.3.31,2.409684517780661,-5.114738867372907
EC:5.1.3.32,12.310449866482701,-0.7533800709364505
EC:5.1.3.4,25.91539438652917,-1.8734770171233819
EC:5.1.3.6,-4.658510361595984,-0.945559556440393
EC:5.1.3.7,-7.261894986259814,-2.336193517826857
EC:5.1.3.8,-1.0304890433295686,-1.8648287004269049
EC:5.1.3.9,25.319458139500078,-2.1648914203880265
EC:5.1.99.1,5.251424268122243,-3.18415271647001
EC:5.1.99.3,-4.929634211562629,-1.0383757052404905
EC:5.1.99.4,-5.209212236470428,-0.9657230278246387
EC:5.1.99.6,22.943856756120763,-5.117466772080788
EC:5.2.1.1,-3.29458980503554,-2.2640270576168238
EC:5.2.1.2,-32.019163676709425,2.7222813213713204
EC:5.2.1.4,-6.805660533503489,-0.8372086229668001
EC:5.2.1.8,42.209035422264456,0.9818864782426941
EC:5.3.1.1,31.955737136793697,0.6239000870011875
EC:5.3.1.12,20.253065076148832,-1.5816911821873283
EC:5.3.1.13,6.324665615200809,-1.0835376155610392
EC:5.3.1.14,14.204129088190786,-0.4940181384251642
EC:5.3.1.16,25.49755444467308,-1.0473903845228378
EC:5.3.1.17,15.310019038704702,-1.0656379584683202
EC:5.3.1.22,2.7975313361212137,-3.8261417114282006
EC:5.3.1.23,3.8886413798325905,-2.024297523626987
EC:5.3.1.24,26.619801494044193,-0.38635591623637
EC:5.3.1.25,12.289814691147464,-6.0067061348586765
EC:5.3.1.26,5.035120360414378,2.5451786995398895
EC:5.3.1.27,5.963932105516409,-0.05454463621567822
EC:5.3.1.28,10.836118259190227,-2.5168376645970567
EC:5.3.1.29,-17.24895240325213,-1.769605093113466
EC:5.3.1.30,6.039944555270832,-2.741707218954136
EC:5.3.1.31,-9.437374019717424,-1.123015502016782
EC:5.3.1.4,16.173216559616534,-1.9088572634796808
EC:5.3.1.5,5.499110495189267,-0.06474439172186136
EC:5.3.1.6,33.071808164440505,0.2477618207968329
EC:5.3.1.8,26.053221126601013,1.405567273271024
EC:5.3.1.9,30.047573125974775,0.383880207960597
EC:5.3.2.5,-2.261785717238437,-4.768413488996611
EC:5.3.2.6,13.1263540167518,3.2209606593743323
EC:5.3.2.8,-12.123969319495604,-0.4730250490542265
EC:5.3.3.10,-12.092844462019197,0.7383155918216187
EC:5.3.3.14,5.241404709821342,-1.1523672694043363
EC:5.3.3.17,-19.278165218612294,1.1374009401196805
EC:5.3.3.18,-2.5293034660591798,-0.8045545184350021
EC:5.3.3.2,12.969970729326,2.9112102074491135
EC:5.3.3.3,-3.7769341552350117,-4.274427228645945
EC:5.3.3.4,-9.134449472030635,-2.264458774722796
EC:5.3.3.8,-8.46342565410238,-1.0168694082642868
EC:5.3.4.1,-7.26525862470646,-1.2673821945035222
EC:5.3.99.10,-12.528405478281421,3.3398776877096426
EC:5.3.99.11,-0.9089356295527574,-2.0376841556802248
EC:5.4.1.3,-11.77355853310558,-1.114278324940457
EC:5.4.2.10,29.83880223839898,0.5261158374012788
EC:5.4.2.11,15.307866185906915,3.4130720445350535
EC:5.4.2.12,37.78223341318418,0.32270862041358783
EC:5.4.2.2,30.478922240725147,0.2741482231029216
EC:5.4.2.6,11.176560861639755,-0.2528740452252747
EC:5.4.2.7,27.740245237693273,0.30712439049411705
EC:5.4.2.8,5.162315620870983,-2.239754707179402
EC:5.4.2.9,-7.468001913830506,-2.320495481883234
EC:5.4.3.2,0.9844247979058051,-3.6188021268406367
EC:5.4.3.3,-9.42222543608085,-1.4556077402290375
EC:5.4.3.5,-2.801249947443784,-3.798429145127704
EC:5.4.3.8,17.055451104032414,-1.6319749774249102
EC:5.4.4.2,6.850989674953942,2.0745680288321755
EC:5.4.99.1,2.210352797414402,-4.002091636763007
EC:5.4.99.12,34.44481821979492,-0.06718688296969791
EC:5.4.99.15,-7.449470975392496,-0.8694198630213107
EC:5.4.99.16,-3.9201511915567515,-1.6651844179180706
EC:5.4.99.17,-6.829872419728767,-1.7810478702768295
EC:5.4.99.18,29.67839182048088,0.6218872471434979
EC:5.4.99.19,32.001017392449,0.21119600051026238
EC:5.4.99.2,9.802378044039529,-2.610866657234854
EC:5.4.99.20,-5.21293483714207,-2.044922265251547
EC:5.4.99.21,13.136338863101175,-6.040249506073065
EC:5.4.99.22,20.51933486114298,2.342278264262668
EC:5.4.99.23,36.64505690971984,0.4195611970708221
EC:5.4.99.24,17.916751944569782,-6.395963187002136
EC:5.4.99.25,30.4922098075659,0.7283594535937118
EC:5.4.99.26,-7.825839973352005,-1.4415668352036257
EC:5.4.99.27,-8.27893171766777,-0.8866750559959982
EC:5.4.99.28,3.4453719286842586,-1.2360068074083441
EC:5.4.99.29,3.4453719286842586,-1.2360068074083441
EC:5.4.99.5,31.366971643894864,-1.165199262119512
EC:5.4.99.60,20.294146385933658,-5.836572204782978
EC:5.4.99.61,20.283255544937102,-5.84348382715807
EC:5.4.99.62,20.66472049259689,0.7160151276088668
EC:5.4.99.9,21.56416488470382,-1.9065871003125714
EC:5.5.1.1,-10.444015286466566,-2.226749422014108
EC:5.5.1.19,-13.872706029960291,-0.11026603140564092
EC:5.5.1.2,-7.708703766576175,-1.7075673670315585
EC:5.5.1.4,-2.314630336219931,-1.7196418345302407
EC:5.99.1.2,39.27330929009206,-0.522259048855584
EC:5.99.1.3,38.88672882860273,-0.2772986047642828
EC:6.1.1.1,31.008874669305225,0.5998905999389612
EC:6.1.1.10,31.055087500468634,0.3698751478857571
EC:6.1.1.11,30.640476622652283,0.7348686181222859
EC:6.1.1.12,30.8076439719476,0.5592522211383264
EC:6.1.1.13,15.858771047694406,1.8942852954306315
EC:6.1.1.14,32.10863372002461,1.3492921167861107
EC:6.1.1.15,31.248758979370194,0.7693797814747425
EC:6.1.1.16,30.815106542821628,0.7731972227154806
EC:6.1.1.17,21.13595350515412,-5.248576205183887
EC:6.1.1.18,22.240744588280986,-5.4165203950373275
EC:6.1.1.19,30.990462875239018,0.67529516618783
EC:6.1.1.2,31.31801813274342,0.8388726414243403
EC:6.1.1.20,35.89645599614193,0.7058693315901536
EC:6.1.1.21,30.489097094595085,0.7172454188140087
EC:6.1.1.22,29.76618007377352,0.6310810439559337
EC:6.1.1.23,11.59876008173963,-6.468195682023621
EC:6.1.1.24,12.14067277514406,2.437296900295212
EC:6.1.1.3,30.676994216723756,0.538721249464565
EC:6.1.1.4,30.557992972567504,0.7461125019821252
EC:6.1.1.5,30.492278743761965,0.7282105341311794
EC:6.1.1.6,33.02474176496573,1.2744911059425672
EC:6.1.1.7,33.78066920368047,-0.29338164735214695
EC:6.1.1.9,30.53537815321545,0.7150442420265607
EC:6.1.2.1,-3.4331411513594,-0.9968993721864291
EC:6.2.1.1,5.017944436663009,1.0037828644525926
EC:6.2.1.13,-20.880569273144854,-0.3383164861011392
EC:6.2.1.14,-1.2761412872986178,0.017401331134709007
EC:6.2.1.16,-7.630358298041719,-0.6002612374057333
EC:6.2.1.17,-5.748267477287539,-2.4485034225486926
EC:6.2.1.20,-6.574508015035971,-0.5958383590422451
EC:6.2.1.22,6.56221373451099,-0.9931084077585742
EC:6.2.1.25,-11.560599153773245,-0.9392251647935179
EC:6.2.1.26,5.341614987675507,2.9324883269504713
EC:6.2.1.3,20.167187020214833,-4.35375570588954
EC:6.2.1.30,13.872094912524414,-5.396371646630383
EC:6.2.1.31,-13.324338660748085,-0.8330181777307869
EC:6.2.1.32,-9.960836917827553,-0.47103495831573194
EC:6.2.1.34,-15.181933357592234,-0.219168926569092
EC:6.2.1.5,4.798247138180674,1.8385398905171004
EC:6.3.1.1,25.619945250855277,-3.021559553904774
EC:6.3.1.10,21.72568920923657,-5.501786903904033
EC:6.3.1.11,-8.532902085658442,-0.9296482550983334
EC:6.3.1.12,6.370464262398281,0.76092152444881
EC:6.3.1.13,-7.703210373395282,-0.7157293576203202
EC:6.3.1.2,34.8063987654977,-0.7409507742410506
EC:6.3.1.5,11.589008342229969,3.1155784354784046
EC:6.3.1.8,-8.467623607166827,-0.9901822273962348
EC:6.3.2.1,17.27325570096363,-1.5159151249913887
EC:6.3.2.10,30.19044724084337,0.6778733621321182
EC:6.3.2.12,31.44636829276881,0.10574801699270983
EC:6.3.2.13,30.025031681066963,-0.5231359369472527
EC:6.3.2.17,31.497690035867752,0.0911994785899856
EC:6.3.2.2,10.07196697600316,1.193771218130909
EC:6.3.2.29,-6.147565153249581,-3.674144426660314
EC:6.3.2.3,-8.488431027851327,-1.0156707761232067
EC:6.3.2.30,-6.1466056429671525,-3.67471412298112
EC:6.3.2.31,-7.700373140306265,-0.7014523264242548
EC:6.3.2.32,-18.578553396869925,1.0857993074447785
EC:6.3.2.34,-7.700373140306265,-0.7014523264242548
EC:6.3.2.35,-1.2025311073649199,-3.20184188283125
EC:6.3.2.38,-9.519211515490303,-0.4502066384901517
EC:6.3.2.39,-13.997136052995458,0.3369788166807623
EC:6.3.2.4,32.53025547442377,0.8356986812823203
EC:6.3.2.43,-29.208510879142874,1.2660047485771904
EC:6.3.2.5,30.096186041426034,0.9689569357463432
EC:6.3.2.6,29.959996160427718,0.6036723447449934
EC:6.3.2.7,6.071870922338211,2.257673098089931
EC:6.3.2.8,30.15288377480059,0.7864733350673565
EC:6.3.2.9,30.875208411540086,0.7319286906349937
EC:6.3.3.1,29.842025360268362,0.5926109770119419
EC:6.3.3.2,30.798768372730972,0.5868397976567076
EC:6.3.3.3,15.977406908439852,-0.445238341073273
EC:6.3.4.13,29.6772139167857,0.6528893248810238
EC:6.3.4.14,29.97731599070507,0.5555300960626389
EC:6.3.4.15,30.334481406775357,0.11581407818930907
EC:6.3.4.18,11.88450521926788,3.088410261372077
EC:6.3.4.19,30.42524325330302,0.8069497592240684
EC:6.3.4.2,29.95515666946481,0.5674352705979349
EC:6.3.4.20,11.639668085212667,0.532998522881543
EC:6.3.4.21,29.23740261486764,0.8746614341523221
EC:6.3.4.3,28.398499346288425,-0.033570774823269874
EC:6.3.4.4,30.565246209463023,0.7230645594157712
EC:6.3.4.5,27.703163617894397,-0.33654936954822406
EC:6.3.4.6,-15.717234444290744,-0.13009659898328246
EC:6.3.5.1,18.481519758206026,-6.378512840199413
EC:6.3.5.10,21.17213068826932,-5.2276496750615165
EC:6.3.5.11,20.578509754508016,-5.588846522159211
EC:6.3.5.2,32.13240504635932,0.6173995636256479
EC:6.3.5.3,29.671833571483443,1.356847748627827
EC:6.3.5.4,31.933587589951593,-2.173356366325883
EC:6.3.5.5,35.847625320672464,0.32803923705663895
EC:6.3.5.6,33.37656405042592,0.4460159603782591
EC:6.3.5.7,33.38358013045539,0.43711373794722924
EC:6.3.5.9,20.57515957896014,-5.592710405337122
EC:6.4.1.1,11.838332322866158,2.3311976316301433
EC:6.4.1.2,35.891546435321274,0.9764302653244936
EC:6.4.1.3,0.11626660425870965,-1.4953905615936334
EC:6.4.1.4,-7.681157056148043,-0.599542910590656
EC:6.5.1.1,2.309748572884549,-3.171212110195452
EC:6.5.1.2,31.038934086697118,0.7663070061748948
EC:6.5.1.3,1.30011296607245,-2.658931670215606
EC:6.5.1.4,-10.764450083125727,-0.5820295614446661
EC:6.5.1.6,-6.508595876049861,-1.3104222589744299
EC:6.5.1.7,-6.488111589248447,-1.3731108369756944
EC:6.6.1.1,-0.17520248474160516,-2.148879473280741
EC:6.6.1.2,-1.6282709479895474,-1.1001911621931282
