metagene,log2foldchange_M,q-value_M
EC:1.1.1.1,-0.027560017492802,1
EC:1.1.1.100,0.06586595170938,1
EC:1.1.1.103,0.0208167666998466,1
EC:1.1.1.108,-0.2117559644802671,1
EC:1.1.1.11,0.5543007123240811,1
EC:1.1.1.122,-0.7893773050686101,1
EC:1.1.1.125,-0.2292447561315315,1
EC:1.1.1.130,0.4540233462966325,1
EC:1.1.1.132,-0.6697711554957495,1
EC:1.1.1.133,0.2524029641886302,1
EC:1.1.1.136,-0.1737824431028175,1
EC:1.1.1.137,-0.0747464957887234,1
EC:1.1.1.14,0.4775841226189699,1
EC:1.1.1.140,0.29807210470012,1
EC:1.1.1.157,0.2110869424227685,1
EC:1.1.1.159,-0.0983808986353187,1
EC:1.1.1.169,-0.005725425197416,1
EC:1.1.1.17,0.4620963406541212,1
EC:1.1.1.179,-0.8969547952784289,1
EC:1.1.1.18,-0.4083454172393295,1
EC:1.1.1.193,0.0498386430548853,1
EC:1.1.1.202,0.0904126243069093,1
EC:1.1.1.203,-0.480150531146316,1
EC:1.1.1.205,-0.0198621353575418,1
EC:1.1.1.206,0.1180551557477879,1
EC:1.1.1.215,0.6301789079492379,1
EC:1.1.1.219,-0.2743440335474538,1
EC:1.1.1.22,0.4402503699626378,1
EC:1.1.1.23,-0.0634485704472611,1
EC:1.1.1.243,-0.6464198968379198,1
EC:1.1.1.25,0.1709824031466469,1
EC:1.1.1.251,0.5087870720012009,1
EC:1.1.1.26,-0.2232306813704863,1
EC:1.1.1.261,-0.1379464668932923,1
EC:1.1.1.262,0.1496027100332681,1
EC:1.1.1.264,0.0072996575336322,1
EC:1.1.1.267,0.3740089046618656,1
EC:1.1.1.27,0.013312318442651,1
EC:1.1.1.271,0.2896377844885867,1
EC:1.1.1.275,-0.6682139303834274,1
EC:1.1.1.28,-0.0785466691471962,1
EC:1.1.1.281,0.0077886426644485,1
EC:1.1.1.282,-0.2194642904305982,1
EC:1.1.1.284,0.5188874865766968,1
EC:1.1.1.287,-0.0372961128877653,1
EC:1.1.1.289,0.2283999927875579,1
EC:1.1.1.29,0.2845979268032551,1
EC:1.1.1.290,0.1113260152997683,1
EC:1.1.1.291,0.3897814461014262,1
EC:1.1.1.3,0.0424906721184298,1
EC:1.1.1.30,0.5936387422766543,1
EC:1.1.1.300,-0.388308495548967,1
EC:1.1.1.301,0.760681386423435,1
EC:1.1.1.302,0.5118071639235215,1
EC:1.1.1.303,-0.9375005694097908,1
EC:1.1.1.304,-0.2885273611664526,1
EC:1.1.1.305,0.4104520451430355,1
EC:1.1.1.306,-0.6884847819724484,1
EC:1.1.1.308,0.3348473150114539,1
EC:1.1.1.31,0.314794517610565,1
EC:1.1.1.310,0.5670896170856488,1
EC:1.1.1.328,-0.676685667888598,1
EC:1.1.1.333,-0.4903413187854986,1
EC:1.1.1.335,0.4568307987088357,1
EC:1.1.1.336,0.2772344635747995,1
EC:1.1.1.337,-0.8969547952784289,1
EC:1.1.1.343,-0.3082809999356554,1
EC:1.1.1.346,0.1961131002331161,1
EC:1.1.1.35,-0.1239622485230476,1
EC:1.1.1.350,-0.2867084732075767,1
EC:1.1.1.36,0.1475217836400225,1
EC:1.1.1.363,-0.3412350235109598,1
EC:1.1.1.367,-0.0813919576228905,1
EC:1.1.1.369,-0.4140343976915714,1
EC:1.1.1.37,-0.5164418060997369,1
EC:1.1.1.370,-1.0894521328737643,1
EC:1.1.1.371,0.0936503219580717,1
EC:1.1.1.373,0.548210708863371,1
EC:1.1.1.38,0.1479489078957333,1
EC:1.1.1.380,-0.0361281585893544,1
EC:1.1.1.381,0.3339568295404215,1
EC:1.1.1.385,0.2783303675421444,1
EC:1.1.1.39,0.092088542652871,1
EC:1.1.1.4,-0.9124928427138655,1
EC:1.1.1.40,-0.1810675596472074,1
EC:1.1.1.41,0.3952985330837831,1
EC:1.1.1.42,-0.0160511297369787,1
EC:1.1.1.44,-0.3314199426601951,1
EC:1.1.1.47,-0.4403164797843534,1
EC:1.1.1.49,-0.3445491040763584,1
EC:1.1.1.53,-0.6358486759509523,1
EC:1.1.1.56,0.142186532314013,1
EC:1.1.1.57,0.4264820528898021,1
EC:1.1.1.58,0.2193088948991211,1
EC:1.1.1.6,-0.0412662010791154,1
EC:1.1.1.60,0.4405674628167137,1
EC:1.1.1.61,0.5247464126513686,1
EC:1.1.1.67,0.6133237313899431,1
EC:1.1.1.69,0.2247852029667578,1
EC:1.1.1.76,-0.3282518090020751,1
EC:1.1.1.77,0.4292106390753268,1
EC:1.1.1.79,0.3358199714481572,1
EC:1.1.1.81,0.9145074313358984,1
EC:1.1.1.83,-0.1343356447882578,1
EC:1.1.1.85,-0.1561359416214909,1
EC:1.1.1.86,-0.1518467195909504,1
EC:1.1.1.88,-0.1566106253704258,1
EC:1.1.1.90,-0.2894264672265674,1
EC:1.1.1.93,-0.119941722259925,1
EC:1.1.1.94,0.0479277833657491,1
EC:1.1.1.95,0.0898270568885094,1
EC:1.1.2.3,-0.0946001927627595,1
EC:1.1.2.4,0.3253998482840528,1
EC:1.1.2.8,-0.3766003297803961,1
EC:1.1.3.15,-0.255674269359478,1
EC:1.1.3.21,0.3833339728343197,1
EC:1.1.3.41,-0.5432197926355693,1
EC:1.1.3.45,-0.0874070739548585,1
EC:1.1.3.46,-0.0870161244721564,1
EC:1.1.3.6,-0.8017805841739274,1
EC:1.1.3.8,-0.1820006867951033,1
EC:1.1.5.2,0.8004645406050257,1
EC:1.1.5.3,-0.2078160558418471,1
EC:1.1.5.4,0.1156488620109904,1
EC:1.1.5.6,0.542398929050846,1
EC:1.1.5.8,0.9477366831773052,1
EC:1.1.98.2,-0.6557330605109974,1
EC:1.1.98.3,-0.4681458985337075,1
EC:1.1.99.1,-0.2728387945019213,1
EC:1.1.99.3,0.5712721810815033,1
EC:1.10.2.2,0.0582292943420036,1
EC:1.10.3.12,0.128818444727441,1
EC:1.11.1.1,0.1694253535694548,1
EC:1.11.1.10,-0.0621726763745886,1
EC:1.11.1.15,-0.0621321695988361,1
EC:1.11.1.19,-0.4692351519209763,1
EC:1.11.1.21,-0.1848494409443322,1
EC:1.11.1.5,-0.4731128870499981,1
EC:1.11.1.6,-0.5710493094552935,1
EC:1.11.1.9,-0.1489312355638892,1
EC:1.11.2.4,0.3711390160119515,1
EC:1.12.1.3,0.4934539116147117,1
EC:1.12.5.1,0.0522167910441598,1
EC:1.12.7.2,0.3832808152746039,1
EC:1.12.99.6,-0.3094336788425119,1
EC:1.13.11.1,-0.6173204889955541,1
EC:1.13.11.11,-0.6589982261634628,1
EC:1.13.11.15,0.8633075476225633,1
EC:1.13.11.16,-0.7466859707053872,1
EC:1.13.11.2,-0.2099350607743482,1
EC:1.13.11.24,-0.1260504796990668,1
EC:1.13.11.25,-0.6442899250764178,1
EC:1.13.11.27,-0.7575478624443326,1
EC:1.13.11.3,-0.5048467121745535,1
EC:1.13.11.37,0.3179552354818483,1
EC:1.13.11.4,-0.5224301901159194,1
EC:1.13.11.46,-0.4437226257727272,1
EC:1.13.11.49,-1.1353330750038075,1
EC:1.13.11.5,-0.7275940262081853,1
EC:1.13.11.53,0.8860073888047795,1
EC:1.13.11.54,0.8860073888047795,1
EC:1.13.11.79,-0.5212227904798596,1
EC:1.13.11.8,-0.6033347200229437,1
EC:1.13.11.9,-0.5816741410386725,1
EC:1.13.12.16,-0.6939474419073999,1
EC:1.13.12.3,-0.109096710730013,1
EC:1.14.11.1,0.0553439253573642,1
EC:1.14.11.17,-0.1168395623553953,1
EC:1.14.11.33,0.2859603329735841,1
EC:1.14.11.39,-0.2327974905424695,1
EC:1.14.11.47,0.660707613103789,1
EC:1.14.12.10,-0.6976594293029803,1
EC:1.14.12.17,-0.3586475363903534,1
EC:1.14.12.19,-0.2017442090294927,1
EC:1.14.13.1,-0.4491510121728589,1
EC:1.14.13.10,-0.605725912935329,1
EC:1.14.13.106,-0.0663655105217943,1
EC:1.14.13.113,0.8403961752855482,1
EC:1.14.13.127,-0.6781782507523424,1
EC:1.14.13.133,-0.6243584876000474,1
EC:1.14.13.141,-0.6414341755089417,1
EC:1.14.13.142,-1.064989062548374,1
EC:1.14.13.149,-0.0500897148278549,1
EC:1.14.13.165,-0.5584372113082894,1
EC:1.14.13.2,-0.7286283190373628,1
EC:1.14.13.20,-0.5390840390983564,1
EC:1.14.13.200,-0.000767998895175287,1
EC:1.14.13.22,0.0259400363214979,1
EC:1.14.13.40,-0.508498389274475,1
EC:1.14.13.50,-0.9337814404018304,1
EC:1.14.13.59,-0.2427096163139902,1
EC:1.14.13.7,-0.3845780107582279,1
EC:1.14.13.82,-0.0155679081927521,1
EC:1.14.13.83,-0.564447972235163,1
EC:1.14.14.1,-0.098753643954559,1
EC:1.14.14.12,-0.9326404959052534,1
EC:1.14.14.5,0.0105203499908984,1
EC:1.14.14.9,-0.2295282510839354,1
EC:1.14.15.11,-0.1200703937762496,1
EC:1.14.15.13,-0.1809902413516809,1
EC:1.14.15.3,-0.2976500892426621,1
EC:1.14.15.7,0.0073126986259619,1
EC:1.14.16.1,0.0676512434897839,1
EC:1.14.18.1,-0.1493090140372803,1
EC:1.14.19.1,-0.7623771455815573,1
EC:1.14.19.2,-0.7609363967755705,1
EC:1.14.19.3,0.1723944410767851,1
EC:1.14.19.9,0.0474527614705717,1
EC:1.14.21.7,-0.181586205932088,1
EC:1.14.99.44,0.021631747481226,1
EC:1.14.99.46,0.9068443995499452,1
EC:1.14.99.48,-0.1137432371409534,1
EC:1.14.99.50,-0.740421187774678,1
EC:1.15.1.1,-0.1606447384523329,1
EC:1.15.1.2,-0.0544474952859165,1
EC:1.16.1.1,-0.1624949173297635,1
EC:1.16.1.3,0.5919687143127824,1
EC:1.16.1.9,0.5961571425175296,1
EC:1.16.3.1,0.1594769707187874,1
EC:1.16.3.2,-0.3490905233039351,1
EC:1.17.1.1,-0.5768550651160329,1
EC:1.17.1.2,0.3235566789470507,1
EC:1.17.1.4,-0.2979545022244139,1
EC:1.17.1.8,0.0468183164365169,1
EC:1.17.4.1,-0.0843719032358167,1
EC:1.17.4.2,0.0656869312328345,1
EC:1.17.7.1,0.3549580792519122,1
EC:1.17.7.3,0.3549565607961115,1
EC:1.17.99.6,-0.3356089997018304,1
EC:1.18.1.1,0.2525796420260174,1
EC:1.18.1.2,0.6173419874010957,1
EC:1.18.1.3,-0.2649980905199791,1
EC:1.18.6.1,0.1049300376347023,1
EC:1.2.1.10,0.1498641104057717,1
EC:1.2.1.11,0.0632701561750253,1
EC:1.2.1.12,0.0714844454804745,1
EC:1.2.1.16,0.0608733827782971,1
EC:1.2.1.18,-0.1830647777605815,1
EC:1.2.1.19,0.449094546506739,1
EC:1.2.1.2,0.3391247948339326,1
EC:1.2.1.20,0.0435623190401088,1
EC:1.2.1.21,0.0167125207116774,1
EC:1.2.1.22,0.0167970243790843,1
EC:1.2.1.24,0.6238325430480658,1
EC:1.2.1.27,-0.1485804833468832,1
EC:1.2.1.28,-0.430335532199991,1
EC:1.2.1.3,-0.2912947194398732,1
EC:1.2.1.38,-0.0196263406984914,1
EC:1.2.1.39,0.3959006379688086,1
EC:1.2.1.4,-0.6877815355626729,1
EC:1.2.1.41,0.219733490003636,1
EC:1.2.1.43,0.1329764232761059,1
EC:1.2.1.46,-0.7387368854859322,1
EC:1.2.1.58,0.1873821481730055,1
EC:1.2.1.60,0.4909361531960022,1
EC:1.2.1.68,0.3762638755295976,1
EC:1.2.1.70,-0.4578370769299547,1
EC:1.2.1.71,0.5890151316262946,1
EC:1.2.1.72,0.6366078104114266,1
EC:1.2.1.76,0.6696332201601691,1
EC:1.2.1.79,0.0444268475146647,1
EC:1.2.1.8,-0.6248663191464581,1
EC:1.2.1.81,0.4901898480862016,1
EC:1.2.1.87,0.0098645578449387,1
EC:1.2.1.88,-0.8147008727326241,1
EC:1.2.1.9,-0.0831260885417472,1
EC:1.2.1.91,-0.0057060441061528,1
EC:1.2.3.3,-0.1641999963021494,1
EC:1.2.4.1,-0.2512129201417765,1
EC:1.2.4.2,-0.68193148468409,1
EC:1.2.4.4,-0.5683426957851954,1
EC:1.2.5.1,0.0104689442897429,1
EC:1.2.7.1,0.5572097306922414,1
EC:1.2.7.11,-0.8015831536901898,1
EC:1.2.7.3,-0.7231016074028758,1
EC:1.2.7.4,-0.0600732939485445,1
EC:1.2.7.5,-0.9053459212387602,1
EC:1.2.7.8,-0.3460621458463216,1
EC:1.2.98.1,-0.5918629693241297,1
EC:1.2.99.2,0.2278231204687442,1
EC:1.2.99.5,0.1913312273448675,1
EC:1.2.99.7,0.143065387460154,1
EC:1.20.4.1,0.0175206149924645,1
EC:1.20.4.3,-0.498162196057184,1
EC:1.21.4.1,0.076898442004286,1
EC:1.21.4.2,0.435601071007858,1
EC:1.21.4.4,0.3722579066835627,1
EC:1.21.98.1,-0.8689851105312276,1
EC:1.3.1.1,-0.6412398427635251,1
EC:1.3.1.10,-0.2784240451856089,1
EC:1.3.1.106,0.1329225060750905,1
EC:1.3.1.12,0.050222936163965,1
EC:1.3.1.14,0.2073367564297298,1
EC:1.3.1.20,-0.8969547952784289,1
EC:1.3.1.22,-0.7403346725757101,1
EC:1.3.1.25,-0.0676396358298639,1
EC:1.3.1.28,0.3430616590137955,1
EC:1.3.1.31,-0.3563966944464568,1
EC:1.3.1.32,0.3395960208738802,1
EC:1.3.1.34,0.1038983698350076,1
EC:1.3.1.44,-0.356456539022742,1
EC:1.3.1.54,0.1409822474454423,1
EC:1.3.1.58,-0.177700568009738,1
EC:1.3.1.76,-0.1250097354389751,1
EC:1.3.1.86,-0.6676392743590982,1
EC:1.3.1.87,-0.4590852776516589,1
EC:1.3.1.9,0.007833744977723,1
EC:1.3.1.98,0.0894465898961506,1
EC:1.3.3.11,-0.179230494762052,1
EC:1.3.3.14,-0.0874070739548585,1
EC:1.3.3.3,0.6278897225102613,1
EC:1.3.3.4,-1.0198937351688195,1
EC:1.3.3.6,-0.4806093323289229,1
EC:1.3.4.1,0.2580398125630767,1
EC:1.3.5.1,-0.5748551045642545,1
EC:1.3.5.2,-0.2293599349164731,1
EC:1.3.5.3,-0.0158088094174237,1
EC:1.3.5.4,-0.082568903267315,1
EC:1.3.7.9,-0.3903737431986288,1
EC:1.3.8.1,0.3464993809801081,1
EC:1.3.8.4,0.2677826302712685,1
EC:1.3.8.6,-0.5853802165000661,1
EC:1.3.8.7,-0.7082651154016817,1
EC:1.3.8.8,-0.1456697033739236,1
EC:1.3.98.1,-0.0571032723559044,1
EC:1.3.99.12,-0.1200430012022021,1
EC:1.3.99.16,-0.5145389433222349,1
EC:1.3.99.22,0.1220924025080062,1
EC:1.3.99.26,0.3383221305159192,1
EC:1.3.99.28,0.3235676073174295,1
EC:1.3.99.29,0.3256373272389326,1
EC:1.3.99.31,0.312635676192936,1
EC:1.3.99.33,0.2630206694466869,1
EC:1.3.99.4,-0.6784592398045874,1
EC:1.3.99.5,-0.9401225187717448,1
EC:1.3.99.8,-0.1962869654542599,1
EC:1.4.1.1,-0.3617449867970535,1
EC:1.4.1.11,0.1742441637967887,1
EC:1.4.1.13,0.0257782543620899,1
EC:1.4.1.14,0.0320017511612222,1
EC:1.4.1.16,-0.0293412861140863,1
EC:1.4.1.2,-0.7144487101452501,1
EC:1.4.1.21,-0.1010411450408228,1
EC:1.4.1.23,-0.6730164706717174,1
EC:1.4.1.3,-0.6467542211439157,1
EC:1.4.1.4,0.3038941741425537,1
EC:1.4.1.9,-1.0341286513710364,1
EC:1.4.3.16,0.2500651044631238,1
EC:1.4.3.19,-0.8832561940290338,1
EC:1.4.3.21,-0.0595361213337532,1
EC:1.4.3.3,-0.1200430012022021,1
EC:1.4.3.4,-0.3233919273020736,1
EC:1.4.3.5,-0.3562540612267069,1
EC:1.4.4.2,-0.4396368019624437,1
EC:1.4.7.1,0.1692216346617259,1
EC:1.4.99.6,0.2843759651805877,1
EC:1.5.1.2,0.0400833820137101,1
EC:1.5.1.20,-0.195042157647811,1
EC:1.5.1.24,-0.7721491678292927,1
EC:1.5.1.28,-0.2607077120131624,1
EC:1.5.1.3,0.0116708161703865,1
EC:1.5.1.34,-0.0617140873970482,1
EC:1.5.1.36,0.6693153331020874,1
EC:1.5.1.38,-0.0830792320298532,1
EC:1.5.1.39,0.7319453697358351,1
EC:1.5.1.41,0.5919687143127824,1
EC:1.5.1.5,0.042447886802555,1
EC:1.5.1.7,-0.2316290846956636,1
EC:1.5.3.1,-0.2517477142049888,1
EC:1.5.5.1,0.2278550386252055,1
EC:1.5.5.2,-0.3846643784202072,1
EC:1.5.98.2,-0.9542471903509064,1
EC:1.5.99.6,-0.8482655330726945,1
EC:1.6.1.1,0.6050075542374689,1
EC:1.6.1.2,-0.0973117332132073,1
EC:1.6.3.4,0.5761898415933157,1
EC:1.6.5.2,0.5028929766238961,1
EC:1.6.5.3,-0.1113940643936722,1
EC:1.6.5.5,-0.1599483064928093,1
EC:1.6.99.1,0.2493966232201844,1
EC:1.6.99.3,-0.1075750348194386,1
EC:1.7.1.13,-0.5457157647072759,1
EC:1.7.1.15,-0.2365733344127878,1
EC:1.7.1.7,-0.0223773242333928,1
EC:1.7.2.1,-0.5397536402590282,1
EC:1.7.2.2,-0.0894260777433519,1
EC:1.7.2.3,-0.1263839897057708,1
EC:1.7.2.4,-0.1211347300543635,1
EC:1.7.2.5,-0.1051695914226154,1
EC:1.7.3.3,-0.7406640457633495,1
EC:1.7.7.1,0.3867610126149702,1
EC:1.7.99.1,0.4963969673535495,1
EC:1.7.99.4,-0.234248806627679,1
EC:1.8.1.14,-0.0129446220324672,1
EC:1.8.1.15,-0.7251768807967163,1
EC:1.8.1.2,-0.5076879100348188,1
EC:1.8.1.4,-0.1642646135377222,1
EC:1.8.1.7,-0.0118055220855853,1
EC:1.8.1.8,-0.1448736914852262,1
EC:1.8.1.9,0.05693861836934,1
EC:1.8.2.2,-0.0308042737748188,1
EC:1.8.4.11,-0.1131913359198545,1
EC:1.8.4.12,-0.1265354354055803,1
EC:1.8.4.8,-0.3575509018671383,1
EC:1.8.5.2,-0.6620854353325769,1
EC:1.8.5.3,0.6210424833138017,1
EC:1.8.7.1,-0.8755334237765007,1
EC:1.8.98.1,-0.1447552716100567,1
EC:1.8.99.2,-0.1355854029111907,1
EC:1.9.3.1,-1.0431660918985115,1
EC:1.97.1.4,0.1309926398465832,1
EC:1.97.1.9,0.3441706259556787,1
EC:2.1.1.10,-0.5671982773317543,1
EC:2.1.1.104,-0.7819291803916777,1
EC:2.1.1.107,-0.2079782774348414,1
EC:2.1.1.113,-0.3919303093352962,1
EC:2.1.1.13,0.3275040757261723,1
EC:2.1.1.130,-0.0067917200726486,1
EC:2.1.1.131,0.4328217912525609,1
EC:2.1.1.132,-0.0103978287252006,1
EC:2.1.1.133,0.385080950507832,1
EC:2.1.1.14,-0.1610820545691787,1
EC:2.1.1.144,0.0212409733026235,1
EC:2.1.1.148,0.2699923893662229,1
EC:2.1.1.151,-0.023061866937522,1
EC:2.1.1.152,-0.1528961722934398,1
EC:2.1.1.157,-0.5102602912380205,1
EC:2.1.1.163,-0.4049708439235192,1
EC:2.1.1.166,0.637008415160736,1
EC:2.1.1.170,0.08009978999115,1
EC:2.1.1.171,0.25489071829221,1
EC:2.1.1.172,0.1877004791810231,1
EC:2.1.1.173,0.5797512716055091,1
EC:2.1.1.174,0.5919687143127824,1
EC:2.1.1.176,0.1067655910270125,1
EC:2.1.1.177,0.0721060019507655,1
EC:2.1.1.178,0.687281790638238,1
EC:2.1.1.181,0.4242046039025434,1
EC:2.1.1.182,0.0551862358826326,1
EC:2.1.1.184,-0.1105812717669807,1
EC:2.1.1.185,0.0537471791494297,1
EC:2.1.1.186,0.6789668498910939,1
EC:2.1.1.187,0.2910860085118331,1
EC:2.1.1.189,0.5253531520068366,1
EC:2.1.1.190,0.1225662564301136,1
EC:2.1.1.191,0.067902842082322,1
EC:2.1.1.192,0.0092678130517025,1
EC:2.1.1.193,0.0392247288315891,1
EC:2.1.1.195,0.1032531152475441,1
EC:2.1.1.196,0.4246669308224417,1
EC:2.1.1.197,-0.09904895301971,1
EC:2.1.1.198,0.0521911393785738,1
EC:2.1.1.199,0.0705963557375456,1
EC:2.1.1.200,0.5797512716055091,1
EC:2.1.1.201,-0.3989209334797987,1
EC:2.1.1.207,0.1129922919830356,1
EC:2.1.1.217,0.0676452077003939,1
EC:2.1.1.219,-0.6052063013534894,1
EC:2.1.1.220,-0.6052063013534894,1
EC:2.1.1.222,0.5230882575043254,1
EC:2.1.1.223,0.4035166126772944,1
EC:2.1.1.226,0.318351484857741,1
EC:2.1.1.227,0.3183625457863658,1
EC:2.1.1.228,0.0741610787523311,1
EC:2.1.1.234,-0.546626183020311,1
EC:2.1.1.235,-0.329864360210887,1
EC:2.1.1.242,0.7455209210178178,1
EC:2.1.1.245,0.112255261952295,1
EC:2.1.1.246,-0.2234797476923832,1
EC:2.1.1.248,0.5275826530689809,1
EC:2.1.1.250,-0.4295775860354799,1
EC:2.1.1.255,-0.1073907332617737,1
EC:2.1.1.258,0.1116456445051611,1
EC:2.1.1.264,0.5797512716055091,1
EC:2.1.1.265,-0.1197105465805963,1
EC:2.1.1.266,0.2842573363361751,1
EC:2.1.1.271,0.369831897152584,1
EC:2.1.1.289,0.4092924238296648,1
EC:2.1.1.297,0.0105855778807961,1
EC:2.1.1.298,0.5306807857495188,1
EC:2.1.1.33,0.0629534267213801,1
EC:2.1.1.34,0.4301648132078922,1
EC:2.1.1.35,0.0806006303121101,1
EC:2.1.1.37,0.1810394300694016,1
EC:2.1.1.44,-0.7406788936968498,1
EC:2.1.1.45,-0.0339018340809952,1
EC:2.1.1.61,0.5380778428027164,1
EC:2.1.1.63,0.0016073168438749,1
EC:2.1.1.64,0.5230882575043254,1
EC:2.1.1.72,0.0712596242430914,1
EC:2.1.1.74,-0.0164404017457565,1
EC:2.1.1.77,0.2479690406900129,1
EC:2.1.1.79,0.268457646600767,1
EC:2.1.1.80,0.3476450787886186,1
EC:2.1.1.90,0.1251377322670496,1
EC:2.1.2.1,-0.0210539000399578,1
EC:2.1.2.10,-0.6434440156215309,1
EC:2.1.2.11,-0.2299774772432007,1
EC:2.1.2.13,0.3888094542754472,1
EC:2.1.2.2,0.0420938667255839,1
EC:2.1.2.3,0.0137099063846459,1
EC:2.1.2.5,-0.6164485013453282,1
EC:2.1.2.9,0.044764523707743,1
EC:2.1.3.11,-0.6253463978165192,1
EC:2.1.3.2,0.0578245141509638,1
EC:2.1.3.3,0.118562608459506,1
EC:2.1.3.6,-0.0706103086414945,1
EC:2.10.1.1,-0.3527614862163022,1
EC:2.2.1.1,0.1191138086610664,1
EC:2.2.1.10,-0.5551672121858282,1
EC:2.2.1.2,0.0118931938089495,1
EC:2.2.1.6,0.0500062258400755,1
EC:2.2.1.7,0.5060018406356663,1
EC:2.2.1.9,-0.7073979877444132,1
EC:2.3.1.1,0.0342850593940211,1
EC:2.3.1.102,0.8535219655378854,1
EC:2.3.1.109,0.5919634813924657,1
EC:2.3.1.117,0.1403266765429192,1
EC:2.3.1.118,-0.146836515775624,1
EC:2.3.1.12,-0.1682349010700679,1
EC:2.3.1.128,0.1338565334619268,1
EC:2.3.1.129,0.1220220274390443,1
EC:2.3.1.15,0.1383200339237092,1
EC:2.3.1.157,0.061222379700956,1
EC:2.3.1.16,0.0015688591512595,1
EC:2.3.1.168,-0.0808364069093474,1
EC:2.3.1.169,0.112797696790484,1
EC:2.3.1.174,0.7647167260460888,1
EC:2.3.1.178,-0.6724339886112751,1
EC:2.3.1.179,0.0341796620718992,1
EC:2.3.1.18,-0.0853918686459636,1
EC:2.3.1.180,-0.0490712016117369,1
EC:2.3.1.181,-0.4873534767189078,1
EC:2.3.1.182,-0.5813196316185985,1
EC:2.3.1.183,-0.1698875109579499,1
EC:2.3.1.184,0.6931697520656774,1
EC:2.3.1.187,0.4532037653995462,1
EC:2.3.1.189,-0.499640151353253,1
EC:2.3.1.19,0.1465269453261468,1
EC:2.3.1.191,-0.0817527653005271,1
EC:2.3.1.193,0.5221045576288843,1
EC:2.3.1.20,0.1003296558212372,1
EC:2.3.1.201,-0.5373460207711009,1
EC:2.3.1.203,0.3078958919080032,1
EC:2.3.1.204,-0.5120552302456967,1
EC:2.3.1.207,0.2479688201730782,1
EC:2.3.1.210,0.5262929858336329,1
EC:2.3.1.222,-0.2915976981599814,1
EC:2.3.1.223,0.7196887872551505,1
EC:2.3.1.233,-0.4878659019680246,1
EC:2.3.1.234,0.0741838249844974,1
EC:2.3.1.235,-0.2199383751539748,1
EC:2.3.1.241,-0.0730855347345795,1
EC:2.3.1.242,0.5961571425175296,1
EC:2.3.1.243,0.5262929858336329,1
EC:2.3.1.28,-0.0341161345170098,1
EC:2.3.1.29,-0.3182126592616633,1
EC:2.3.1.30,0.0322797618059257,1
EC:2.3.1.31,-1.044783268208959,1
EC:2.3.1.35,-0.0445594616882133,1
EC:2.3.1.39,0.0522433445462656,1
EC:2.3.1.40,0.118208257435129,1
EC:2.3.1.41,0.3355919179577757,1
EC:2.3.1.46,0.2855971257574005,1
EC:2.3.1.47,-0.6012833981565302,1
EC:2.3.1.51,0.0963404748593733,1
EC:2.3.1.54,0.1754330744585092,1
EC:2.3.1.57,-0.1473804325177125,1
EC:2.3.1.59,-0.8085305394585625,1
EC:2.3.1.61,-0.6713193961039479,1
EC:2.3.1.79,0.3755224691480924,1
EC:2.3.1.8,0.0851248692089467,1
EC:2.3.1.81,-0.2813114268325081,1
EC:2.3.1.82,0.3851459894163855,1
EC:2.3.1.89,-0.1407221744396804,1
EC:2.3.1.9,-0.2120600580390099,1
EC:2.3.2.10,-0.2215030010233222,1
EC:2.3.2.13,0.0151690345874222,1
EC:2.3.2.16,-0.4444294467585553,1
EC:2.3.2.17,0.0821224059645608,1
EC:2.3.2.18,-0.0129446220324672,1
EC:2.3.2.2,-0.3951208706889825,1
EC:2.3.2.3,-0.0917004466424519,1
EC:2.3.2.5,-0.9128213225999712,1
EC:2.3.2.6,-0.2764513904852411,1
EC:2.3.2.8,0.1322502556676076,1
EC:2.3.3.1,-0.0113388890625037,1
EC:2.3.3.10,-0.1388574083397389,1
EC:2.3.3.13,-0.1641908108904169,1
EC:2.3.3.14,0.7480417038140073,1
EC:2.3.3.5,-0.1819343562713382,1
EC:2.3.3.9,-0.2167183839414614,1
EC:2.4.1.1,0.2532570019833963,1
EC:2.4.1.10,-0.1635625203471963,1
EC:2.4.1.109,0.3852053973646945,1
EC:2.4.1.11,-0.4446948761209766,1
EC:2.4.1.117,0.2442436234853446,1
EC:2.4.1.12,0.7387160353707318,1
EC:2.4.1.129,0.3162263474922404,1
EC:2.4.1.144,0.1959768317893069,1
EC:2.4.1.15,-0.2844647960568296,1
EC:2.4.1.18,0.3076353798069366,1
EC:2.4.1.180,0.0836877354898357,1
EC:2.4.1.182,-0.0293591635382268,1
EC:2.4.1.187,-0.0408628664885002,1
EC:2.4.1.20,0.7095219854195782,1
EC:2.4.1.208,0.3059354410985139,1
EC:2.4.1.21,0.4562995733311694,1
EC:2.4.1.211,0.4527440249637319,1
EC:2.4.1.212,-0.0922092118178032,1
EC:2.4.1.216,-0.5527270000885078,1
EC:2.4.1.227,0.0552837161434272,1
EC:2.4.1.230,0.1382689166717968,1
EC:2.4.1.247,-0.7556799566047157,1
EC:2.4.1.25,0.0324192898571944,1
EC:2.4.1.250,-0.686620992052599,1
EC:2.4.1.266,-0.800294726930936,1
EC:2.4.1.280,0.1265967897473724,1
EC:2.4.1.281,-0.2243236829927671,1
EC:2.4.1.287,-1.015316324787966,1
EC:2.4.1.288,-1.0760250321766294,1
EC:2.4.1.289,-0.7251768807967163,1
EC:2.4.1.290,-0.0136416637799223,1
EC:2.4.1.291,-0.5797527970413767,1
EC:2.4.1.292,-0.0468251321736059,1
EC:2.4.1.310,-0.4159967595258108,1
EC:2.4.1.315,-0.7935816637366371,1
EC:2.4.1.319,-0.2811159869522716,1
EC:2.4.1.320,-0.3712361803814415,1
EC:2.4.1.325,0.5262929858336329,1
EC:2.4.1.4,-0.3320838749599478,1
EC:2.4.1.44,-0.1458722721589415,1
EC:2.4.1.5,-0.9431182503066162,1
EC:2.4.1.52,-0.554481865344165,1
EC:2.4.1.57,-0.686620992052599,1
EC:2.4.1.58,-0.4196347622861374,1
EC:2.4.1.64,-0.1799906634702312,1
EC:2.4.1.7,-0.02127371151386,1
EC:2.4.1.8,0.331992066312248,1
EC:2.4.1.80,-1.0197934465198193,1
EC:2.4.1.83,-0.1329007184347428,1
EC:2.4.2.1,0.0679878932014759,1
EC:2.4.2.10,0.0794328442622706,1
EC:2.4.2.12,-0.5542335203544109,1
EC:2.4.2.14,0.0164991587549218,1
EC:2.4.2.17,-0.1196824972236786,1
EC:2.4.2.18,-0.1484863598795204,1
EC:2.4.2.19,0.2470723331116029,1
EC:2.4.2.2,0.0088348977182891,1
EC:2.4.2.21,0.0315967692767042,1
EC:2.4.2.22,0.1091606659716893,1
EC:2.4.2.28,-0.3512492821972683,1
EC:2.4.2.29,0.0580108105040541,1
EC:2.4.2.3,0.5124725280005032,1
EC:2.4.2.4,-0.145130516132742,1
EC:2.4.2.43,0.5949504089831629,1
EC:2.4.2.45,-0.4681458985337075,1
EC:2.4.2.46,-1.0151732636672488,1
EC:2.4.2.47,-0.1117707167803538,1
EC:2.4.2.52,0.176597382094183,1
EC:2.4.2.53,0.0268357148589736,1
EC:2.4.2.6,-0.4282783608774287,1
EC:2.4.2.7,0.0667813372303063,1
EC:2.4.2.8,0.0560519927153938,1
EC:2.4.2.9,0.0083757206456512,1
EC:2.4.99.12,0.0023862780049018,1
EC:2.4.99.13,0.0203279212678746,1
EC:2.4.99.14,-0.1264490317839073,1
EC:2.4.99.15,0.026078203557284,1
EC:2.4.99.16,-0.7067292059370285,1
EC:2.4.99.17,0.0403361670473558,1
EC:2.4.99.19,-0.0595029327290722,1
EC:2.5.1.1,0.0366540833297003,1
EC:2.5.1.10,0.0372289185676905,1
EC:2.5.1.101,0.6243143037075809,1
EC:2.5.1.105,-0.1711260140417317,1
EC:2.5.1.120,-0.9707137813933916,1
EC:2.5.1.15,-0.2994388115089512,1
EC:2.5.1.16,0.4206273949129595,1
EC:2.5.1.17,0.248417307158359,1
EC:2.5.1.18,0.3728090015200362,1
EC:2.5.1.19,0.1060619176388925,1
EC:2.5.1.21,-0.9785363514207046,1
EC:2.5.1.26,-0.2840044989477376,1
EC:2.5.1.29,-0.0551106268582324,1
EC:2.5.1.3,-0.0341260428130164,1
EC:2.5.1.30,0.1120636272500677,1
EC:2.5.1.31,0.0701705458594869,1
EC:2.5.1.32,-0.3213010862103063,1
EC:2.5.1.39,-0.4044519401990595,1
EC:2.5.1.46,0.5150903241969562,1
EC:2.5.1.47,0.0182328318452686,1
EC:2.5.1.48,-0.2139079598548041,1
EC:2.5.1.49,0.0882746109882837,1
EC:2.5.1.54,0.1284239160328377,1
EC:2.5.1.55,0.0557657061695974,1
EC:2.5.1.56,-0.1853527385520424,1
EC:2.5.1.57,-0.2068088642801119,1
EC:2.5.1.6,-0.0171639688185943,1
EC:2.5.1.61,-0.1789703141604646,1
EC:2.5.1.68,-0.6866229157843327,1
EC:2.5.1.7,0.0430378088991436,1
EC:2.5.1.72,0.2662492063379043,1
EC:2.5.1.74,-0.3004210441319834,1
EC:2.5.1.75,0.0520275490776554,1
EC:2.5.1.76,0.5231147409121826,1
EC:2.5.1.78,0.0031081143945976,1
EC:2.5.1.9,0.0026325428909536,1
EC:2.5.1.90,0.0818347476303643,1
EC:2.5.1.97,-0.0359824290923555,1
EC:2.6.1.1,0.3611757918120704,1
EC:2.6.1.102,-0.260594660265206,1
EC:2.6.1.103,-0.5196539623972454,1
EC:2.6.1.11,0.0634997769559542,1
EC:2.6.1.13,-1.0111122645551176,1
EC:2.6.1.16,0.0220872231718303,1
EC:2.6.1.17,0.5442614390180531,1
EC:2.6.1.18,0.326870277305422,1
EC:2.6.1.19,-0.2156281992920313,1
EC:2.6.1.2,0.3174289742237109,1
EC:2.6.1.21,-0.5220958436069538,1
EC:2.6.1.22,-0.6503772528496345,1
EC:2.6.1.34,-0.0136416637799223,1
EC:2.6.1.37,-0.2575179409346423,1
EC:2.6.1.42,0.0429735638732791,1
EC:2.6.1.52,0.3547493071085783,1
EC:2.6.1.55,-0.5569035251989416,1
EC:2.6.1.57,0.445284144101789,1
EC:2.6.1.59,0.2867225357961896,1
EC:2.6.1.62,-0.3767345437012304,1
EC:2.6.1.66,0.2180437706916614,1
EC:2.6.1.76,-0.0420822777485178,1
EC:2.6.1.81,0.5822941989063313,1
EC:2.6.1.82,0.0007907579685108995,1
EC:2.6.1.83,-0.019590927993104,1
EC:2.6.1.85,-0.5379257178863075,1
EC:2.6.1.86,-0.475907423624092,1
EC:2.6.1.87,0.5461978113269695,1
EC:2.6.1.9,-0.0037420443499903,1
EC:2.6.99.2,-0.1568291859503878,1
EC:2.7.1.1,-0.0187497324387771,1
EC:2.7.1.100,0.6346996546574952,1
EC:2.7.1.107,0.078922899521895,1
EC:2.7.1.11,0.1221907134921395,1
EC:2.7.1.113,-0.250830558195151,1
EC:2.7.1.119,-0.0694867793916608,1
EC:2.7.1.12,-0.295130432822669,1
EC:2.7.1.130,0.0011292014348912,1
EC:2.7.1.14,0.1467565265384419,1
EC:2.7.1.144,-0.1527816835284799,1
EC:2.7.1.146,-0.3556049672299987,1
EC:2.7.1.147,-0.4063465684636376,1
EC:2.7.1.148,0.090076856523245,1
EC:2.7.1.15,-0.0767253077408609,1
EC:2.7.1.156,0.1658241806815621,1
EC:2.7.1.16,-0.7987078005843964,1
EC:2.7.1.165,-0.6908453636878638,1
EC:2.7.1.167,0.2323006680862386,1
EC:2.7.1.168,0.1379577330504303,1
EC:2.7.1.17,-0.0898044524720871,1
EC:2.7.1.170,0.1906493223547721,1
EC:2.7.1.175,-0.7054215375388835,1
EC:2.7.1.176,0.1257784082227029,1
EC:2.7.1.177,0.470769492269481,1
EC:2.7.1.184,-0.170295307222312,1
EC:2.7.1.19,0.6169906926411115,1
EC:2.7.1.2,-0.0021352074058044,1
EC:2.7.1.20,-0.5711909605998868,1
EC:2.7.1.21,0.052276634582274,1
EC:2.7.1.22,0.3030726441052522,1
EC:2.7.1.23,0.0469011616058444,1
EC:2.7.1.24,0.0567751876276016,1
EC:2.7.1.25,-0.6391143819782026,1
EC:2.7.1.26,0.0280847686408228,1
EC:2.7.1.27,-0.5819340622998312,1
EC:2.7.1.29,-0.1914687340733424,1
EC:2.7.1.30,-0.030763600112102,1
EC:2.7.1.31,-0.0215227387443045,1
EC:2.7.1.33,0.0558232791635261,1
EC:2.7.1.35,0.259523721788392,1
EC:2.7.1.36,-0.1395256409181389,1
EC:2.7.1.37,-0.1972206346913643,1
EC:2.7.1.39,0.1334588161014366,1
EC:2.7.1.4,0.1419810620195019,1
EC:2.7.1.40,0.0807476969304312,1
EC:2.7.1.45,0.3536000426649716,1
EC:2.7.1.48,0.0966036514802683,1
EC:2.7.1.49,-0.0155593585956168,1
EC:2.7.1.5,0.2596620137599097,1
EC:2.7.1.50,0.0056356316902813,1
EC:2.7.1.51,-0.124339503415789,1
EC:2.7.1.52,-0.3896720575659397,1
EC:2.7.1.53,0.0938700173114573,1
EC:2.7.1.55,-0.4205423706281454,1
EC:2.7.1.56,0.1753453940422005,1
EC:2.7.1.58,0.5924440226368511,1
EC:2.7.1.59,0.4825327175048347,1
EC:2.7.1.6,0.1415896316325468,1
EC:2.7.1.60,0.1290088333088083,1
EC:2.7.1.63,-0.4925402662624839,1
EC:2.7.1.66,-0.0526234817666259,1
EC:2.7.1.69,0.2777733044509022,1
EC:2.7.1.71,0.1157967728898125,1
EC:2.7.1.72,-0.5444618262318395,1
EC:2.7.1.73,0.5919687143127824,1
EC:2.7.1.74,-0.250830558195151,1
EC:2.7.1.76,-0.3655126812834405,1
EC:2.7.1.8,0.2368929873094846,1
EC:2.7.1.83,0.1077567954650053,1
EC:2.7.1.85,0.1618717484968648,1
EC:2.7.1.87,-0.4392052513713838,1
EC:2.7.1.89,0.5961571425175296,1
EC:2.7.1.90,-0.1407281825277446,1
EC:2.7.1.92,0.00389129370082,1
EC:2.7.1.95,0.0503062603805731,1
EC:2.7.11.1,0.1279159937802738,1
EC:2.7.11.5,0.6741567794879,1
EC:2.7.13.3,0.0575757910297628,1
EC:2.7.14.1,-0.7877921531046506,1
EC:2.7.2.1,0.0768954272986767,1
EC:2.7.2.11,0.2189569649360396,1
EC:2.7.2.15,0.5260368788799086,1
EC:2.7.2.2,0.057815724023354,1
EC:2.7.2.3,0.0494445636761268,1
EC:2.7.2.4,0.0771342518444314,1
EC:2.7.2.7,-0.2801834112884224,1
EC:2.7.2.8,-0.0238086392013479,1
EC:2.7.3.9,0.1354421132413776,1
EC:2.7.4.1,-0.1170916140006097,1
EC:2.7.4.14,0.0998140581718411,1
EC:2.7.4.16,-0.1761307733337595,1
EC:2.7.4.2,-0.1393132514210125,1
EC:2.7.4.22,0.0551549256185732,1
EC:2.7.4.23,0.7778868657935429,1
EC:2.7.4.3,0.0551933820327471,1
EC:2.7.4.6,-0.3369596676978305,1
EC:2.7.4.7,0.0024519246941951,1
EC:2.7.4.8,0.049041144603723,1
EC:2.7.4.9,-0.0883581443430392,1
EC:2.7.6.1,0.0613613784597594,1
EC:2.7.6.2,0.0241512687653089,1
EC:2.7.6.3,-0.2629332388704652,1
EC:2.7.6.5,0.0220924139965317,1
EC:2.7.7.1,-0.0572247124973108,1
EC:2.7.7.12,0.4426649087195319,1
EC:2.7.7.13,-0.1039675407860098,1
EC:2.7.7.15,-0.5962048647396014,1
EC:2.7.7.18,0.0480354217470073,1
EC:2.7.7.19,-0.3118424689891828,1
EC:2.7.7.2,0.0312265042128899,1
EC:2.7.7.23,0.1233290753313867,1
EC:2.7.7.24,0.2888394618518085,1
EC:2.7.7.27,0.4890274535087746,1
EC:2.7.7.3,0.0520694636901114,1
EC:2.7.7.33,-0.0648559475850898,1
EC:2.7.7.38,-0.0345537187549638,1
EC:2.7.7.39,0.0041023487468863,1
EC:2.7.7.4,-0.309288048639032,1
EC:2.7.7.41,0.0544914581180618,1
EC:2.7.7.42,-0.2624401987480522,1
EC:2.7.7.43,-0.876069788349171,1
EC:2.7.7.47,0.0597866731703359,1
EC:2.7.7.49,-0.8265350837984597,1
EC:2.7.7.53,-0.621923819566707,1
EC:2.7.7.56,-0.2654575552525598,1
EC:2.7.7.58,-0.1751250720668146,1
EC:2.7.7.59,-0.2569240331394146,1
EC:2.7.7.6,0.0418075165030954,1
EC:2.7.7.60,-0.1134340170473294,1
EC:2.7.7.61,-0.0653701534929005,1
EC:2.7.7.62,0.1760410062805573,1
EC:2.7.7.63,0.040862800655324,1
EC:2.7.7.65,0.7794983212554449,1
EC:2.7.7.66,0.4557494578206306,1
EC:2.7.7.68,-0.6236433302955571,1
EC:2.7.7.7,0.0489811113740912,1
EC:2.7.7.70,0.2332238112207533,1
EC:2.7.7.71,-0.1304933435164199,1
EC:2.7.7.72,0.1802130104375922,1
EC:2.7.7.73,0.27462497485424,1
EC:2.7.7.75,0.4692279889137766,1
EC:2.7.7.76,0.648440561662901,1
EC:2.7.7.77,0.2989466628637077,1
EC:2.7.7.8,0.038328158432469,1
EC:2.7.7.82,0.9305897039921216,1
EC:2.7.7.83,0.7197352151114531,1
EC:2.7.7.85,0.0441046084073241,1
EC:2.7.7.87,0.0534510113020794,1
EC:2.7.7.9,-0.0130239823796263,1
EC:2.7.8.12,-0.3743690128263844,1
EC:2.7.8.13,0.0120020663171259,1
EC:2.7.8.14,-0.4423058790532612,1
EC:2.7.8.20,-0.2116257494047466,1
EC:2.7.8.26,0.1582753433787335,1
EC:2.7.8.28,-0.678174727452493,1
EC:2.7.8.33,-0.2668886575501927,1
EC:2.7.8.36,-0.0383471514171795,1
EC:2.7.8.37,0.5749206296751728,1
EC:2.7.8.41,0.0791315863389475,1
EC:2.7.8.5,0.0948961567544493,1
EC:2.7.8.6,0.7751284109906988,1
EC:2.7.8.7,-0.01485646285966,1
EC:2.7.8.8,0.0251218793028382,1
EC:2.7.9.1,-0.0555457346751644,1
EC:2.7.9.2,0.4155530388764576,1
EC:2.7.9.3,0.5172207512529658,1
EC:2.8.1.1,0.2851823019152592,1
EC:2.8.1.10,-0.159663636902075,1
EC:2.8.1.12,-0.0936826905028715,1
EC:2.8.1.2,0.1849502143675689,1
EC:2.8.1.6,-0.1506523367051695,1
EC:2.8.1.7,0.0468744373395114,1
EC:2.8.1.8,-0.6801548340138936,1
EC:2.8.2.22,-0.295872834359812,1
EC:2.8.3.1,-0.1053197414393465,1
EC:2.8.3.10,0.0446839783836031,1
EC:2.8.3.12,-0.1516019347350432,1
EC:2.8.3.15,-0.1860698155819691,1
EC:2.8.3.16,-0.4120648832418768,1
EC:2.8.3.17,0.2557418380803529,1
EC:2.8.3.18,0.5165853880901321,1
EC:2.8.3.19,0.0535013679067616,1
EC:2.8.3.21,-0.0603886191211518,1
EC:2.8.3.5,-0.0296485468432997,1
EC:2.8.3.6,0.5793897586258571,1
EC:2.8.3.8,0.2168427664322013,1
EC:2.8.3.9,0.2051402302132819,1
EC:2.8.4.3,-0.1384863935197086,1
EC:2.8.4.4,0.4492627729513923,1
EC:2.8.4.5,-0.4156432917887747,1
EC:2.9.1.1,0.255285072077364,1
EC:3.1.1.1,-0.2477591317077737,1
EC:3.1.1.11,0.0737652740921591,1
EC:3.1.1.17,-0.8745352904878425,1
EC:3.1.1.24,-0.4231258282846308,1
EC:3.1.1.29,0.0746882537055188,1
EC:3.1.1.3,-0.0413971503525013,1
EC:3.1.1.31,0.0220036338085123,1
EC:3.1.1.32,0.4725014185041247,1
EC:3.1.1.4,0.485814449316222,1
EC:3.1.1.41,-0.2553710715077459,1
EC:3.1.1.45,-0.2769783226267167,1
EC:3.1.1.5,0.6766495844413558,1
EC:3.1.1.53,-0.4699583463487802,1
EC:3.1.1.57,-0.4911313339678744,1
EC:3.1.1.61,0.6846986306368974,1
EC:3.1.1.73,-0.599962488551202,1
EC:3.1.1.74,-0.4404287486501118,1
EC:3.1.1.75,0.3110598275839529,1
EC:3.1.1.85,-0.110554940095792,1
EC:3.1.11.1,0.5098118437280499,1
EC:3.1.11.2,0.2505090970293329,1
EC:3.1.11.5,0.1668465150669797,1
EC:3.1.11.6,0.0520128042934247,1
EC:3.1.12.1,-0.1497484087079613,1
EC:3.1.13.1,0.5979770647055607,1
EC:3.1.13.3,-0.0160968952747526,1
EC:3.1.13.5,-0.3343222081177898,1
EC:3.1.2.12,0.5142049471282197,1
EC:3.1.2.20,0.4604104123181493,1
EC:3.1.2.21,-0.0196374933899708,1
EC:3.1.2.23,0.3567783739911565,1
EC:3.1.2.26,0.2597774922906783,1
EC:3.1.2.28,0.5670072916004121,1
EC:3.1.2.6,0.1791761270434127,1
EC:3.1.21.1,0.6955505076376354,1
EC:3.1.21.2,0.1018265451237338,1
EC:3.1.21.3,0.2341225926682515,1
EC:3.1.21.4,-0.6022065849876905,1
EC:3.1.21.5,0.3657834057853167,1
EC:3.1.21.7,0.203055075365937,1
EC:3.1.22.4,0.0994894512194012,1
EC:3.1.26.11,0.0925225258664783,1
EC:3.1.26.12,-0.1975652098463229,1
EC:3.1.26.3,0.0572075961320376,1
EC:3.1.26.4,0.0190149919473624,1
EC:3.1.26.5,0.0699826265906214,1
EC:3.1.26.8,0.0398575130539398,1
EC:3.1.27.1,0.1629612430203926,1
EC:3.1.27.3,-0.466004848193868,1
EC:3.1.27.6,0.5162866161940052,1
EC:3.1.3.1,-0.8773602019578497,1
EC:3.1.3.10,0.6017959440097782,1
EC:3.1.3.11,0.1048300546744801,1
EC:3.1.3.12,0.1164664378712463,1
EC:3.1.3.15,0.6117096333560776,1
EC:3.1.3.16,0.1304781630462982,1
EC:3.1.3.18,0.0081188137698797,1
EC:3.1.3.2,0.1447974482440023,1
EC:3.1.3.23,0.1412968586538835,1
EC:3.1.3.25,-0.1753117317043611,1
EC:3.1.3.26,0.452112954482448,1
EC:3.1.3.27,0.2236796109917927,1
EC:3.1.3.3,-0.2263689424652681,1
EC:3.1.3.4,0.4136583798191632,1
EC:3.1.3.41,-0.0472882644774207,1
EC:3.1.3.45,0.3385212211475804,1
EC:3.1.3.48,0.061251583321552,1
EC:3.1.3.5,-0.2037175039800027,1
EC:3.1.3.6,0.1856242238868914,1
EC:3.1.3.7,0.0684088913293919,1
EC:3.1.3.70,0.9164475004419288,1
EC:3.1.3.71,-0.3971798659053361,1
EC:3.1.3.73,0.2493164749997654,1
EC:3.1.3.77,0.9300413595119676,1
EC:3.1.3.8,-0.1551133246296137,1
EC:3.1.3.81,0.4136583798191632,1
EC:3.1.3.82,0.604185166919692,1
EC:3.1.3.83,0.5999768644372105,1
EC:3.1.3.89,0.6952767432244795,1
EC:3.1.3.90,0.33334474167603,1
EC:3.1.31.1,-0.3850141700831949,1
EC:3.1.4.14,0.5961571425175296,1
EC:3.1.4.16,0.1161953903907451,1
EC:3.1.4.17,0.1618272644472417,1
EC:3.1.4.3,-0.3129952540298525,1
EC:3.1.4.37,-0.1972206346913643,1
EC:3.1.4.46,-0.0430736920395276,1
EC:3.1.4.52,0.6398314067595647,1
EC:3.1.4.55,-0.2174138979977533,1
EC:3.1.5.1,0.2450561762571365,1
EC:3.1.6.1,-0.6624772696575107,1
EC:3.1.6.12,-0.4076319778131508,1
EC:3.1.6.6,-0.3707056130485748,1
EC:3.1.6.8,-0.9362657701343812,1
EC:3.1.7.2,0.3465820685480796,1
EC:3.11.1.1,-0.1466871139736928,1
EC:3.11.1.2,-0.2454657602452696,1
EC:3.13.1.1,-0.5116272245962277,1
EC:3.2.1.1,-0.0135043003828042,1
EC:3.2.1.10,0.1414534840778851,1
EC:3.2.1.11,-0.7269526040872505,1
EC:3.2.1.122,0.645332875629155,1
EC:3.2.1.130,0.5418171116133499,1
EC:3.2.1.132,-0.0577393298313049,1
EC:3.2.1.135,-0.3654568519275673,1
EC:3.2.1.136,-0.4291119072700886,1
EC:3.2.1.139,-0.3615058375808295,1
EC:3.2.1.14,-0.1718056605321848,1
EC:3.2.1.141,-0.7492022180173237,1
EC:3.2.1.156,-0.4092851633165802,1
EC:3.2.1.164,0.2773762197830068,1
EC:3.2.1.165,-0.2776186664552832,1
EC:3.2.1.17,0.1987361193801288,1
EC:3.2.1.170,0.4646152595226292,1
EC:3.2.1.172,-0.1232440825947786,1
EC:3.2.1.177,0.0797326240570834,1
EC:3.2.1.18,-1.005716412301448,1
EC:3.2.1.180,0.0531603962759857,1
EC:3.2.1.183,0.2455617283515729,1
EC:3.2.1.184,0.3955799369212607,1
EC:3.2.1.20,-0.023200436534009,1
EC:3.2.1.21,0.4303164781435274,1
EC:3.2.1.22,0.2214728956424693,1
EC:3.2.1.23,0.1498998003754605,1
EC:3.2.1.24,-0.3547064289557482,1
EC:3.2.1.25,-0.1811860023501373,1
EC:3.2.1.26,0.0721629410723255,1
EC:3.2.1.28,0.5482740580450101,1
EC:3.2.1.31,0.0336926069801676,1
EC:3.2.1.35,-0.5669857194679682,1
EC:3.2.1.37,0.1641992709009186,1
EC:3.2.1.4,0.1484831461611633,1
EC:3.2.1.40,-0.1308606450362711,1
EC:3.2.1.41,-0.0925817566334059,1
EC:3.2.1.45,-0.4001224552118261,1
EC:3.2.1.50,-0.6406559825085929,1
EC:3.2.1.51,-0.0593032449426654,1
EC:3.2.1.52,-0.0462373313660758,1
EC:3.2.1.55,-0.062517113456938,1
EC:3.2.1.58,0.2414028629834839,1
EC:3.2.1.64,-0.3028149468592355,1
EC:3.2.1.65,0.0904190821487401,1
EC:3.2.1.70,0.0727891575079851,1
EC:3.2.1.73,-0.9023456054073732,1
EC:3.2.1.78,-0.6732654678364529,1
EC:3.2.1.8,-0.2663550900886762,1
EC:3.2.1.80,-0.6316689442873846,1
EC:3.2.1.82,-0.2881447993311757,1
EC:3.2.1.85,-0.0302064593506578,1
EC:3.2.1.86,0.3951199070448002,1
EC:3.2.1.89,0.0063505074251022,1
EC:3.2.1.91,-0.0935825948177721,1
EC:3.2.1.93,0.1095667444363981,1
EC:3.2.1.96,-0.2237991596413409,1
EC:3.2.1.97,-0.2297943275438699,1
EC:3.2.1.99,-0.3729270177934202,1
EC:3.2.2.1,-0.0722879593916426,1
EC:3.2.2.20,-0.2241641847269112,1
EC:3.2.2.21,-0.0502949106847155,1
EC:3.2.2.23,-0.3286094482529784,1
EC:3.2.2.26,-0.4399502168005193,1
EC:3.2.2.27,0.0756503822012004,1
EC:3.2.2.30,-0.0633397967756823,1
EC:3.2.2.4,0.1233749279789531,1
EC:3.2.2.8,-0.3767803475174484,1
EC:3.2.2.9,0.0804355430293573,1
EC:3.3.1.1,-0.6296180287358129,1
EC:3.3.2.1,0.3578041580800496,1
EC:3.3.2.12,-0.0056669070225953,1
EC:3.3.2.8,-0.5934752097574412,1
EC:3.3.2.9,-0.6647501946212226,1
EC:3.4.11.1,-0.5764474280510532,1
EC:3.4.11.10,-0.2590266680606156,1
EC:3.4.11.14,-0.054849545457232,1
EC:3.4.11.18,0.0986648663679062,1
EC:3.4.11.19,0.1550403818742848,1
EC:3.4.11.2,-0.2402130138131463,1
EC:3.4.11.21,0.3710440553610536,1
EC:3.4.11.23,0.5221045576288843,1
EC:3.4.11.24,-0.1926044554117433,1
EC:3.4.11.4,0.1779814580956828,1
EC:3.4.11.5,0.0824761860216882,1
EC:3.4.11.6,0.0496201837549873,1
EC:3.4.11.7,-0.2009569365220512,1
EC:3.4.11.9,0.1084909863818393,1
EC:3.4.13.19,0.168090451730689,1
EC:3.4.13.21,-0.0709618639925425,1
EC:3.4.13.22,0.1856801087341238,1
EC:3.4.13.9,0.1228961261239173,1
EC:3.4.14.11,-0.14616478582095,1
EC:3.4.14.4,-0.4010164646391679,1
EC:3.4.14.5,-0.6194019207427759,1
EC:3.4.15.5,-0.2708582395932425,1
EC:3.4.15.6,-0.2443137047492269,1
EC:3.4.16.4,0.3864787205648245,1
EC:3.4.17.11,0.2423120010307219,1
EC:3.4.17.13,0.2306602516262603,1
EC:3.4.17.14,-0.455092339459656,1
EC:3.4.17.18,-0.2990259858439227,1
EC:3.4.17.19,0.2099991371478962,1
EC:3.4.19.1,-0.0023785650967057,1
EC:3.4.19.11,0.0944999227777657,1
EC:3.4.19.12,-0.2019387251729829,1
EC:3.4.19.13,-0.4368177037546306,1
EC:3.4.19.3,-0.0435156402346669,1
EC:3.4.19.5,0.0537273034687492,1
EC:3.4.21.102,0.0925072482083122,1
EC:3.4.21.105,-0.0106113312061065,1
EC:3.4.21.107,0.349368254052623,1
EC:3.4.21.116,0.4916445891119579,1
EC:3.4.21.19,0.1072745201792094,1
EC:3.4.21.26,-0.2710850555628457,1
EC:3.4.21.53,0.3190061260044236,1
EC:3.4.21.66,0.2211502808797171,1
EC:3.4.21.81,-0.4099638066300693,1
EC:3.4.21.83,0.5271650409739814,1
EC:3.4.21.88,0.1413601609919968,1
EC:3.4.21.89,0.0620025326396079,1
EC:3.4.21.92,0.036646433475775,1
EC:3.4.21.96,-0.4680846254493625,1
EC:3.4.22.40,0.0290834335676599,1
EC:3.4.22.48,0.0928785774437233,1
EC:3.4.22.70,0.1515210616356703,1
EC:3.4.22.8,-0.6742352995991561,1
EC:3.4.23.36,0.0791566425985158,1
EC:3.4.23.43,0.1326852925031756,1
EC:3.4.23.51,0.5286496203933487,1
EC:3.4.24.13,-0.6638734300252667,1
EC:3.4.24.28,-0.2594109976892851,1
EC:3.4.24.29,-0.1476585223118822,1
EC:3.4.24.3,-0.325310077236693,1
EC:3.4.24.30,-0.221024228266209,1
EC:3.4.24.55,0.5221045576288843,1
EC:3.4.24.69,0.1658801028969576,1
EC:3.4.24.70,0.0194206868163455,1
EC:3.4.24.77,-0.4107231258405965,1
EC:3.4.24.78,0.4861319990239464,1
EC:3.4.24.84,0.2206147267281187,1
EC:3.4.25.1,-0.7384473540025938,1
EC:3.4.25.2,-0.1781369519146397,1
EC:3.5.1.1,-0.0376422263890509,1
EC:3.5.1.10,-0.393129126154531,1
EC:3.5.1.101,0.2239585368964904,1
EC:3.5.1.103,-0.686620992052599,1
EC:3.5.1.105,0.6634822156121782,1
EC:3.5.1.106,-0.6480471008182991,1
EC:3.5.1.108,-0.1134385776709143,1
EC:3.5.1.11,-0.8255621180856996,1
EC:3.5.1.110,0.6374132108266763,1
EC:3.5.1.115,-0.7229138194282738,1
EC:3.5.1.116,0.0466995649673022,1
EC:3.5.1.118,-0.0895866926414684,1
EC:3.5.1.16,-0.1767736623699397,1
EC:3.5.1.18,-0.0185242366006003,1
EC:3.5.1.19,-0.2613124452487583,1
EC:3.5.1.2,-0.0084603389180905,1
EC:3.5.1.23,-0.5980496067721661,1
EC:3.5.1.24,0.0502805445661938,1
EC:3.5.1.25,0.1202982719170206,1
EC:3.5.1.26,0.5482669462542462,1
EC:3.5.1.28,0.107910626761482,1
EC:3.5.1.32,0.4195638546423331,1
EC:3.5.1.4,0.2183972139824261,1
EC:3.5.1.42,0.2968549436099053,1
EC:3.5.1.44,0.4231893172381586,1
EC:3.5.1.46,-0.0918404116266963,1
EC:3.5.1.47,0.1616770722111953,1
EC:3.5.1.49,-0.5924938830167874,1
EC:3.5.1.5,-0.7197995709106295,1
EC:3.5.1.53,-0.4274982696349018,1
EC:3.5.1.54,0.0623156325615897,1
EC:3.5.1.56,0.2442436234853446,1
EC:3.5.1.59,0.1864963009395735,1
EC:3.5.1.78,0.5162866161940052,1
EC:3.5.1.81,0.2690762575613188,1
EC:3.5.1.86,0.248014870338037,1
EC:3.5.1.87,-0.2291129672063606,1
EC:3.5.1.88,-0.0147028934888116,1
EC:3.5.1.9,-0.5130725485474659,1
EC:3.5.1.90,-0.076435966169849,1
EC:3.5.1.94,0.6085200355649001,1
EC:3.5.1.96,0.6055513242257087,1
EC:3.5.1.97,0.2710876457435943,1
EC:3.5.2.10,-0.1469868723317648,1
EC:3.5.2.14,-0.5187879058983589,1
EC:3.5.2.17,0.0132962262157498,1
EC:3.5.2.18,0.2704038294427707,1
EC:3.5.2.2,0.2576610324454562,1
EC:3.5.2.3,0.040913123993749,1
EC:3.5.2.5,-0.082971044120694,1
EC:3.5.2.6,-0.0889872605777652,1
EC:3.5.2.7,-0.3037160912964003,1
EC:3.5.2.9,-0.2794917006994468,1
EC:3.5.3.1,0.0940089184825511,1
EC:3.5.3.11,-0.1225168301560161,1
EC:3.5.3.12,-0.360861961055634,1
EC:3.5.3.13,0.4193476605954251,1
EC:3.5.3.15,0.1308504212361647,1
EC:3.5.3.18,0.3412615378504435,1
EC:3.5.3.23,0.5979639601548961,1
EC:3.5.3.26,0.3077350532363488,1
EC:3.5.3.4,-0.7174158774513419,1
EC:3.5.3.6,-0.1757211339971577,1
EC:3.5.3.7,0.3599328241702718,1
EC:3.5.3.8,-0.4428545250471336,1
EC:3.5.3.9,0.7515403728146368,1
EC:3.5.4.1,0.6016496516474892,1
EC:3.5.4.10,0.0168088039287914,1
EC:3.5.4.12,-0.0397957224277413,1
EC:3.5.4.13,-0.1647507807706603,1
EC:3.5.4.16,-0.3186804032475427,1
EC:3.5.4.19,-0.0028594165457357,1
EC:3.5.4.2,0.4281453058310062,1
EC:3.5.4.25,3.609596335926724e-06,1
EC:3.5.4.26,0.1216748970835298,1
EC:3.5.4.28,-0.0226476220904431,1
EC:3.5.4.3,0.8503916270951799,1
EC:3.5.4.31,0.0046750660104918,1
EC:3.5.4.33,0.0810987032979115,1
EC:3.5.4.4,0.19555461387549,1
EC:3.5.4.40,-0.4542278660934853,1
EC:3.5.4.5,0.0743984448071742,1
EC:3.5.4.9,0.0424512814786928,1
EC:3.5.5.1,0.7457619249760994,1
EC:3.5.5.7,0.2202610737469752,1
EC:3.5.99.10,-0.0457755064693725,1
EC:3.5.99.2,-0.0126203998689269,1
EC:3.5.99.3,0.2243078719075686,1
EC:3.5.99.6,0.1231548997190873,1
EC:3.5.99.7,-0.29126911295002,1
EC:3.6.1.1,0.0309184008612037,1
EC:3.6.1.11,-0.0717304476054036,1
EC:3.6.1.13,0.0810097097143056,1
EC:3.6.1.15,0.5749948554846589,1
EC:3.6.1.22,0.3386282230326181,1
EC:3.6.1.23,0.1857295234270265,1
EC:3.6.1.25,0.5919687143127824,1
EC:3.6.1.26,0.5990567866810501,1
EC:3.6.1.27,0.0471501689332104,1
EC:3.6.1.31,0.0400134787140538,1
EC:3.6.1.40,-0.1735835078273222,1
EC:3.6.1.41,0.5289625207017981,1
EC:3.6.1.45,0.457064806276418,1
EC:3.6.1.54,0.0336980103787517,1
EC:3.6.1.55,0.0947013204165445,1
EC:3.6.1.63,0.4613856711721297,1
EC:3.6.1.65,0.5441641717204353,1
EC:3.6.1.66,-0.1252342701757517,1
EC:3.6.1.7,-0.0627282346489256,1
EC:3.6.1.8,0.2676862084288272,1
EC:3.6.3.12,0.3236162682834052,1
EC:3.6.3.14,0.1500451641412393,1
EC:3.6.3.16,-0.2450268880984399,1
EC:3.6.3.17,0.4885389152740917,1
EC:3.6.3.2,0.1041198164694208,1
EC:3.6.3.20,0.8345424311791727,1
EC:3.6.3.21,0.1506830123669388,1
EC:3.6.3.24,-0.2743078902875234,1
EC:3.6.3.25,0.6217254604627958,1
EC:3.6.3.27,0.0713631143599887,1
EC:3.6.3.28,-0.1495086433762213,1
EC:3.6.3.29,-0.1059423449870218,1
EC:3.6.3.3,0.4327310828462664,1
EC:3.6.3.30,0.2159083254834378,1
EC:3.6.3.31,0.1080089500610777,1
EC:3.6.3.32,0.2330656374447704,1
EC:3.6.3.33,0.5961571425175296,1
EC:3.6.3.34,0.0996753512902724,1
EC:3.6.3.36,0.7858443444151171,1
EC:3.6.3.4,-0.1524176734061911,1
EC:3.6.3.40,-0.1862870222552991,1
EC:3.6.3.41,0.3962008730913646,1
EC:3.6.3.44,-0.6010149804364429,1
EC:3.6.3.5,0.4029575759629002,1
EC:3.6.3.54,-0.0152791600832093,1
EC:3.6.3.55,-0.1628549802805624,1
EC:3.6.3.6,0.4974964450249834,1
EC:3.6.3.8,0.1716874677542452,1
EC:3.6.4.12,0.0504299891576227,1
EC:3.6.4.13,-0.0136588200195367,1
EC:3.7.1.12,0.3141751975484668,1
EC:3.7.1.14,-0.6805100052138129,1
EC:3.7.1.17,-0.6231547071482291,1
EC:3.7.1.2,-0.6646245746186512,1
EC:3.7.1.20,0.2157166996814886,1
EC:3.7.1.22,-0.1762893215710234,1
EC:3.7.1.3,-0.6925452162403194,1
EC:3.7.1.5,-0.6670108488133726,1
EC:3.7.1.9,-0.5934638234776013,1
EC:3.8.1.2,0.2999863889886003,1
EC:3.8.1.3,-0.6755954614704682,1
EC:3.8.1.5,-0.6991004233843334,1
EC:4.1.1.11,-0.0859498389616732,1
EC:4.1.1.12,0.2184523305654422,1
EC:4.1.1.15,-0.4230138040171894,1
EC:4.1.1.17,-0.2619572915701506,1
EC:4.1.1.18,0.1257243764516028,1
EC:4.1.1.19,0.2923521028391874,1
EC:4.1.1.2,0.1407090825281784,1
EC:4.1.1.20,-0.0024336398746057,1
EC:4.1.1.22,0.5131733052341994,1
EC:4.1.1.23,0.055110776595471,1
EC:4.1.1.28,-0.8769460513467422,1
EC:4.1.1.3,0.4451640877834399,1
EC:4.1.1.31,-0.1849176649904601,1
EC:4.1.1.32,-0.1376882122748493,1
EC:4.1.1.33,-0.139414827350106,1
EC:4.1.1.35,-0.740979024631548,1
EC:4.1.1.36,0.1408393237085388,1
EC:4.1.1.37,-0.3214656611854182,1
EC:4.1.1.39,-0.1349620249218979,1
EC:4.1.1.4,0.1758769756192669,1
EC:4.1.1.41,-0.2350078614111578,1
EC:4.1.1.44,0.3376106495617588,1
EC:4.1.1.45,-0.48485261509044,1
EC:4.1.1.47,-0.2043995514441546,1
EC:4.1.1.48,-0.1752906270074042,1
EC:4.1.1.49,0.0594315683119022,1
EC:4.1.1.5,-0.0381148482126868,1
EC:4.1.1.50,0.383440501085364,1
EC:4.1.1.55,0.1671440046375868,1
EC:4.1.1.64,-0.4983678405566619,1
EC:4.1.1.65,0.0462243775611875,1
EC:4.1.1.68,0.8645250318314499,1
EC:4.1.1.7,-0.2316329148526736,1
EC:4.1.1.70,0.1569052805593299,1
EC:4.1.1.71,-0.7251768807967163,1
EC:4.1.1.73,-0.1499728861379567,1
EC:4.1.1.74,-0.086261737331989,1
EC:4.1.1.77,-0.5229348083645389,1
EC:4.1.1.8,-0.4452971071567891,1
EC:4.1.1.81,0.1954763782029247,1
EC:4.1.1.82,-0.3971541008679401,1
EC:4.1.1.83,-0.5594762922657275,1
EC:4.1.1.85,0.3670767932269296,1
EC:4.1.1.86,-0.2904290981153274,1
EC:4.1.1.87,0.4709490373544941,1
EC:4.1.1.96,-0.3167508035144378,1
EC:4.1.1.97,-0.2148237847424387,1
EC:4.1.1.98,0.4300944562022879,1
EC:4.1.2.13,-0.0681998530468616,1
EC:4.1.2.14,0.3248678541872258,1
EC:4.1.2.17,0.3484082772333246,1
EC:4.1.2.19,0.4713759844676075,1
EC:4.1.2.20,0.7904566622889073,1
EC:4.1.2.21,0.7435738673297778,1
EC:4.1.2.22,0.1256232487252483,1
EC:4.1.2.25,-0.2399390140744557,1
EC:4.1.2.29,0.2253795194908149,1
EC:4.1.2.4,-0.0469217086936736,1
EC:4.1.2.40,0.200261610855469,1
EC:4.1.2.41,-0.629889659813462,1
EC:4.1.2.43,-0.8673381060069716,1
EC:4.1.2.44,-0.4995966169900321,1
EC:4.1.2.5,0.013206575536254,1
EC:4.1.2.50,-0.575923462796049,1
EC:4.1.2.52,0.9432225699979292,1
EC:4.1.2.53,-0.1118685129145526,1
EC:4.1.2.56,0.2442436234853446,1
EC:4.1.2.57,0.4149431069354375,1
EC:4.1.2.9,0.1150559043043287,1
EC:4.1.3.1,-0.2233486176699299,1
EC:4.1.3.17,-0.5584320173669046,1
EC:4.1.3.24,-0.644278538796577,1
EC:4.1.3.25,-0.5067577574730686,1
EC:4.1.3.27,-0.216021758007507,1
EC:4.1.3.3,-0.3485441289641099,1
EC:4.1.3.30,0.2572005635335606,1
EC:4.1.3.34,-0.0428711484440596,1
EC:4.1.3.36,-0.4671609080838974,1
EC:4.1.3.38,-0.4748823751873723,1
EC:4.1.3.39,-0.3969643594950814,1
EC:4.1.3.4,-0.2121702834234262,1
EC:4.1.3.40,0.5851319331045985,1
EC:4.1.3.42,0.2959670768239997,1
EC:4.1.3.46,-0.177700568009738,1
EC:4.1.99.1,-0.546973322828807,1
EC:4.1.99.12,-0.0545624517630417,1
EC:4.1.99.14,0.0224306237883307,1
EC:4.1.99.16,-0.7884021198374771,1
EC:4.1.99.17,0.2097729157081552,1
EC:4.1.99.18,-0.0630615552364937,1
EC:4.1.99.19,0.4226073657476397,1
EC:4.1.99.2,-0.3090760896667285,1
EC:4.1.99.20,-0.4475433060289304,1
EC:4.1.99.3,-0.1724727766366924,1
EC:4.2.1.1,0.2763359460818643,1
EC:4.2.1.10,0.0812571266715391,1
EC:4.2.1.101,-0.629889659813462,1
EC:4.2.1.103,-0.0885380240617082,1
EC:4.2.1.104,-0.0925160823633257,1
EC:4.2.1.106,0.4067422501038489,1
EC:4.2.1.108,-0.672473767001998,1
EC:4.2.1.109,0.8311126086340423,1
EC:4.2.1.11,0.1059781960198988,1
EC:4.2.1.113,-0.5012376215874679,1
EC:4.2.1.114,0.0465493051677478,1
EC:4.2.1.115,-0.4565606047869897,1
EC:4.2.1.12,-0.2714126546594185,1
EC:4.2.1.120,0.0261543344876385,1
EC:4.2.1.126,-0.0968185798245556,1
EC:4.2.1.129,-1.1014666780538318,1
EC:4.2.1.130,-0.0640313692761944,1
EC:4.2.1.135,-0.0136416637799223,1
EC:4.2.1.144,-0.4887012704812134,1
EC:4.2.1.149,-0.1038163155231613,1
EC:4.2.1.151,-0.7916657379725172,1
EC:4.2.1.153,-0.8604572055588815,1
EC:4.2.1.17,0.1584624203190041,1
EC:4.2.1.18,-0.5854988099030516,1
EC:4.2.1.19,-0.0084163775282841,1
EC:4.2.1.2,0.0428073547495689,1
EC:4.2.1.20,-0.2290692481534443,1
EC:4.2.1.22,-0.0703657131897654,1
EC:4.2.1.24,-0.2430275555504339,1
EC:4.2.1.28,-0.7687916475082734,1
EC:4.2.1.3,-0.0437488177412803,1
EC:4.2.1.30,-0.5378159125365158,1
EC:4.2.1.32,0.4404566021949802,1
EC:4.2.1.33,-0.0730687140109644,1
EC:4.2.1.35,-0.0725427218830752,1
EC:4.2.1.40,0.2235904489242639,1
EC:4.2.1.41,-0.369053472773623,1
EC:4.2.1.42,0.7273982415582396,1
EC:4.2.1.44,-0.2414631563311292,1
EC:4.2.1.45,0.4520900582795225,1
EC:4.2.1.46,0.2829875119281264,1
EC:4.2.1.47,0.3423741267277381,1
EC:4.2.1.49,-0.4049457119999022,1
EC:4.2.1.5,0.6243049611392824,1
EC:4.2.1.51,0.1024564466147915,1
EC:4.2.1.53,-0.0281443839410999,1
EC:4.2.1.55,0.3945359768021092,1
EC:4.2.1.59,0.0538692097993759,1
EC:4.2.1.6,-0.1379641030923072,1
EC:4.2.1.68,-0.5260828879952462,1
EC:4.2.1.7,0.2751125253914624,1
EC:4.2.1.75,-0.2225135520141579,1
EC:4.2.1.77,0.3437031801387924,1
EC:4.2.1.79,-0.2088750763995456,1
EC:4.2.1.8,0.2765716808633283,1
EC:4.2.1.80,-0.3790095773272778,1
EC:4.2.1.83,0.2007604733207464,1
EC:4.2.1.84,-0.5180046824557007,1
EC:4.2.1.9,-0.2227420330416714,1
EC:4.2.1.90,-0.7561783738346599,1
EC:4.2.1.91,-0.1099190188894574,1
EC:4.2.1.96,-0.8937027280257765,1
EC:4.2.1.99,0.5358843248538792,1
EC:4.2.2.1,-0.1013424560748004,1
EC:4.2.2.2,-0.7255992578118773,1
EC:4.2.2.20,0.3364149342392474,1
EC:4.2.2.21,0.3364149342392474,1
EC:4.2.2.23,0.0221616100033191,1
EC:4.2.2.3,0.1287995491393571,1
EC:4.2.2.5,-0.0117494427811783,1
EC:4.2.2.6,0.2016178887336446,1
EC:4.2.2.7,0.1409710416391461,1
EC:4.2.2.8,0.2318488085877082,1
EC:4.2.3.1,-0.0188817505526233,1
EC:4.2.3.118,-0.0849854797452761,1
EC:4.2.3.12,-0.586377777409659,1
EC:4.2.3.22,-0.7884021198374771,1
EC:4.2.3.3,0.5217942212113149,1
EC:4.2.3.37,-0.1403460093348466,1
EC:4.2.3.4,0.0730346026422904,1
EC:4.2.3.5,0.1035617574723256,1
EC:4.2.3.75,-0.7884021198374771,1
EC:4.2.99.18,0.0083413654416732,1
EC:4.2.99.20,-0.6464646865699137,1
EC:4.2.99.21,-0.7300573962088599,1
EC:4.3.1.1,0.1963848557705287,1
EC:4.3.1.12,-0.1962485549548146,1
EC:4.3.1.14,0.2887057430288667,1
EC:4.3.1.15,0.4900075445791512,1
EC:4.3.1.17,-0.0027559635383075,1
EC:4.3.1.18,-0.0893328865075682,1
EC:4.3.1.19,-0.0678071970270933,1
EC:4.3.1.2,-0.6241465879109527,1
EC:4.3.1.29,0.0161859547900581,1
EC:4.3.1.3,-0.4126862878948407,1
EC:4.3.1.4,-1.0296014640364386,1
EC:4.3.1.7,-0.0487325033137762,1
EC:4.3.2.1,-0.0781053574621886,1
EC:4.3.2.2,0.055672467779461,1
EC:4.3.2.3,0.3482390219452618,1
EC:4.3.2.6,0.1830704379255719,1
EC:4.3.3.6,-0.6147009634485492,1
EC:4.3.3.7,0.0192780614253092,1
EC:4.3.99.3,-0.3465559389465961,1
EC:4.4.1.1,-0.538260176011295,1
EC:4.4.1.11,0.6290232715605337,1
EC:4.4.1.15,0.2927979800841086,1
EC:4.4.1.16,-0.099800887024038,1
EC:4.4.1.19,-0.5996358508269033,1
EC:4.4.1.2,-0.0209172599398966,1
EC:4.4.1.21,0.1008107973786028,1
EC:4.4.1.24,0.8250758751985259,1
EC:4.4.1.25,1.149928545227891,1
EC:4.4.1.5,0.3555107445883719,1
EC:4.4.1.8,0.0871589285607068,1
EC:4.6.1.1,-0.2593846446362425,1
EC:4.6.1.12,0.387613126106041,1
EC:4.6.1.13,0.1156364413342453,1
EC:4.7.1.1,0.3227532044932175,1
EC:4.99.1.1,-0.3355310091878261,1
EC:4.99.1.3,0.2455814015214077,1
EC:4.99.1.4,-0.0957397561771619,1
EC:5.1.1.1,0.0415206948241937,1
EC:5.1.1.13,0.4224130288950322,1
EC:5.1.1.17,0.4671979624770351,1
EC:5.1.1.18,0.9732705618650132,1
EC:5.1.1.3,0.1301802713695414,1
EC:5.1.1.4,0.2049128748068873,1
EC:5.1.1.7,0.534539582116155,1
EC:5.1.2.3,-0.1202682483478927,1
EC:5.1.3.1,0.0364653660215759,1
EC:5.1.3.10,0.4401138831567158,1
EC:5.1.3.13,0.2534279668108751,1
EC:5.1.3.14,-0.0169285399727139,1
EC:5.1.3.15,0.1104076627951617,1
EC:5.1.3.2,0.2755377552842871,1
EC:5.1.3.20,0.252648172657535,1
EC:5.1.3.22,0.083950273515973,1
EC:5.1.3.23,-0.4397747274865995,1
EC:5.1.3.24,-0.1218341536452778,1
EC:5.1.3.25,-0.7084083793310818,1
EC:5.1.3.29,0.1015540305648547,1
EC:5.1.3.3,-0.011322724673592,1
EC:5.1.3.30,0.121404829482347,1
EC:5.1.3.31,0.1251597035699784,1
EC:5.1.3.32,-0.2005933480039484,1
EC:5.1.3.4,0.5103140453724249,1
EC:5.1.3.6,-0.2866048305395769,1
EC:5.1.3.7,-0.2984193567639936,1
EC:5.1.3.8,-0.0069051310783228,1
EC:5.1.3.9,0.2728508647864194,1
EC:5.1.99.1,-0.5205434692305833,1
EC:5.1.99.3,0.2379558421313504,1
EC:5.1.99.4,-0.7207375610115863,1
EC:5.1.99.6,0.5923946850161319,1
EC:5.2.1.1,-0.1070424617262434,1
EC:5.2.1.2,0.3632850094935622,1
EC:5.2.1.4,-0.6456086614735745,1
EC:5.2.1.8,0.0631071503051334,1
EC:5.3.1.1,0.0233088732024704,1
EC:5.3.1.12,0.2412065143057843,1
EC:5.3.1.13,0.5435783541825123,1
EC:5.3.1.14,0.1187346312229896,1
EC:5.3.1.16,0.0178928242200273,1
EC:5.3.1.17,0.1958465125383007,1
EC:5.3.1.22,-0.6330720242286454,1
EC:5.3.1.23,-0.2922478427116149,1
EC:5.3.1.24,-0.1932845815060261,1
EC:5.3.1.25,-0.1101570521662758,1
EC:5.3.1.26,-0.0850175507596041,1
EC:5.3.1.27,-0.2206306090840031,1
EC:5.3.1.28,-0.032713327908173,1
EC:5.3.1.29,0.7857257143416752,1
EC:5.3.1.30,-0.1939940983688196,1
EC:5.3.1.31,0.5582565784296016,1
EC:5.3.1.4,0.4335325194824538,1
EC:5.3.1.5,0.1336176318632854,1
EC:5.3.1.6,0.029266947690176,1
EC:5.3.1.8,-0.0870702594390731,1
EC:5.3.1.9,0.0205529256208481,1
EC:5.3.2.5,-0.7089155320182587,1
EC:5.3.2.6,-0.0211483712190364,1
EC:5.3.2.8,-0.5425184665448912,1
EC:5.3.3.10,0.2603799483175828,1
EC:5.3.3.14,0.111163712905841,1
EC:5.3.3.17,0.4285881081546912,1
EC:5.3.3.18,-0.1473710752670396,1
EC:5.3.3.2,-0.0875177718296111,1
EC:5.3.3.3,0.0299386742990822,1
EC:5.3.3.4,-0.9518316240932468,1
EC:5.3.3.8,0.6363029781460106,1
EC:5.3.4.1,0.4875878308496935,1
EC:5.3.99.10,-0.0662002541779177,1
EC:5.3.99.11,-0.5893574785930018,1
EC:5.4.1.3,-0.1984678527774556,1
EC:5.4.2.10,0.1412886854771297,1
EC:5.4.2.11,-0.0677181006907127,1
EC:5.4.2.12,0.025130540130568,1
EC:5.4.2.2,0.1023249665397866,1
EC:5.4.2.6,0.0606928409816974,1
EC:5.4.2.7,0.1053847690549487,1
EC:5.4.2.8,-0.342794235040221,1
EC:5.4.2.9,-0.2628666660451185,1
EC:5.4.3.2,0.0939922127083279,1
EC:5.4.3.3,0.1738765234666857,1
EC:5.4.3.5,0.7935523782951364,1
EC:5.4.3.8,-0.5146044716649085,1
EC:5.4.4.2,-0.5868879126042046,1
EC:5.4.99.1,-0.8812695862774533,1
EC:5.4.99.12,0.09729124881992,1
EC:5.4.99.15,-0.1095165559951769,1
EC:5.4.99.16,-0.3494363266761341,1
EC:5.4.99.17,-1.101251657829008,1
EC:5.4.99.18,0.0115325775769315,1
EC:5.4.99.19,0.1258758898000632,1
EC:5.4.99.2,-0.4144989807620391,1
EC:5.4.99.20,-0.3726690412757661,1
EC:5.4.99.21,0.3577763270090818,1
EC:5.4.99.22,-0.0649069532905245,1
EC:5.4.99.23,0.0163017910441196,1
EC:5.4.99.24,0.7857547496139636,1
EC:5.4.99.25,0.0551968472632425,1
EC:5.4.99.26,0.4557855355338871,1
EC:5.4.99.27,0.5372218084446911,1
EC:5.4.99.28,0.0734105023006116,1
EC:5.4.99.29,0.0734105023006116,1
EC:5.4.99.5,-0.1380784068948654,1
EC:5.4.99.60,0.32849480085613,1
EC:5.4.99.61,0.3058511418289278,1
EC:5.4.99.62,-0.2432870313878229,1
EC:5.4.99.9,-0.0823529419758946,1
EC:5.5.1.1,-0.8911323242163267,1
EC:5.5.1.19,-0.5269662836480242,1
EC:5.5.1.2,-0.4215565942942207,1
EC:5.5.1.4,-0.9406711377656384,1
EC:5.99.1.2,0.1142315667501505,1
EC:5.99.1.3,0.0722704128292093,1
EC:6.1.1.1,0.0595903440914063,1
EC:6.1.1.10,0.0502359408314576,1
EC:6.1.1.11,0.0646744482127788,1
EC:6.1.1.12,0.0437368048748029,1
EC:6.1.1.13,-0.1815411524860975,1
EC:6.1.1.14,0.077510432565627,1
EC:6.1.1.15,0.0660165955319061,1
EC:6.1.1.16,0.0696117332061471,1
EC:6.1.1.17,0.3568390269636728,1
EC:6.1.1.18,0.4386543087510981,1
EC:6.1.1.19,0.058157696574546,1
EC:6.1.1.2,0.0593940091036097,1
EC:6.1.1.20,0.052368485416173,1
EC:6.1.1.21,0.0538236457043217,1
EC:6.1.1.22,0.0783049339064862,1
EC:6.1.1.23,0.343659805893105,1
EC:6.1.1.24,-0.0439246987390308,1
EC:6.1.1.3,0.0138751556705378,1
EC:6.1.1.4,0.0593082498102734,1
EC:6.1.1.5,0.0551507960587975,1
EC:6.1.1.6,0.0258853423568059,1
EC:6.1.1.7,0.0926386128394181,1
EC:6.1.1.9,0.0545850790812478,1
EC:6.1.2.1,-0.0132860847990333,1
EC:6.2.1.1,-0.5204538471958804,1
EC:6.2.1.13,0.4199683145569772,1
EC:6.2.1.14,-0.4412819701277313,1
EC:6.2.1.16,-0.6355820718023555,1
EC:6.2.1.17,-0.8367362694043807,1
EC:6.2.1.20,0.1320036631613044,1
EC:6.2.1.22,-0.2727570229363318,1
EC:6.2.1.25,-0.2767040642977927,1
EC:6.2.1.26,-0.4646415119326296,1
EC:6.2.1.3,-0.2416725365462445,1
EC:6.2.1.30,-0.2064692771926781,1
EC:6.2.1.31,-0.1701090408991191,1
EC:6.2.1.32,-0.4486978575234112,1
EC:6.2.1.34,-0.4663484469727479,1
EC:6.2.1.5,-0.6785248329619644,1
EC:6.3.1.1,0.2461944767035631,1
EC:6.3.1.10,0.0449082398001726,1
EC:6.3.1.11,0.593734769007328,1
EC:6.3.1.12,0.5430024100676835,1
EC:6.3.1.13,-0.686620992052599,1
EC:6.3.1.2,0.0285190527679832,1
EC:6.3.1.5,0.1210205158048992,1
EC:6.3.1.8,0.5162866161940052,1
EC:6.3.2.1,-0.0285571657497065,1
EC:6.3.2.10,0.0636110122172902,1
EC:6.3.2.12,0.0259674130935152,1
EC:6.3.2.13,0.3037396990293743,1
EC:6.3.2.17,0.0248452406729504,1
EC:6.3.2.2,0.3016867095297468,1
EC:6.3.2.29,-0.067704261366959,1
EC:6.3.2.3,0.6342620594466699,1
EC:6.3.2.30,-0.0680881503120818,1
EC:6.3.2.31,-0.678174727452493,1
EC:6.3.2.32,0.429076709225932,1
EC:6.3.2.34,-0.678174727452493,1
EC:6.3.2.35,0.6979141744149382,1
EC:6.3.2.38,0.8535219655378854,1
EC:6.3.2.39,0.8953531896966402,1
EC:6.3.2.4,0.0679392382711933,1
EC:6.3.2.43,0.3070382422832505,1
EC:6.3.2.5,0.1094864330152759,1
EC:6.3.2.6,0.0211351932034298,1
EC:6.3.2.7,-0.2157607794623777,1
EC:6.3.2.8,0.0817463765804234,1
EC:6.3.2.9,0.0474338785258849,1
EC:6.3.3.1,-0.0136397917590336,1
EC:6.3.3.2,0.167344906260459,1
EC:6.3.3.3,-0.3557424035742951,1
EC:6.3.4.13,0.0050912217547804,1
EC:6.3.4.14,-0.0327471480027045,1
EC:6.3.4.15,0.0033542615389201,1
EC:6.3.4.18,-0.1029495287230623,1
EC:6.3.4.19,0.0468292690075809,1
EC:6.3.4.2,-0.0089606632212976,1
EC:6.3.4.20,-0.5486199210966596,1
EC:6.3.4.21,0.0853317813969883,1
EC:6.3.4.3,-0.0714595117637563,1
EC:6.3.4.4,0.0573337402660299,1
EC:6.3.4.5,-0.0472467754330049,1
EC:6.3.4.6,0.541392486265365,1
EC:6.3.5.1,0.1607285599877735,1
EC:6.3.5.10,0.2312123037704245,1
EC:6.3.5.11,0.1603191560764755,1
EC:6.3.5.2,0.0279107108752963,1
EC:6.3.5.3,-0.0718450087127687,1
EC:6.3.5.4,0.4547453375546908,1
EC:6.3.5.5,0.0267249604594832,1
EC:6.3.5.6,-0.0923668537592981,1
EC:6.3.5.7,-0.0933211113139926,1
EC:6.3.5.9,0.1618273442107623,1
EC:6.4.1.1,-0.4658851976231815,1
EC:6.4.1.2,0.0462265625985717,1
EC:6.4.1.3,-1.0303325370561938,1
EC:6.4.1.4,-0.6209738593762326,1
EC:6.5.1.1,-0.1215362526414209,1
EC:6.5.1.2,0.0543039118371753,1
EC:6.5.1.3,-0.3695476173817605,1
EC:6.5.1.4,-0.171685971705002,1
EC:6.5.1.6,-0.2699761164371174,1
EC:6.5.1.7,-0.2932150419182677,1
EC:6.6.1.1,-0.4436264166181183,1
EC:6.6.1.2,-0.3931736680193722,1
